timestamp,cpu_usage_percent,memory_usage_percent,memory_used_mb,disk_usage_percent,bytes_sent,bytes_received,request_latency_ms,error_count,active_processes,server_id,server_name,region,environment,network_total,cpu_memory_ratio,cpu_change,memory_change,latency_per_process,anomaly
2026-06-08T11:12:59.149714,48.6,90.6,7100.05,74.4,91043804.0,45926142.0,147.91,0,335,SRV001,web-server-01,ap-south-1,production,136969946.0,0.5305676855895197,0.0,0.0,0.4402083333333333,0
2026-06-08T11:13:05.314616,26.4,91.0,7129.16,74.4,91071166.0,45946253.0,136.55,0,337,SRV002,api-server-01,ap-south-1,production,137017419.0,0.28695652173913044,-22.200000000000003,0.4000000000000057,0.40399408284023675,0
2026-06-08T11:13:11.540021,47.9,91.9,7200.05,74.4,91098973.0,45970633.0,170.59,0,337,SRV003,database-server-01,us-east-1,production,137069606.0,0.5156081808396125,21.5,0.9000000000000057,0.5047041420118343,0
2026-06-08T11:13:17.694905,9.5,92.5,7245.87,74.4,91115694.0,45982198.0,103.63,0,337,SRV004,cache-server-01,eu-west-1,staging,137097892.0,0.10160427807486631,-38.4,0.5999999999999943,0.30659763313609467,0
2026-06-08T11:13:23.850596,33.0,92.6,7257.01,74.4,91132833.0,45994622.0,129.45,0,338,SRV005,worker-server-01,ap-south-1,development,137127455.0,0.3525641025641026,23.5,0.09999999999999432,0.38185840707964597,0
2026-06-08T11:13:29.993599,24.8,88.0,6898.87,74.4,91152075.0,46006314.0,108.48,0,337,SRV001,web-server-01,ap-south-1,production,137158389.0,0.2786516853932584,-8.2,-4.599999999999994,0.3209467455621302,0
2026-06-08T11:13:36.117234,13.2,87.7,6874.81,74.4,91168862.0,46018511.0,96.06,0,336,SRV002,api-server-01,ap-south-1,production,137187373.0,0.14881623449830889,-11.600000000000001,-0.29999999999999716,0.2850445103857567,0
2026-06-08T11:13:42.280798,28.7,87.7,6872.73,74.4,91181185.0,46028794.0,119.4,0,336,SRV003,database-server-01,us-east-1,production,137209979.0,0.32356257046223225,15.5,0.0,0.3543026706231454,0
2026-06-08T11:13:48.422920,25.8,88.6,6944.96,74.4,91201761.0,46048808.0,106.78,0,336,SRV004,cache-server-01,eu-west-1,staging,137250569.0,0.2879464285714286,-2.8999999999999986,0.8999999999999915,0.3168545994065282,0
2026-06-08T11:13:54.662803,13.6,89.0,6971.2,74.4,91218270.0,46067689.0,202.41,0,336,SRV005,worker-server-01,ap-south-1,development,137285959.0,0.1511111111111111,-12.200000000000001,0.4000000000000057,0.6006231454005935,0
2026-06-08T11:14:00.795334,52.3,90.6,7101.47,74.4,91239788.0,46199425.0,90.98,0,338,SRV001,web-server-01,ap-south-1,production,137439213.0,0.5709606986899564,38.699999999999996,1.5999999999999943,0.26837758112094395,0
2026-06-08T11:14:06.934830,45.6,87.1,6823.69,74.4,91310075.0,46325200.0,124.7,0,337,SRV002,api-server-01,ap-south-1,production,137635275.0,0.5175936435868332,-6.699999999999996,-3.5,0.3689349112426036,0
2026-06-08T11:14:13.096646,68.8,89.2,6993.2,74.4,91362013.0,46478788.0,124.0,0,339,SRV003,database-server-01,us-east-1,production,137840801.0,0.7627494456762749,23.199999999999996,2.1000000000000085,0.36470588235294116,0
2026-06-08T11:14:19.203948,32.2,88.5,6932.37,74.4,91398989.0,46499361.0,78.44,0,337,SRV004,cache-server-01,eu-west-1,staging,137898350.0,0.35977653631284917,-36.599999999999994,-0.7000000000000028,0.23207100591715976,0
2026-06-08T11:14:25.371100,34.5,89.3,6997.93,74.4,91412052.0,46509678.0,137.01,0,337,SRV005,worker-server-01,ap-south-1,development,137921730.0,0.38205980066445183,2.299999999999997,0.7999999999999972,0.4053550295857988,0
2026-06-08T11:14:31.515623,43.7,91.6,7179.52,74.4,91428205.0,46520735.0,102.32,0,337,SRV001,web-server-01,ap-south-1,production,137948940.0,0.47192224622030243,9.200000000000003,2.299999999999997,0.3027218934911242,0
2026-06-08T11:14:37.650710,17.6,90.8,7117.37,74.4,91443684.0,46531894.0,105.38,0,336,SRV002,api-server-01,ap-south-1,production,137975578.0,0.1917211328976035,-26.1,-0.7999999999999972,0.31270029673590505,0
2026-06-08T11:14:43.803217,30.7,91.5,7166.46,74.4,91480323.0,46551568.0,122.22,0,336,SRV003,database-server-01,us-east-1,production,138031891.0,0.3318918918918919,13.099999999999998,0.7000000000000028,0.3626706231454006,0
2026-06-08T11:14:50.020526,62.3,91.6,7178.71,74.4,91535975.0,46573727.0,111.33,0,336,SRV004,cache-server-01,eu-west-1,staging,138109702.0,0.6727861771058316,31.599999999999998,0.09999999999999432,0.3303560830860534,0
2026-06-08T11:14:56.193454,35.4,90.4,7080.66,74.4,91710325.0,46684108.0,117.15,0,336,SRV005,worker-server-01,ap-south-1,development,138394433.0,0.387308533916849,-26.9,-1.1999999999999886,0.34762611275964395,0
2026-06-08T11:15:02.542413,82.0,90.8,7115.2,74.4,91766263.0,46707296.0,100.35,0,338,SRV001,web-server-01,ap-south-1,production,138473559.0,0.8932461873638344,46.6,0.3999999999999915,0.2960176991150442,0
2026-06-08T11:15:08.686774,53.8,93.0,7284.44,74.4,91819835.0,46729666.0,113.22,0,338,SRV002,api-server-01,ap-south-1,production,138549501.0,0.5723404255319149,-28.200000000000003,2.200000000000003,0.33398230088495573,0
2026-06-08T11:15:14.831093,43.0,88.6,6943.11,74.4,91855901.0,46754100.0,106.51,0,338,SRV003,database-server-01,us-east-1,production,138610001.0,0.4799107142857143,-10.799999999999997,-4.400000000000006,0.314188790560472,0
2026-06-08T11:15:20.974637,27.2,84.2,6594.36,74.4,92011208.0,46820800.0,110.81,0,338,SRV004,cache-server-01,eu-west-1,staging,138832008.0,0.3192488262910798,-15.8,-4.3999999999999915,0.3268731563421829,0
2026-06-08T11:15:27.144054,30.1,84.5,6624.39,74.4,92050410.0,46835498.0,141.2,0,338,SRV005,worker-server-01,ap-south-1,development,138885908.0,0.352046783625731,2.900000000000002,0.29999999999999716,0.4165191740412979,0
2026-06-08T11:15:33.388006,24.1,84.8,6648.07,74.4,92069122.0,46847578.0,197.4,0,338,SRV001,web-server-01,ap-south-1,production,138916700.0,0.2808857808857809,-6.0,0.29999999999999716,0.5823008849557523,0
2026-06-08T11:15:39.510036,43.0,85.4,6691.67,74.4,92096755.0,46861913.0,87.54,0,338,SRV002,api-server-01,ap-south-1,production,138958668.0,0.4976851851851852,18.9,0.6000000000000085,0.2582300884955752,0
2026-06-08T11:15:45.664174,21.1,85.5,6697.25,74.4,92114735.0,46873976.0,122.21,0,338,SRV003,database-server-01,us-east-1,production,138988711.0,0.2439306358381503,-21.9,0.09999999999999432,0.3605014749262537,0
2026-06-08T11:15:51.919492,30.5,86.0,6734.82,74.4,92138355.0,46886226.0,217.94,0,338,SRV004,cache-server-01,eu-west-1,staging,139024581.0,0.3505747126436782,9.399999999999999,0.5,0.6428908554572271,0
2026-06-08T11:15:58.145405,19.5,86.7,6790.75,74.4,92181695.0,46902466.0,182.86,0,338,SRV005,worker-server-01,ap-south-1,development,139084161.0,0.22234891676168755,-11.0,0.7000000000000028,0.5394100294985251,0
2026-06-08T11:16:04.289775,35.7,86.1,6744.16,74.4,92199403.0,46914079.0,113.11,0,336,SRV001,web-server-01,ap-south-1,production,139113482.0,0.40987370838117115,16.200000000000003,-0.6000000000000085,0.3356379821958457,0
2026-06-08T11:16:10.460365,27.1,86.4,6769.83,74.4,92224651.0,46927105.0,138.78,0,336,SRV002,api-server-01,ap-south-1,production,139151756.0,0.3100686498855835,-8.600000000000001,0.30000000000001137,0.41181008902077154,0
2026-06-08T11:16:16.602199,22.4,86.5,6777.17,74.4,92267654.0,46944309.0,92.35,0,336,SRV003,database-server-01,us-east-1,production,139211963.0,0.256,-4.700000000000003,0.09999999999999432,0.27403560830860535,0
2026-06-08T11:16:22.837154,16.0,86.3,6762.44,74.4,92282454.0,46959767.0,200.64,0,336,SRV004,cache-server-01,eu-west-1,staging,139242221.0,0.18327605956471937,-6.399999999999999,-0.20000000000000284,0.5953709198813056,0
2026-06-08T11:16:28.992223,22.3,86.4,6769.2,74.4,92300417.0,46971160.0,122.62,0,336,SRV005,worker-server-01,ap-south-1,development,139271577.0,0.2551487414187643,6.300000000000001,0.10000000000000853,0.3638575667655786,0
2026-06-08T11:16:35.112017,36.7,85.6,6710.79,74.4,92318275.0,46982427.0,83.27,0,336,SRV001,web-server-01,ap-south-1,production,139300702.0,0.42378752886836035,14.400000000000002,-0.8000000000000114,0.2470919881305638,0
2026-06-08T11:16:41.257898,31.6,86.5,6774.29,74.4,92336825.0,46994096.0,117.66,0,336,SRV002,api-server-01,ap-south-1,production,139330921.0,0.36114285714285715,-5.100000000000001,0.9000000000000057,0.3491394658753709,0
2026-06-08T11:16:47.504036,12.7,86.2,6752.13,74.4,92354975.0,47005463.0,199.93,0,336,SRV003,database-server-01,us-east-1,production,139360438.0,0.14564220183486237,-18.900000000000002,-0.29999999999999716,0.5932640949554896,0
2026-06-08T11:16:53.647754,23.8,86.1,6746.95,74.4,92369699.0,47015525.0,115.63,0,336,SRV004,cache-server-01,eu-west-1,staging,139385224.0,0.27324913892078073,11.100000000000001,-0.10000000000000853,0.34311572700296733,0
2026-06-08T11:16:59.791192,19.4,86.2,6751.6,74.4,92389506.0,47027987.0,119.21,0,336,SRV005,worker-server-01,ap-south-1,development,139417493.0,0.22247706422018346,-4.400000000000002,0.10000000000000853,0.35373887240356083,0
2026-06-08T11:17:05.935258,10.0,86.4,6771.88,74.4,92435082.0,47048159.0,97.86,0,336,SRV001,web-server-01,ap-south-1,production,139483241.0,0.11441647597254004,-9.399999999999999,0.20000000000000284,0.29038575667655786,0
2026-06-08T11:17:12.079570,18.9,84.1,6592.82,74.4,92463626.0,47059812.0,120.37,0,336,SRV002,api-server-01,ap-south-1,production,139523438.0,0.22209165687426558,8.899999999999999,-2.3000000000000114,0.35718100890207716,0
2026-06-08T11:17:18.223309,15.5,84.4,6615.88,74.4,92502200.0,47075516.0,116.07,0,335,SRV003,database-server-01,us-east-1,production,139577716.0,0.18149882903981263,-3.3999999999999986,0.30000000000001137,0.34544642857142854,0
2026-06-08T11:17:24.385929,55.6,89.4,7005.46,74.4,92524129.0,47104396.0,133.09,0,336,SRV004,cache-server-01,eu-west-1,staging,139628525.0,0.6150442477876106,40.1,5.0,0.3949258160237389,0
2026-06-08T11:17:31.333238,14.1,89.1,6980.7,74.4,92548569.0,47123637.0,914.95,0,337,SRV005,worker-server-01,ap-south-1,development,139672206.0,0.1564927857935627,-41.5,-0.30000000000001137,2.7069526627218936,0
2026-06-08T11:17:37.474660,28.0,89.5,7014.91,74.4,92582628.0,47155186.0,102.45,0,337,SRV001,web-server-01,ap-south-1,production,139737814.0,0.30939226519337015,13.9,0.4000000000000057,0.30310650887573964,0
2026-06-08T11:17:43.618923,15.9,89.4,7005.16,74.4,92603901.0,47171633.0,109.59,0,338,SRV002,api-server-01,ap-south-1,production,139775534.0,0.17588495575221239,-12.1,-0.09999999999999432,0.32327433628318586,0
2026-06-08T11:17:49.762560,11.9,89.9,7048.01,74.4,92623122.0,47183412.0,107.32,0,338,SRV003,database-server-01,us-east-1,production,139806534.0,0.1309130913091309,-4.0,0.5,0.3165781710914454,0
2026-06-08T11:17:55.907061,18.3,90.0,7054.89,74.4,92640227.0,47199373.0,108.57,0,338,SRV004,cache-server-01,eu-west-1,staging,139839600.0,0.2010989010989011,6.4,0.09999999999999432,0.3202654867256637,0
2026-06-08T11:18:02.152872,6.5,88.9,6966.63,74.4,92659485.0,47210974.0,205.53,0,338,SRV005,worker-server-01,ap-south-1,development,139870459.0,0.07230255839822024,-11.8,-1.0999999999999943,0.606283185840708,0
2026-06-08T11:18:08.298829,17.0,88.2,6913.36,74.4,92686497.0,47231295.0,100.68,0,337,SRV001,web-server-01,ap-south-1,production,139917792.0,0.1905829596412556,10.5,-0.7000000000000028,0.2978698224852071,0
2026-06-08T11:18:14.441285,8.8,88.9,6963.88,74.4,92702808.0,47244587.0,101.36,0,337,SRV002,api-server-01,ap-south-1,production,139947395.0,0.09788654060066741,-8.2,0.7000000000000028,0.2998816568047337,0
2026-06-08T11:18:20.585453,35.1,85.7,6712.98,74.4,92721960.0,47255427.0,113.42,0,337,SRV003,database-server-01,us-east-1,production,139977387.0,0.40484429065743943,26.3,-3.200000000000003,0.3355621301775148,0
2026-06-08T11:18:26.729159,17.2,85.6,6708.41,74.4,92742447.0,47266662.0,99.99,0,337,SRV004,cache-server-01,eu-west-1,staging,140009109.0,0.19861431870669746,-17.900000000000002,-0.10000000000000853,0.29582840236686386,0
2026-06-08T11:18:32.975711,17.1,87.1,6827.21,74.4,92782931.0,47297903.0,203.74,0,340,SRV005,worker-server-01,ap-south-1,development,140080834.0,0.19409761634506245,-0.09999999999999787,1.5,0.5974780058651027,0
2026-06-08T11:18:39.120576,39.3,87.5,6855.0,74.4,92805699.0,47321315.0,113.83,0,342,SRV001,web-server-01,ap-south-1,production,140127014.0,0.4440677966101695,22.199999999999996,0.4000000000000057,0.331865889212828,0
2026-06-08T11:18:45.282146,32.1,87.7,6871.71,74.4,92822712.0,47332528.0,124.19,0,340,SRV002,api-server-01,ap-south-1,production,140155240.0,0.36189402480270577,-7.199999999999996,0.20000000000000284,0.3641935483870968,0
2026-06-08T11:18:51.408384,16.9,87.9,6889.67,74.4,92847790.0,47350793.0,97.71,0,340,SRV003,database-server-01,us-east-1,production,140198583.0,0.1901012373453318,-15.200000000000003,0.20000000000000284,0.2865395894428152,0
2026-06-08T11:18:57.564095,40.9,89.1,6979.52,74.4,92876622.0,47375778.0,108.62,0,340,SRV004,cache-server-01,eu-west-1,staging,140252400.0,0.45394006659267483,24.0,1.1999999999999886,0.31853372434017596,0
2026-06-08T11:19:03.695792,18.6,89.1,6977.82,74.4,92903185.0,47472636.0,91.91,0,340,SRV005,worker-server-01,ap-south-1,development,140375821.0,0.20643729189789126,-22.299999999999997,0.0,0.2695307917888563,0
2026-06-08T11:19:09.839761,33.6,89.7,7026.97,74.4,92961957.0,47494540.0,108.88,0,340,SRV001,web-server-01,ap-south-1,production,140456497.0,0.37045203969129,15.0,0.6000000000000085,0.31929618768328444,0
2026-06-08T11:19:16.006900,19.6,89.7,7030.89,74.4,92981258.0,47509532.0,126.31,0,340,SRV002,api-server-01,ap-south-1,production,140490790.0,0.2160970231532525,-14.0,0.0,0.37041055718475074,0
2026-06-08T11:19:22.263984,11.5,89.9,7041.53,74.4,93009124.0,47546089.0,220.92,0,340,SRV003,database-server-01,us-east-1,production,140555213.0,0.1265126512651265,-8.100000000000001,0.20000000000000284,0.6478592375366569,0
2026-06-08T11:19:28.479307,35.6,90.0,7051.77,74.4,93026812.0,47557716.0,170.71,0,340,SRV004,cache-server-01,eu-west-1,staging,140584528.0,0.3912087912087912,24.1,0.09999999999999432,0.5006158357771261,0
2026-06-08T11:19:34.620600,26.0,89.4,7003.91,74.4,93056139.0,47585621.0,100.31,0,339,SRV005,worker-server-01,ap-south-1,development,140641760.0,0.28761061946902655,-9.600000000000001,-0.5999999999999943,0.2950294117647059,0
2026-06-08T11:19:40.789986,23.9,89.7,7030.91,74.4,93076684.0,47597455.0,140.35,0,339,SRV001,web-server-01,ap-south-1,production,140674139.0,0.26350606394707826,-2.1000000000000014,0.29999999999999716,0.4127941176470588,0
2026-06-08T11:19:47.035267,38.2,89.8,7034.85,74.4,93098837.0,47614060.0,202.01,0,339,SRV002,api-server-01,ap-south-1,production,140712897.0,0.420704845814978,14.300000000000004,0.09999999999999432,0.5941470588235294,0
2026-06-08T11:19:53.257765,41.9,89.8,7038.45,74.4,93136085.0,47629083.0,149.86,0,339,SRV003,database-server-01,us-east-1,production,140765168.0,0.46145374449339205,3.6999999999999957,0.0,0.440764705882353,0
2026-06-08T11:19:59.504498,42.9,92.6,7257.89,74.4,93162595.0,47647329.0,197.47,0,339,SRV004,cache-server-01,eu-west-1,staging,140809924.0,0.45833333333333337,1.0,2.799999999999997,0.5807941176470588,0
2026-06-08T11:20:05.649186,23.6,92.6,7258.12,74.4,93184863.0,47661539.0,98.7,0,337,SRV005,worker-server-01,ap-south-1,development,140846402.0,0.2521367521367522,-19.299999999999997,0.0,0.29201183431952665,0
2026-06-08T11:20:11.792144,9.5,92.7,7266.76,74.4,93214699.0,47681568.0,111.08,0,337,SRV001,web-server-01,ap-south-1,production,140896267.0,0.10138740661686232,-14.100000000000001,0.10000000000000853,0.3286390532544379,0
2026-06-08T11:20:17.947455,14.6,93.1,7296.84,74.4,93232627.0,47692382.0,109.12,0,337,SRV002,api-server-01,ap-south-1,production,140925009.0,0.15515409139213604,5.1,0.3999999999999915,0.32284023668639056,0
2026-06-08T11:20:24.098528,16.0,93.3,7312.16,74.4,93258296.0,47706231.0,127.44,0,337,SRV003,database-server-01,us-east-1,production,140964527.0,0.16967126193001061,1.4000000000000004,0.20000000000000284,0.3770414201183432,0
2026-06-08T11:20:30.224148,33.3,93.4,7315.95,74.4,93277671.0,47718867.0,96.2,0,338,SRV004,cache-server-01,eu-west-1,staging,140996538.0,0.35275423728813554,17.299999999999997,0.10000000000000853,0.2837758112094395,0
2026-06-08T11:20:36.368160,32.0,93.8,7352.41,74.4,93299560.0,47731010.0,120.52,0,337,SRV005,worker-server-01,ap-south-1,development,141030570.0,0.33755274261603374,-1.2999999999999972,0.3999999999999915,0.3565680473372781,0
2026-06-08T11:20:42.524038,32.4,93.8,7345.92,74.4,93331911.0,48084154.0,134.46,0,337,SRV001,web-server-01,ap-south-1,production,141416065.0,0.34177215189873417,0.3999999999999986,0.0,0.397810650887574,0
2026-06-08T11:20:48.656903,17.2,93.8,7352.82,74.4,93357570.0,48102662.0,89.49,0,338,SRV002,api-server-01,ap-south-1,production,141460232.0,0.18143459915611815,-15.2,0.0,0.2639823008849557,0
2026-06-08T11:20:54.800941,24.6,94.4,7393.33,74.4,93381171.0,48119443.0,111.01,0,338,SRV003,database-server-01,us-east-1,production,141500614.0,0.2578616352201258,7.400000000000002,0.6000000000000085,0.32746312684365786,0
2026-06-08T11:30:35.647864,46.0,93.0,7285.31,74.5,122713138.0,62063674.0,87.35,0,342,SRV004,cache-server-01,eu-west-1,staging,184776812.0,0.48936170212765956,21.4,-1.4000000000000057,0.25466472303206994,0
2026-06-08T11:30:39.833669,98.9,92.9,7283.15,74.5,122741354.0,62111451.0,91.87,0,343,SRV005,worker-server-01,ap-south-1,development,184852805.0,1.053248136315229,52.900000000000006,-0.09999999999999432,0.2670639534883721,1
2026-06-08T11:30:44.012491,53.8,92.6,7252.98,74.5,122762316.0,62172183.0,158.09,0,342,SRV001,web-server-01,ap-south-1,production,184934499.0,0.5747863247863247,-45.10000000000001,-0.30000000000001137,0.46090379008746357,0
2026-06-08T11:30:48.215012,64.3,92.5,7244.77,74.5,122792602.0,62211313.0,162.08,0,343,SRV002,api-server-01,ap-south-1,production,185003915.0,0.6877005347593582,10.5,-0.09999999999999432,0.47116279069767447,0
2026-06-08T11:30:52.409914,71.3,92.5,7246.98,74.5,122810789.0,62233168.0,158.48,0,343,SRV003,database-server-01,us-east-1,production,185043957.0,0.7625668449197861,7.0,0.0,0.4606976744186046,0
2026-06-08T11:30:56.609152,41.7,92.3,7229.7,74.5,122832024.0,62333146.0,163.84,0,343,SRV004,cache-server-01,eu-west-1,staging,185165170.0,0.4469453376205788,-29.599999999999994,-0.20000000000000284,0.4762790697674419,0
2026-06-08T11:31:00.806140,80.2,93.2,7301.48,74.5,122850757.0,62388746.0,110.34,0,345,SRV005,worker-server-01,ap-south-1,development,185239503.0,0.851380042462845,38.5,0.9000000000000057,0.31890173410404626,0
2026-06-08T11:31:05.004439,39.3,92.9,7280.51,74.5,122867986.0,62432082.0,157.84,0,343,SRV001,web-server-01,ap-south-1,production,185300068.0,0.4185303514376996,-40.900000000000006,-0.29999999999999716,0.4588372093023256,0
2026-06-08T11:31:09.110406,68.4,92.9,7280.88,74.5,122891188.0,62493768.0,78.34,0,343,SRV002,api-server-01,ap-south-1,production,185384956.0,0.7284345047923323,29.10000000000001,0.0,0.22773255813953489,0
2026-06-08T11:31:13.299427,86.2,93.3,7313.95,74.5,122914542.0,62570882.0,163.12,0,343,SRV003,database-server-01,us-east-1,production,185485424.0,0.9141039236479321,17.799999999999997,0.3999999999999915,0.47418604651162793,1
2026-06-08T11:31:17.520297,67.0,93.5,7322.6,74.5,122930747.0,62632755.0,114.68,0,343,SRV004,cache-server-01,eu-west-1,staging,185563502.0,0.708994708994709,-19.200000000000003,0.20000000000000284,0.3333720930232558,0
2026-06-08T11:31:21.696076,71.9,93.5,7322.62,74.5,122950936.0,62658302.0,144.48,0,343,SRV005,worker-server-01,ap-south-1,development,185609238.0,0.7608465608465609,4.900000000000006,0.0,0.42,0
2026-06-08T11:31:25.907382,41.6,93.6,7332.55,74.5,122971678.0,62676994.0,180.05,0,343,SRV001,web-server-01,ap-south-1,production,185648672.0,0.43974630021141653,-30.300000000000004,0.09999999999999432,0.5234011627906977,0
2026-06-08T11:31:30.217958,50.2,93.6,7332.95,74.5,122987424.0,62700565.0,172.29,0,343,SRV002,api-server-01,ap-south-1,production,185687989.0,0.5306553911205074,8.600000000000001,0.0,0.500843023255814,0
2026-06-08T11:31:34.311471,92.9,94.7,7422.15,74.5,123034136.0,62791362.0,67.0,0,343,SRV003,database-server-01,us-east-1,production,185825498.0,0.9707419017763845,42.7,1.1000000000000085,0.19476744186046513,1
2026-06-08T11:31:38.415692,76.8,84.6,6629.71,74.5,123077280.0,62838072.0,60.56,0,343,SRV004,cache-server-01,eu-west-1,staging,185915352.0,0.897196261682243,-16.10000000000001,-10.100000000000009,0.176046511627907,0
2026-06-08T11:31:42.532883,96.9,82.0,6425.05,74.5,123100787.0,62875623.0,57.28,0,344,SRV005,worker-server-01,ap-south-1,development,185976410.0,1.1674698795180725,20.10000000000001,-2.5999999999999943,0.16602898550724637,1
2026-06-08T11:31:46.682829,40.5,82.0,6422.06,74.5,123134035.0,62924234.0,107.7,0,344,SRV001,web-server-01,ap-south-1,production,186058269.0,0.4879518072289157,-56.400000000000006,0.0,0.31217391304347825,0
2026-06-08T11:31:50.902397,68.0,82.1,6436.1,74.5,123154879.0,62951134.0,189.56,0,344,SRV002,api-server-01,ap-south-1,production,186106013.0,0.8182912154031288,27.5,0.09999999999999432,0.5494492753623188,0
2026-06-08T11:31:55.088538,96.7,87.7,6872.24,74.5,123178364.0,62977072.0,121.51,0,344,SRV003,database-server-01,us-east-1,production,186155436.0,1.0901916572717023,28.700000000000003,5.6000000000000085,0.3522028985507247,1
2026-06-08T11:31:59.294847,77.0,83.7,6560.95,74.5,123197071.0,63063170.0,177.82,0,344,SRV004,cache-server-01,eu-west-1,staging,186260241.0,0.9090909090909091,-19.700000000000003,-4.0,0.5154202898550725,0
2026-06-08T11:32:03.675473,66.7,85.8,6726.21,74.5,123217811.0,63163739.0,130.41,0,344,SRV005,worker-server-01,ap-south-1,development,186381550.0,0.7684331797235023,-10.299999999999997,2.0999999999999943,0.378,0
2026-06-08T11:32:07.899937,53.8,86.0,6741.8,74.5,123243255.0,63241537.0,189.29,0,344,SRV001,web-server-01,ap-south-1,production,186484792.0,0.6183908045977011,-12.900000000000006,0.20000000000000284,0.5486666666666666,0
2026-06-08T11:32:12.077588,51.7,85.1,6665.66,74.5,123260520.0,63352172.0,154.57,0,344,SRV002,api-server-01,ap-south-1,production,186612692.0,0.6004645760743322,-2.0999999999999943,-0.9000000000000057,0.44802898550724635,0
2026-06-08T11:32:16.388014,88.5,86.2,6757.16,74.5,123285575.0,63494984.0,162.12,0,343,SRV003,database-server-01,us-east-1,production,186780559.0,1.014908256880734,36.8,1.1000000000000085,0.4712790697674419,1
2026-06-08T11:32:20.576921,52.7,86.3,6765.6,74.5,123305354.0,63529661.0,153.81,0,343,SRV004,cache-server-01,eu-west-1,staging,186835015.0,0.6036655211912945,-35.8,0.09999999999999432,0.44712209302325584,0
2026-06-08T11:32:24.800675,61.4,86.3,6765.98,74.5,123324938.0,63583381.0,161.43,0,343,SRV005,worker-server-01,ap-south-1,development,186908319.0,0.7033218785796106,8.699999999999996,0.0,0.4692732558139535,0
2026-06-08T11:32:28.975147,45.6,86.3,6765.18,74.5,123347407.0,63679753.0,126.22,0,343,SRV001,web-server-01,ap-south-1,production,187027160.0,0.5223367697594502,-15.799999999999997,0.0,0.36691860465116277,0
2026-06-08T11:32:33.174907,55.5,84.3,6605.03,74.5,123365416.0,63773682.0,163.49,0,343,SRV002,api-server-01,ap-south-1,production,187139098.0,0.6506447831184057,9.899999999999999,-2.0,0.4752616279069768,0
2026-06-08T11:32:37.370048,90.3,84.7,6637.72,74.5,123391873.0,63894318.0,96.56,0,343,SRV003,database-server-01,us-east-1,production,187286191.0,1.0536756126021003,34.8,0.4000000000000057,0.28069767441860466,1
2026-06-08T11:32:41.567763,22.7,85.3,6684.21,74.5,123409099.0,63932696.0,143.97,0,344,SRV004,cache-server-01,eu-west-1,staging,187341795.0,0.2630359212050985,-67.6,0.5999999999999943,0.41730434782608694,0
2026-06-08T11:32:45.770343,77.0,86.4,6771.26,74.5,123441047.0,64052264.0,103.9,0,344,SRV005,worker-server-01,ap-south-1,development,187493311.0,0.8810068649885583,54.3,1.1000000000000085,0.3011594202898551,0
2026-06-08T11:32:49.966233,47.3,86.4,6767.8,74.5,123461918.0,64134536.0,157.49,0,344,SRV001,web-server-01,ap-south-1,production,187596454.0,0.5411899313501144,-29.700000000000003,0.0,0.4564927536231884,0
2026-06-08T11:32:54.164046,58.9,86.4,6766.25,74.5,123480415.0,64243303.0,158.18,0,345,SRV002,api-server-01,ap-south-1,production,187723718.0,0.6739130434782609,11.600000000000001,0.0,0.4571676300578035,0
2026-06-08T11:32:58.362077,95.0,85.6,6708.72,74.5,123512584.0,64323053.0,166.94,0,344,SRV003,database-server-01,us-east-1,production,187835637.0,1.0969976905311778,36.1,-0.8000000000000114,0.48388405797101447,1
2026-06-08T11:33:02.565085,26.0,86.0,6738.93,74.5,123530867.0,64397800.0,136.53,0,344,SRV004,cache-server-01,eu-west-1,staging,187928667.0,0.2988505747126437,-69.0,0.4000000000000057,0.3957391304347826,0
2026-06-08T11:33:06.704177,76.5,86.3,6759.52,74.5,123558923.0,64442561.0,89.35,0,344,SRV005,worker-server-01,ap-south-1,development,188001484.0,0.8762886597938144,50.5,0.29999999999999716,0.2589855072463768,0
2026-06-08T11:33:10.974811,74.6,86.4,6767.39,74.5,123576736.0,64454808.0,230.11,0,344,SRV001,web-server-01,ap-south-1,production,188031544.0,0.8535469107551487,-1.9000000000000057,0.10000000000000853,0.6669855072463768,0
2026-06-08T11:33:15.173880,44.8,86.1,6748.42,74.5,123596304.0,64482183.0,174.88,0,344,SRV002,api-server-01,ap-south-1,production,188078487.0,0.5143513203214696,-29.799999999999997,-0.30000000000001137,0.5068985507246376,0
2026-06-08T11:33:19.371107,90.9,86.5,6774.47,74.5,123623178.0,64522985.0,137.16,0,344,SRV003,database-server-01,us-east-1,production,188146163.0,1.038857142857143,46.10000000000001,0.4000000000000057,0.39756521739130435,1
2026-06-08T11:33:23.564465,29.9,86.6,6783.65,74.5,123649803.0,64554328.0,153.52,0,344,SRV004,cache-server-01,eu-west-1,staging,188204131.0,0.341324200913242,-61.00000000000001,0.09999999999999432,0.44498550724637687,0
2026-06-08T11:33:15.173880,44.8,85.1,6748.42,74.5,123596269.9306258,64482204.650125585,125.88,0,344,SRV002,api-server-01,ap-south-1,production,188078474.5807514,0.5203252032520326,14.899999999999999,-1.5,0.3648695652173913,0
2026-06-08T11:17:18.223309,20.5,82.4,6615.88,72.4,92502215.1189041,47075515.820141256,164.07,0,335,SRV003,database-server-01,us-east-1,production,139577730.93904537,0.24580335731414865,-24.299999999999997,-2.6999999999999886,0.4883035714285714,0
2026-06-08T11:31:50.902397,66.0,79.1,6436.1,76.5,123154895.93158624,62951145.20461646,215.56,0,344,SRV002,api-server-01,ap-south-1,production,186106041.1362027,0.8239700374531835,45.5,-3.3000000000000114,0.6248115942028986,0
2026-06-08T11:13:05.314616,29.4,87.0,7129.16,75.4,91071185.34112465,45946203.14549896,94.55000000000001,0,337,SRV002,api-server-01,ap-south-1,production,137017388.48662362,0.33409090909090905,-36.6,7.900000000000006,0.2797337278106509,0
2026-06-08T11:17:12.079570,16.9,89.1,6592.82,76.4,92463646.12515475,47059823.00629774,153.37,0,336,SRV002,api-server-01,ap-south-1,production,139523469.1314525,0.18756936736958935,-12.5,2.0999999999999943,0.4551038575667656,0
2026-06-08T11:31:59.294847,78.0,84.7,6560.95,76.5,123197059.19823514,63063176.103063405,225.82,0,344,SRV004,cache-server-01,eu-west-1,staging,186260235.30129856,0.9101516919486581,61.1,-4.3999999999999915,0.6545507246376812,0
2026-06-08T11:31:50.902397,64.0,78.1,6436.1,72.5,123154901.76894504,62951095.74358884,215.56,0,344,SRV002,api-server-01,ap-south-1,production,186105997.51253387,0.8091024020227561,-14.0,-6.6000000000000085,0.6248115942028986,0
2026-06-08T11:31:38.415692,79.8,82.6,6629.71,72.5,123077328.60104959,62838120.49127931,102.56,0,343,SRV004,cache-server-01,eu-west-1,staging,185915449.0923289,0.9545454545454546,15.799999999999997,4.5,0.2981395348837209,0
2026-06-08T11:18:08.298829,12.0,83.2,6913.36,73.4,92686502.51986293,47231261.379141755,94.68,0,337,SRV001,web-server-01,ap-south-1,production,139917763.8990047,0.14251781472684086,-67.8,0.6000000000000085,0.2801183431952663,0
2026-06-08T11:17:18.223309,13.5,79.4,6615.88,73.4,92502154.64048155,47075468.37768482,132.07,0,335,SRV003,database-server-01,us-east-1,production,139577623.01816636,0.16791044776119401,1.5,-3.799999999999997,0.39306547619047616,0
2026-06-08T11:16:04.289775,35.7,89.1,6744.16,75.4,92199414.78597535,46914039.11985944,138.11,0,336,SRV001,web-server-01,ap-south-1,production,139113453.9058348,0.3962264150943397,22.200000000000003,9.699999999999989,0.40982195845697333,0
2026-06-08T11:17:43.618923,20.9,94.4,7005.16,75.4,92603938.91305022,47171666.98043903,90.59,0,338,SRV002,api-server-01,ap-south-1,production,139775605.89348924,0.21907756813417187,-14.800000000000004,5.300000000000011,0.26722713864306785,0
2026-06-08T11:17:37.474660,29.0,86.5,7014.91,73.4,92582656.171127,47155162.09276864,92.45,0,337,SRV001,web-server-01,ap-south-1,production,139737818.26389563,0.3314285714285714,8.100000000000001,-7.900000000000006,0.2735207100591716,0
2026-06-08T11:19:40.789986,21.9,92.7,7030.91,75.4,93076720.35238932,47597442.91386507,94.35,0,339,SRV001,web-server-01,ap-south-1,production,140674163.2662544,0.23372465314834576,-7.100000000000001,6.200000000000003,0.27749999999999997,0
2026-06-08T11:30:52.409914,69.3,97.5,7246.98,76.5,122810807.29836503,62233195.31770952,170.48,0,343,SRV003,database-server-01,us-east-1,production,185044002.61607456,0.7035532994923858,47.4,4.799999999999997,0.49558139534883716,0
2026-06-08T11:32:41.567763,18.7,80.3,6684.21,75.5,123409079.80883445,63932709.13452137,120.97,0,344,SRV004,cache-server-01,eu-west-1,staging,187341788.94335583,0.23001230012300122,-50.599999999999994,-17.200000000000003,0.3506376811594203,0
2026-06-08T11:30:48.215012,66.3,97.5,7244.77,73.5,122792611.70864637,62211355.61013258,202.08,0,343,SRV002,api-server-01,ap-south-1,production,185003967.31877896,0.6730964467005076,47.599999999999994,17.200000000000003,0.5874418604651163,0
2026-06-08T11:15:08.686774,51.8,94.0,7284.44,75.4,91819838.02605745,46729656.53438558,128.22,0,338,SRV002,api-server-01,ap-south-1,production,138549494.56044304,0.5452631578947368,-14.5,-3.5,0.3782300884955752,0
2026-06-08T11:14:06.934830,45.6,89.1,6823.69,75.4,91310122.34538007,46325214.584365286,84.7,0,337,SRV002,api-server-01,ap-south-1,production,137635336.92974535,0.5061043285238624,-6.199999999999996,-4.900000000000006,0.25059171597633134,0
2026-06-08T11:32:37.370048,95.3,85.7,6637.72,73.5,123391899.94702668,63894289.94754412,120.56,0,343,SRV003,database-server-01,us-east-1,production,187286189.8945708,1.0991926182237601,49.699999999999996,-3.3999999999999915,0.3504651162790698,1
2026-06-08T11:14:43.803217,35.7,96.5,7166.46,73.4,91480283.81569985,46551535.88328157,132.22,0,336,SRV003,database-server-01,us-east-1,production,138031819.6989814,0.36615384615384616,-59.599999999999994,10.799999999999997,0.3923442136498516,0
2026-06-08T11:16:47.504036,16.7,85.2,6752.13,75.4,92354929.68512891,47005469.37492325,167.93,0,336,SRV003,database-server-01,us-east-1,production,139360399.06005216,0.19373549883990718,-19.000000000000004,-11.299999999999997,0.4983086053412463,0
2026-06-08T11:15:51.919492,34.5,81.0,6734.82,73.4,92138310.75161618,46886253.145571895,244.94,0,338,SRV004,cache-server-01,eu-west-1,staging,139024563.89718807,0.42073170731707316,17.8,-4.200000000000003,0.7225368731563422,0
2026-06-08T11:33:10.974811,77.6,81.4,6767.39,75.5,123576700.27707316,64454813.017991126,271.11,0,344,SRV001,web-server-01,ap-south-1,production,188031513.29506427,0.9417475728155339,43.099999999999994,0.4000000000000057,0.7858260869565218,0
2026-06-08T11:13:42.280798,25.7,82.7,6872.73,72.4,91181221.46393095,46028826.98621835,112.4,0,336,SRV003,database-server-01,us-east-1,production,137210048.4501493,0.3070489844683393,-51.89999999999999,1.2999999999999972,0.3335311572700297,0
2026-06-08T11:18:32.975711,13.100000000000001,91.1,6827.21,74.4,92782945.42608109,47297877.95732268,205.74,0,340,SRV005,worker-server-01,ap-south-1,development,140080823.38340378,0.1422366992399566,-12.599999999999998,8.399999999999991,0.6033431085043989,0
2026-06-08T11:32:07.899937,53.8,87.0,6741.8,72.5,123243250.61146805,63241571.77818152,229.29,0,344,SRV001,web-server-01,ap-south-1,production,186484822.38964957,0.6113636363636363,40.699999999999996,-4.099999999999994,0.6646086956521738,0
2026-06-08T11:14:25.371100,30.5,90.3,6997.93,75.4,91412038.76874939,46509693.6102425,98.00999999999999,0,337,SRV005,worker-server-01,ap-south-1,development,137921732.3789919,0.33406352683461116,-23.299999999999997,3.299999999999997,0.2899704142011834,0
2026-06-08T11:18:57.564095,41.9,84.1,6979.52,73.4,92876594.64135124,47375741.86083211,127.62,0,340,SRV004,cache-server-01,eu-west-1,staging,140252336.50218335,0.49236192714453586,11.399999999999999,-6.200000000000003,0.37425219941348975,0
2026-06-08T11:13:36.117234,18.2,84.7,6874.81,74.4,91168832.09882969,46018529.49986675,131.06,0,336,SRV002,api-server-01,ap-south-1,production,137187361.59869644,0.21236872812135354,-23.7,0.6000000000000085,0.38890207715133535,0
2026-06-08T11:18:08.298829,20.0,93.2,6913.36,75.4,92686534.90241434,47231295.22684066,78.68,0,337,SRV001,web-server-01,ap-south-1,production,139917830.129255,0.21231422505307854,1.8000000000000007,8.5,0.23278106508875743,0
2026-06-08T11:32:16.388014,84.5,83.2,6757.16,73.5,123285595.25501479,63495000.08333142,166.12,0,343,SRV003,database-server-01,us-east-1,production,186780595.3383462,1.003562945368171,64.5,-10.0,0.48290697674418603,0
2026-06-08T11:18:39.120576,34.3,83.5,6855.0,75.4,92805665.44772193,47321320.223216355,130.82999999999998,0,342,SRV001,web-server-01,ap-south-1,production,140126985.67093828,0.40591715976331355,-50.2,0.29999999999999716,0.3814285714285714,0
2026-06-08T11:32:28.975147,48.6,81.3,6765.18,75.5,123347410.47004475,63679741.8353357,140.22,0,343,SRV001,web-server-01,ap-south-1,production,187027152.30538046,0.5905224787363306,14.300000000000004,-2.200000000000003,0.40761627906976744,0
2026-06-08T11:31:21.696076,74.9,96.5,7322.62,73.5,122950967.06195092,62658274.38082236,166.48,0,343,SRV005,worker-server-01,ap-south-1,development,185609241.44277328,0.7682051282051283,26.300000000000004,15.200000000000003,0.483953488372093,0
2026-06-08T11:31:59.294847,74.0,85.7,6560.95,75.5,123197025.80795546,63063175.74804759,128.82,0,344,SRV004,cache-server-01,eu-west-1,staging,186260201.55600303,0.853517877739331,-0.9000000000000057,-10.799999999999997,0.3733913043478261,0
2026-06-08T11:30:35.647864,45.0,92.0,7285.31,72.5,122713111.28524013,62063650.18478097,105.35,0,342,SRV004,cache-server-01,eu-west-1,staging,184776761.4700211,0.4838709677419355,-29.0,6.299999999999997,0.3071428571428571,0
2026-06-08T11:31:34.311471,93.9,93.7,7422.15,73.5,123034094.66981289,62791378.86467733,94.0,0,343,SRV003,database-server-01,us-east-1,production,185825473.53449023,0.9915522703273496,48.900000000000006,1.7000000000000028,0.27325581395348836,1
2026-06-08T11:33:23.564465,30.9,87.6,6783.65,73.5,123649809.95465578,64554354.86226347,154.52,0,344,SRV004,cache-server-01,eu-west-1,staging,188204164.81691927,0.3487584650112867,-63.00000000000001,-6.1000000000000085,0.44788405797101455,0
2026-06-08T11:32:54.164046,58.9,85.4,6766.25,73.5,123480403.08064067,64243275.57302423,149.18,0,345,SRV002,api-server-01,ap-south-1,production,187723678.6536649,0.6817129629629629,28.0,-2.1999999999999886,0.43115606936416184,0
2026-06-08T11:31:34.311471,88.9,89.7,7422.15,74.5,123034153.9923464,62791380.699279115,58.0,0,343,SRV003,database-server-01,us-east-1,production,185825534.69162554,0.980154355016538,30.000000000000007,4.299999999999997,0.1686046511627907,1
2026-06-08T11:20:17.947455,11.6,91.1,7296.84,76.4,93232595.17119761,47692386.585923076,90.12,0,337,SRV002,api-server-01,ap-south-1,production,140924981.75712067,0.1259500542888165,-77.30000000000001,1.3999999999999915,0.26662721893491126,0
2026-06-08T11:30:52.409914,66.3,88.5,7246.98,73.5,122810773.6104294,62233173.49272207,171.48,0,343,SRV003,database-server-01,us-east-1,production,185043947.10315147,0.7407821229050279,54.699999999999996,-2.5999999999999943,0.4984883720930232,0
2026-06-08T11:17:49.762560,15.9,87.9,7048.01,74.4,92623157.2277315,47183425.31390037,63.31999999999999,0,338,SRV003,database-server-01,us-east-1,production,139806582.54163188,0.17885264341957255,-50.4,-0.5999999999999943,0.18678466076696162,0
2026-06-08T11:14:25.371100,36.5,93.3,6997.93,73.4,91412006.7631621,46509715.27202547,159.01,0,337,SRV005,worker-server-01,ap-south-1,development,137921722.03518757,0.3870625662778367,20.6,5.3999999999999915,0.4704437869822485,0
2026-06-08T11:14:56.193454,38.4,86.4,7080.66,75.4,91710348.8313662,46684119.29413316,155.15,0,336,SRV005,worker-server-01,ap-south-1,development,138394468.12549937,0.43935926773455375,1.8999999999999986,-6.8999999999999915,0.4603857566765579,0
2026-06-08T11:31:09.110406,68.4,91.9,7280.88,73.5,122891237.04371364,62493742.48726485,33.34,0,343,SRV002,api-server-01,ap-south-1,production,185384979.5309785,0.736275565123789,30.000000000000007,5.5,0.0969186046511628,0
2026-06-08T11:13:36.117234,9.2,91.7,6874.81,75.4,91168828.81325944,46018545.97198361,101.06,0,336,SRV002,api-server-01,ap-south-1,production,137187374.78524303,0.09924487594390506,-59.2,-0.20000000000000284,0.2998813056379822,0
2026-06-08T11:13:42.280798,31.7,86.7,6872.73,73.4,91181158.92520204,46028761.55378865,122.4,0,336,SRV003,database-server-01,us-east-1,production,137209920.47899067,0.3614595210946408,22.5,-5.0,0.36320474777448075,0
2026-06-08T11:17:49.762560,10.9,90.9,7048.01,74.4,92623142.83702478,47183363.22909908,138.32,0,338,SRV003,database-server-01,us-east-1,production,139806506.06612384,0.11860718171926006,-20.799999999999997,4.200000000000003,0.40802359882005895,0
2026-06-08T11:17:24.385929,56.6,90.4,7005.46,75.4,92524121.76215146,47104419.63269077,137.09,0,336,SRV004,cache-server-01,eu-west-1,staging,139628541.39484224,0.6192560175054704,45.7,-0.5,0.4067952522255193,0
2026-06-08T11:32:54.164046,56.9,88.4,6766.25,73.5,123480456.30766441,64243347.25909675,159.18,0,345,SRV002,api-server-01,ap-south-1,production,187723803.56676117,0.6364653243847874,0.29999999999999716,-2.0,0.4600578034682081,0
2026-06-08T11:18:45.282146,31.1,82.7,6871.71,75.4,92822724.95250846,47332482.11843137,86.19,0,340,SRV002,api-server-01,ap-south-1,production,140155207.07093984,0.3715651135005974,-25.799999999999997,-5.700000000000003,0.2527565982404692,0
2026-06-08T11:19:59.504498,47.9,95.6,7257.89,76.4,93162609.04209672,47647284.63294232,166.47,0,339,SRV004,cache-server-01,eu-west-1,staging,140809893.67503905,0.4958592132505176,16.799999999999997,12.899999999999991,0.48961764705882355,0
2026-06-08T11:31:25.907382,43.6,98.6,7332.55,75.5,122971726.11059676,62676968.78252711,209.05,0,343,SRV001,web-server-01,ap-south-1,production,185648694.89312387,0.4377510040160643,-4.299999999999997,3.0,0.6077034883720931,0
2026-06-08T11:31:50.902397,65.0,81.1,6436.1,72.5,123154857.1788208,62951098.03332935,233.56,0,344,SRV002,api-server-01,ap-south-1,production,186105955.21215016,0.7917174177831913,21.4,-17.5,0.6769855072463768,0
2026-06-08T11:18:57.564095,42.9,91.1,6979.52,74.4,92876616.24461895,47375778.63993899,91.62,0,340,SRV004,cache-server-01,eu-west-1,staging,140252394.88455793,0.4657980456026059,-22.1,10.0,0.26868035190615835,0
2026-06-08T11:32:41.567763,21.7,84.3,6684.21,72.5,123409075.50861034,63932673.71942719,119.97,0,344,SRV004,cache-server-01,eu-west-1,staging,187341749.22803754,0.2543962485345838,-21.2,-6.799999999999997,0.3477391304347826,0
2026-06-08T11:31:59.294847,72.0,78.7,6560.95,72.5,123197117.89792834,63063125.98668037,206.82,0,344,SRV004,cache-server-01,eu-west-1,staging,186260243.88460872,0.9033877038895859,50.3,-5.599999999999994,0.5994782608695652,0
2026-06-08T11:16:16.602199,27.4,85.5,6777.17,76.4,92267664.73030296,46944346.32639567,119.35,0,336,SRV003,database-server-01,us-east-1,production,139212011.05669862,0.31676300578034683,-44.6,6.799999999999997,0.35415430267062314,0
2026-06-08T11:31:13.299427,86.2,92.3,7313.95,76.5,122914556.42606033,62570848.959939875,172.12,0,343,SRV003,database-server-01,us-east-1,production,185485405.38600022,0.9239013933547696,58.800000000000004,6.799999999999997,0.5003488372093023,1
2026-06-08T11:33:15.173880,46.8,88.1,6748.42,75.5,123596307.17197298,64482135.04911612,173.88,0,344,SRV002,api-server-01,ap-south-1,production,188078442.2210891,0.5252525252525253,-39.400000000000006,-4.200000000000003,0.504,0
2026-06-08T11:32:03.675473,71.7,83.8,6726.21,74.5,123217836.83140978,63163776.21827989,123.41,0,344,SRV005,worker-server-01,ap-south-1,development,186381613.04968968,0.8455188679245284,24.900000000000006,-4.299999999999997,0.3577101449275362,0
2026-06-08T11:14:19.203948,36.2,85.5,6932.37,72.4,91398944.69125357,46499356.48109603,106.44,0,337,SRV004,cache-server-01,eu-west-1,staging,137898301.1723496,0.4184971098265896,-35.5,1.7000000000000028,0.3149112426035503,0
2026-06-08T11:15:45.664174,23.1,82.5,6697.25,72.4,92114729.56444426,46873953.79219003,115.21,0,338,SRV003,database-server-01,us-east-1,production,138988683.3566343,0.2766467065868264,-13.100000000000001,-3.0,0.33985250737463124,0
2026-06-08T11:13:54.662803,10.6,91.0,6971.2,72.4,91218223.07066393,46067663.47299339,167.41,0,336,SRV005,worker-server-01,ap-south-1,development,137285886.5436573,0.11521739130434783,-12.500000000000002,8.5,0.4967655786350148,0
2026-06-08T11:19:47.035267,35.2,90.8,7034.85,76.4,93098826.86061324,47614088.986091636,201.01,0,339,SRV002,api-server-01,ap-south-1,production,140712915.84670487,0.383442265795207,24.6,-0.20000000000000284,0.5912058823529411,0
2026-06-08T11:14:31.515623,47.7,91.6,7179.52,76.4,91428203.52363686,46520772.36337652,144.32,0,337,SRV001,web-server-01,ap-south-1,production,137948975.88701338,0.5151187904967603,12.5,0.7999999999999972,0.42698224852071004,0
2026-06-08T11:33:23.564465,25.9,88.6,6783.65,75.5,123649841.72021021,64554376.677336715,115.52000000000001,0,344,SRV004,cache-server-01,eu-west-1,staging,188204218.39754692,0.2890625,-21.800000000000004,-3.0,0.33484057971014497,0
2026-06-08T11:32:16.388014,93.5,82.2,6757.16,73.5,123285616.50445895,63494968.35624874,159.12,0,343,SRV003,database-server-01,us-east-1,production,186780584.8607077,1.1237980769230769,67.6,-6.3999999999999915,0.4625581395348837,1
2026-06-08T11:19:03.695792,17.6,84.1,6977.82,76.4,92903206.2971733,47472593.4628309,73.91,0,340,SRV005,worker-server-01,ap-south-1,development,140375799.76000422,0.20681551116333727,-75.9,1.8999999999999915,0.2167448680351906,0
2026-06-08T11:30:48.215012,64.3,94.5,7244.77,76.5,122792615.91566516,62211267.497116506,199.08,0,343,SRV002,api-server-01,ap-south-1,production,185003883.41278166,0.6732984293193717,46.699999999999996,10.400000000000006,0.5787209302325582,0
2026-06-08T11:30:39.833669,93.9,97.9,7283.15,75.5,122741331.88913748,62111463.659948535,42.870000000000005,0,343,SRV005,worker-server-01,ap-south-1,development,184852795.549086,0.9494438827098078,29.60000000000001,3.4000000000000057,0.12462209302325583,1
2026-06-08T11:13:23.850596,38.0,89.6,7257.01,76.4,91132845.1610074,45994637.60407999,176.45,0,338,SRV005,worker-server-01,ap-south-1,development,137127482.7650874,0.41942604856512145,-55.900000000000006,-8.300000000000011,0.5205014749262536,0
2026-06-08T11:15:58.145405,16.5,91.7,6790.75,73.4,92181721.12569328,46902424.91020825,180.86,0,338,SRV005,worker-server-01,ap-south-1,development,139084146.03590152,0.1779935275080906,-21.5,2.1000000000000085,0.5335103244837759,0
2026-06-08T11:13:11.540021,45.9,92.9,7200.05,74.4,91099021.54052138,45970650.86134057,217.59,0,337,SRV003,database-server-01,us-east-1,production,137069672.40186197,0.4888178913738019,29.4,1.2000000000000028,0.6437573964497042,0
2026-06-08T11:19:16.006900,23.6,91.7,7030.89,72.4,92981255.75040711,47509510.4290957,141.31,0,340,SRV002,api-server-01,ap-south-1,production,140490766.17950282,0.2545846817691478,-22.299999999999997,-1.2000000000000028,0.41439882697947217,0
2026-06-08T11:15:45.664174,19.1,85.5,6697.25,76.4,92114747.99552701,46873953.56689651,82.21,0,338,SRV003,database-server-01,us-east-1,production,138988701.56242353,0.22080924855491332,-4.5,-6.200000000000003,0.24250737463126842,0
2026-06-08T11:19:22.263984,13.5,93.9,7041.53,73.4,93009127.34116271,47546051.70857806,258.91999999999996,0,340,SRV003,database-server-01,us-east-1,production,140555179.04974076,0.14225500526870388,-5.600000000000001,8.400000000000006,0.7592961876832843,0
2026-06-08T11:31:42.532883,93.9,80.0,6425.05,76.5,123100777.5642329,62875609.93111565,102.28,0,344,SRV005,worker-server-01,ap-south-1,development,185976387.49534854,1.1592592592592594,80.4,-13.900000000000006,0.29646376811594205,1
2026-06-08T11:32:07.899937,58.8,82.0,6741.8,74.5,123243259.63952133,63241544.26400931,180.29,0,344,SRV001,web-server-01,ap-south-1,production,186484803.90353066,0.708433734939759,-35.10000000000001,2.0,0.5225797101449275,0
2026-06-08T11:16:10.460365,29.1,85.4,6769.83,73.4,92224639.11633842,46927083.05040237,99.78,0,336,SRV002,api-server-01,ap-south-1,production,139151722.16674078,0.3368055555555555,-29.699999999999996,3.4000000000000057,0.2960830860534125,0
2026-06-08T11:13:42.280798,27.7,91.7,6872.73,72.4,91181135.89746323,46028791.18959361,147.4,0,336,SRV003,database-server-01,us-east-1,production,137209927.08705685,0.2988133764832794,-1.4000000000000021,6.299999999999997,0.4373887240356083,0
2026-06-08T11:31:42.532883,92.9,78.0,6425.05,74.5,123100744.46912251,62875615.12922601,52.28,0,344,SRV005,worker-server-01,ap-south-1,development,185976359.59834853,1.1759493670886076,65.2,-13.700000000000003,0.151536231884058,1
2026-06-08T11:32:41.567763,19.7,90.3,6684.21,73.5,123409138.984343,63932722.81221238,126.97,0,344,SRV004,cache-server-01,eu-west-1,staging,187341861.7965554,0.2157721796276013,-73.2,12.299999999999997,0.3680289855072464,0
2026-06-08T11:17:18.223309,17.5,89.4,6615.88,73.4,92502169.59913108,47075471.817610994,76.07,0,335,SRV003,database-server-01,us-east-1,production,139577641.4167421,0.19358407079646017,-2.1999999999999993,-0.8999999999999915,0.2263988095238095,0
2026-06-08T11:17:12.079570,13.899999999999999,79.1,6592.82,74.4,92463652.96720763,47059765.80264884,112.37,0,336,SRV002,api-server-01,ap-south-1,production,139523418.76985645,0.1735330836454432,-3.6000000000000014,-10.300000000000011,0.33344213649851634,0
2026-06-08T11:20:42.524038,36.4,88.8,7345.92,74.4,93331890.21614364,48084184.012421705,107.46000000000001,0,337,SRV001,web-server-01,ap-south-1,production,141416074.22856534,0.4053452115812918,22.5,9.700000000000003,0.31792899408284025,0
2026-06-08T11:20:24.098528,12.0,96.3,7312.16,75.4,93258337.70334524,47706189.69270991,127.44,0,337,SRV003,database-server-01,us-east-1,production,140964527.39605516,0.12332990750256938,-24.4,7.5,0.3770414201183432,0
2026-06-08T11:31:59.294847,75.0,79.7,6560.95,72.5,123197071.08398813,63063181.95894444,170.82,0,344,SRV004,cache-server-01,eu-west-1,staging,186260253.04293257,0.929368029739777,63.0,-16.599999999999994,0.49513043478260865,0
2026-06-08T11:31:00.806140,80.2,96.2,7301.48,74.5,122850716.41493344,62388716.435565725,82.34,0,345,SRV005,worker-server-01,ap-south-1,development,185239432.85049915,0.8251028806584362,5.200000000000003,16.5,0.23797687861271677,0
2026-06-08T11:13:11.540021,46.9,93.9,7200.05,73.4,91098980.55626194,45970646.50105308,159.59,0,337,SRV003,database-server-01,us-east-1,production,137069627.05731502,0.494204425711275,-33.300000000000004,-2.299999999999997,0.4721597633136095,0
2026-06-08T11:12:59.149714,47.6,85.6,7100.05,75.4,91043785.9218559,45926184.81494584,152.91,0,335,SRV001,web-server-01,ap-south-1,production,136969970.73680174,0.5496535796766744,0.7000000000000028,-8.300000000000011,0.4550892857142857,0
2026-06-08T11:17:12.079570,17.9,87.1,6592.82,75.4,92463613.31777757,47059808.381118685,124.37,0,336,SRV002,api-server-01,ap-south-1,production,139523421.69889626,0.20317820658342792,-29.700000000000003,1.5,0.3690504451038576,0
2026-06-08T11:19:40.789986,23.9,94.7,7030.91,74.4,93076667.65977044,47597428.76005832,158.35,0,339,SRV001,web-server-01,ap-south-1,production,140674096.41982877,0.24973876698014627,6.0,7.6000000000000085,0.465735294117647,0
2026-06-08T11:17:55.907061,20.3,89.0,7054.89,75.4,92640190.44294757,47199381.56175529,148.57,0,338,SRV004,cache-server-01,eu-west-1,staging,139839572.00470287,0.22555555555555556,-3.599999999999998,-5.700000000000003,0.43825958702064893,0
2026-06-08T11:31:00.806140,76.2,96.2,7301.48,76.5,122850725.42835096,62388750.391251236,87.34,0,345,SRV005,worker-server-01,ap-south-1,development,185239475.8196022,0.7839506172839507,55.900000000000006,7.200000000000003,0.2524277456647399,0
2026-06-08T11:17:05.935258,11.0,89.4,6771.88,73.4,92435048.67252117,47048143.184619926,71.86,0,336,SRV001,web-server-01,ap-south-1,production,139483191.8571411,0.12168141592920353,-65.2,-6.799999999999997,0.21323442136498516,0
2026-06-08T11:18:14.441285,5.800000000000001,85.9,6963.88,74.4,92702806.3896499,47244590.49353993,139.36,0,337,SRV002,api-server-01,ap-south-1,production,139947396.88318983,0.06674338319907941,-5.199999999999999,-3.5,0.4123076923076924,0
2026-06-08T11:31:34.311471,95.9,91.7,7422.15,73.5,123034098.56177579,62791410.76121001,43.0,0,343,SRV003,database-server-01,us-east-1,production,185825509.3229858,1.034519956850054,90.10000000000001,5.799999999999997,0.125,1
2026-06-08T11:19:53.257765,38.9,94.8,7038.45,75.4,93136066.12422155,47629084.486867994,139.86,0,339,SRV003,database-server-01,us-east-1,production,140765150.61108953,0.40605427974947805,-57.00000000000001,3.0999999999999943,0.41135294117647064,0
2026-06-08T11:16:47.504036,11.7,86.2,6752.13,75.4,92354941.89235027,47005449.269552216,181.93,0,336,SRV003,database-server-01,us-east-1,production,139360391.1619025,0.1341743119266055,-27.2,-8.599999999999994,0.5398516320474778,0
2026-06-08T11:33:10.974811,71.6,88.4,6767.39,74.5,123576749.27395986,64454786.20397869,192.11,0,344,SRV001,web-server-01,ap-south-1,production,188031535.47793853,0.8008948545861296,59.89999999999999,2.200000000000003,0.556840579710145,0
2026-06-08T11:33:23.564465,32.9,85.6,6783.65,75.5,123649808.63151622,64554306.444445126,145.52,0,344,SRV004,cache-server-01,eu-west-1,staging,188204115.07596135,0.3799076212471132,-38.699999999999996,-2.8000000000000114,0.4217971014492754,0
2026-06-08T11:16:53.647754,26.8,90.1,6746.95,75.4,92369728.58579695,47015515.61559469,103.63,0,336,SRV004,cache-server-01,eu-west-1,staging,139385244.20139164,0.2941822173435785,-6.099999999999998,4.5,0.3075074183976261,0
2026-06-08T11:31:38.415692,76.8,87.6,6629.71,74.5,123077261.00292371,62838075.97616448,17.560000000000002,0,343,SRV004,cache-server-01,eu-west-1,staging,185915336.9790882,0.8668171557562077,50.0,-2.5,0.051046511627906986,0
2026-06-08T11:19:59.504498,40.9,95.6,7257.89,74.4,93162627.34723538,47647303.2843219,230.47,0,339,SRV004,cache-server-01,eu-west-1,staging,140809930.6315573,0.42339544513457555,-35.9,8.0,0.6778529411764705,0
2026-06-08T11:18:26.729159,16.2,80.6,6708.41,76.4,92742409.33444862,47266626.75312468,119.99,0,337,SRV004,cache-server-01,eu-west-1,staging,140009036.0875733,0.1985294117647059,-24.7,-15.0,0.355,0
2026-06-08T11:16:35.112017,38.7,90.6,6710.79,74.4,92318281.41130999,46982440.288904734,114.27,0,336,SRV001,web-server-01,ap-south-1,production,139300721.7002147,0.4224890829694324,22.500000000000004,10.0,0.339080118694362,0
2026-06-08T11:14:50.020526,62.3,95.6,7178.71,76.4,91536001.40912636,46573711.2872437,129.32999999999998,0,336,SRV004,cache-server-01,eu-west-1,staging,138109712.69637007,0.644927536231884,23.599999999999994,5.0,0.38376854599406524,0
2026-06-08T11:14:43.803217,26.7,96.5,7166.46,72.4,91480303.04257232,46551585.90206342,148.22,0,336,SRV003,database-server-01,us-east-1,production,138031888.94463575,0.27384615384615385,-35.599999999999994,0.9000000000000057,0.4398219584569733,0
2026-06-08T11:14:43.803217,28.7,94.5,7166.46,72.4,91480367.21372902,46551534.993467525,101.22,0,336,SRV003,database-server-01,us-east-1,production,138031902.20719653,0.30052356020942406,2.0,-2.0,0.3003560830860534,0
2026-06-08T11:33:02.565085,21.0,83.0,6738.93,75.5,123530822.4290802,64397758.67339135,134.53,0,344,SRV004,cache-server-01,eu-west-1,staging,187928581.10247156,0.25,-7.699999999999999,-11.5,0.3899420289855072,0
2026-06-08T11:18:32.975711,21.1,85.1,6827.21,75.4,92782974.08848996,47297930.91439941,157.74,0,340,SRV005,worker-server-01,ap-south-1,development,140080905.00288936,0.24506387921022071,0.10000000000000142,2.0999999999999943,0.4625806451612903,0
2026-06-08T11:32:12.077588,49.7,82.1,6665.66,75.5,123260537.97624208,63352166.659494966,193.57,0,344,SRV002,api-server-01,ap-south-1,production,186612704.63573706,0.5980746089049339,28.6,-3.0,0.5610724637681159,0
2026-06-08T11:32:54.164046,59.9,90.4,6766.25,73.5,123480377.22386755,64243267.98427228,199.18,0,345,SRV002,api-server-01,ap-south-1,production,187723645.20813984,0.6553610503282276,10.199999999999996,8.300000000000011,0.575664739884393,0
2026-06-08T11:17:43.618923,17.9,90.4,7005.16,76.4,92603948.25769202,47171600.61173711,141.59,0,338,SRV002,api-server-01,ap-south-1,production,139775548.86942914,0.19584245076586432,-42.0,0.0,0.41766961651917406,0
2026-06-08T11:19:28.479307,30.6,94.0,7051.77,75.4,93026841.71109189,47557724.42364698,160.71,0,340,SRV004,cache-server-01,eu-west-1,staging,140584566.13473886,0.32210526315789473,12.700000000000003,3.5999999999999943,0.4712903225806452,0
2026-06-08T11:32:16.388014,90.5,86.2,6757.16,73.5,123285582.9686723,63494980.813735865,200.12,0,343,SRV003,database-server-01,us-east-1,production,186780563.78240818,1.0378440366972477,59.9,-7.799999999999997,0.5817441860465117,1
2026-06-08T11:16:47.504036,13.7,83.2,6752.13,76.4,92354950.24935281,47005419.65118206,203.93,0,336,SRV003,database-server-01,us-east-1,production,139360369.90053487,0.16270783847980996,-76.8,-3.0,0.6051335311572701,0
2026-06-08T11:31:34.311471,94.9,99.7,7422.15,76.5,123034090.50008284,62791366.49849208,86.0,0,343,SRV003,database-server-01,us-east-1,production,185825456.9985749,0.94240317775571,81.2,16.5,0.25,1
2026-06-08T11:32:41.567763,23.7,84.3,6684.21,76.5,123409142.08159792,63932719.18264704,159.97,0,344,SRV004,cache-server-01,eu-west-1,staging,187341861.26424497,0.27784290738569756,-71.2,-15.400000000000006,0.46368115942028987,0
2026-06-08T11:15:45.664174,25.1,84.5,6697.25,75.4,92114731.8924746,46873997.143414736,112.21,0,338,SRV003,database-server-01,us-east-1,production,138988729.03588933,0.2935672514619883,1.4000000000000021,0.20000000000000284,0.33100294985250733,0
2026-06-08T11:16:35.112017,35.7,82.6,6710.79,72.4,92318286.94778872,46982471.295926295,64.27,0,336,SRV001,web-server-01,ap-south-1,production,139300758.24371502,0.42703349282296654,10.600000000000001,-1.9000000000000057,0.19071216617210682,0
2026-06-08T11:32:33.174907,56.5,88.3,6605.03,76.5,123365453.16785605,63773684.14209367,135.49,0,343,SRV002,api-server-01,ap-south-1,production,187139137.30994973,0.6326987681970885,20.799999999999997,5.700000000000003,0.39386627906976746,0
2026-06-08T11:17:43.618923,17.9,87.4,7005.16,76.4,92603934.22459668,47171646.14968966,59.59,0,338,SRV002,api-server-01,ap-south-1,production,139775580.37428635,0.2024886877828054,-38.6,-0.8999999999999915,0.1757817109144543,0
2026-06-08T11:31:17.520297,69.0,88.5,7322.6,72.5,122930707.80971263,62632796.29021624,143.68,0,343,SRV004,cache-server-01,eu-west-1,staging,185563504.09992886,0.770949720670391,51.1,1.0999999999999943,0.4176744186046512,0
2026-06-08T11:13:11.540021,42.9,89.9,7200.05,74.4,91098939.16313334,45970621.61656393,141.59,0,337,SRV003,database-server-01,us-east-1,production,137069560.77969727,0.4719471947194719,-26.1,1.4000000000000057,0.418905325443787,0
2026-06-08T11:14:50.020526,59.3,95.6,7178.71,74.4,91535935.79823175,46573741.35917314,108.33,0,336,SRV004,cache-server-01,eu-west-1,staging,138109677.1574049,0.6138716356107661,16.4,5.699999999999989,0.3214540059347181,0
2026-06-08T11:13:42.280798,31.7,87.7,6872.73,72.4,91181194.1943348,46028805.36743665,118.4,0,336,SRV003,database-server-01,us-east-1,production,137209999.56177145,0.3573844419391206,-27.599999999999998,-7.8999999999999915,0.3513353115727003,0
2026-06-08T11:31:21.696076,73.9,94.5,7322.62,74.5,122950904.81969757,62658332.15327712,147.48,0,343,SRV005,worker-server-01,ap-south-1,development,185609236.9729747,0.7738219895287959,42.2,6.799999999999997,0.4287209302325581,0
2026-06-08T11:32:45.770343,82.0,89.4,6771.26,72.5,123441050.83534063,64052247.488145135,142.9,0,344,SRV005,worker-server-01,ap-south-1,development,187493298.32348576,0.9070796460176991,8.099999999999994,-5.099999999999994,0.4142028985507247,0
2026-06-08T11:33:23.564465,34.9,91.6,6783.65,73.5,123649820.53092802,64554305.243309915,198.52,0,344,SRV004,cache-server-01,eu-west-1,staging,188204125.77423793,0.37688984881209503,-47.1,2.1999999999999886,0.5754202898550725,0
2026-06-08T11:15:14.831093,41.0,87.6,6943.11,73.4,91855927.18315406,46754104.1102105,143.51,0,338,SRV003,database-server-01,us-east-1,production,138610031.29336455,0.4627539503386005,6.100000000000001,-4.0,0.4233333333333333,0
2026-06-08T11:20:17.947455,15.6,94.1,7296.84,74.4,93232671.78735326,47692405.8449225,62.120000000000005,0,337,SRV002,api-server-01,ap-south-1,production,140925077.63227576,0.1640378548895899,-25.4,6.5,0.18378698224852072,0
2026-06-08T11:13:36.117234,12.2,86.7,6874.81,73.4,91168872.76792194,46018472.78362428,80.06,0,336,SRV002,api-server-01,ap-south-1,production,137187345.55154622,0.13911060433295325,-3.4000000000000004,-7.3999999999999915,0.23756676557863501,0
2026-06-08T11:31:00.806140,83.2,92.2,7301.48,76.5,122850765.62143843,62388718.886050895,124.34,0,345,SRV005,worker-server-01,ap-south-1,development,185239484.50748932,0.8927038626609443,71.0,5.5,0.359364161849711,0
2026-06-08T11:18:32.975711,16.1,85.1,6827.21,74.4,92782916.79472767,47297923.24077169,155.74,0,340,SRV005,worker-server-01,ap-south-1,development,140080840.03549936,0.1869918699186992,-67.1,-7.1000000000000085,0.45671554252199414,0
2026-06-08T11:14:37.650710,13.600000000000001,87.8,7117.37,75.4,91443704.94665532,46531877.46332794,136.38,0,336,SRV002,api-server-01,ap-south-1,production,137975582.40998325,0.15315315315315317,-2.5,2.700000000000003,0.4046884272997032,0
2026-06-08T11:30:35.647864,44.0,98.0,7285.31,73.5,122713152.99087371,62063683.94914323,41.349999999999994,0,342,SRV004,cache-server-01,eu-west-1,staging,184776836.94001693,0.4444444444444444,30.4,10.200000000000003,0.12055393586005829,0
2026-06-08T11:20:24.098528,11.0,93.3,7312.16,74.4,93258275.5329109,47706253.32927402,92.44,0,337,SRV003,database-server-01,us-east-1,production,140964528.8621849,0.1166489925768823,-33.0,-4.700000000000003,0.27349112426035505,0
2026-06-08T11:33:23.564465,32.9,82.6,6783.65,75.5,123649764.181872,64554330.19204619,186.52,0,344,SRV004,cache-server-01,eu-west-1,staging,188204094.37391818,0.39354066985645936,21.9,-10.700000000000003,0.5406376811594203,0
2026-06-08T11:14:56.193454,32.4,86.4,7080.66,76.4,91710294.36635815,46684134.72973842,95.15,0,336,SRV005,worker-server-01,ap-south-1,development,138394429.09609658,0.3707093821510297,-0.5,3.8000000000000114,0.2823442136498516,0
2026-06-08T11:14:31.515623,42.7,92.6,7179.52,73.4,91428157.86029756,46520719.093578815,109.32,0,337,SRV001,web-server-01,ap-south-1,production,137948876.95387638,0.45619658119658124,10.300000000000004,6.199999999999989,0.3234319526627219,0
2026-06-08T11:16:59.791192,16.4,82.2,6751.6,72.4,92389513.3127738,47028026.5817753,132.20999999999998,0,336,SRV005,worker-server-01,ap-south-1,development,139417539.8945491,0.19711538461538458,-26.300000000000004,-10.399999999999991,0.3923145400593471,0
2026-06-08T11:16:16.602199,27.4,85.5,6777.17,74.4,92267640.54954444,46944358.71448976,60.349999999999994,0,336,SRV003,database-server-01,us-east-1,production,139211999.2640342,0.31676300578034683,11.0,3.299999999999997,0.179080118694362,0
2026-06-08T11:20:36.368160,33.0,92.8,7352.41,76.4,93299526.51080847,47731015.1498212,93.52,0,337,SRV005,worker-server-01,ap-south-1,development,141030541.66062966,0.35181236673773986,5.600000000000001,7.299999999999997,0.27668639053254435,0
2026-06-08T11:18:14.441285,10.8,83.9,6963.88,74.4,92702789.49843013,47244604.687628806,129.36,0,337,SRV002,api-server-01,ap-south-1,production,139947394.18605894,0.127208480565371,-22.2,-8.899999999999991,0.3827218934911243,0
2026-06-08T11:13:54.662803,18.6,86.0,6971.2,72.4,91218251.93232983,46067671.819319494,171.41,0,336,SRV005,worker-server-01,ap-south-1,development,137285923.75164932,0.21379310344827587,7.800000000000001,2.0999999999999943,0.5086350148367953,0
2026-06-08T11:31:00.806140,81.2,95.2,7301.48,72.5,122850771.17982124,62388768.92293056,69.34,0,345,SRV005,worker-server-01,ap-south-1,development,185239540.1027518,0.8440748440748441,62.6,9.200000000000003,0.20040462427745664,0
2026-06-08T11:31:25.907382,36.6,98.6,7332.55,72.5,122971715.47764558,62677021.975317456,184.05,0,343,SRV001,web-server-01,ap-south-1,production,185648737.45296302,0.3674698795180723,-44.6,3.3999999999999915,0.5350290697674419,0
2026-06-08T11:13:05.314616,28.4,93.0,7129.16,76.4,91071200.42632465,45946232.75247042,159.55,0,337,SRV002,api-server-01,ap-south-1,production,137017433.17879507,0.3021276595744681,-8.200000000000003,-5.599999999999994,0.4720414201183432,0
2026-06-08T11:15:51.919492,27.5,91.0,6734.82,75.4,92138395.89970817,46886248.847878255,187.94,0,338,SRV004,cache-server-01,eu-west-1,staging,139024644.74758643,0.29891304347826086,-0.8999999999999986,-2.0,0.5543952802359882,0
2026-06-08T11:32:24.800675,65.4,88.3,6765.98,72.5,123324943.01887263,63583400.56955643,112.43,0,343,SRV005,worker-server-01,ap-south-1,development,186908343.58842906,0.7323628219484883,37.900000000000006,-2.700000000000003,0.3268313953488372,0
2026-06-08T11:15:51.919492,28.5,90.0,6734.82,75.4,92138360.34617507,46886275.09236708,200.94,0,338,SRV004,cache-server-01,eu-west-1,staging,139024635.43854216,0.3131868131868132,-36.900000000000006,1.7000000000000028,0.5927433628318584,0
2026-06-08T11:17:55.907061,22.3,87.0,7054.89,75.4,92640260.70342198,47199355.75078492,67.57,0,338,SRV004,cache-server-01,eu-west-1,staging,139839616.45420688,0.2534090909090909,-6.199999999999999,-3.0,0.19932153392330382,0
2026-06-08T11:20:17.947455,10.6,95.1,7296.84,75.4,93232643.33432044,47692364.131771155,126.12,0,337,SRV002,api-server-01,ap-south-1,production,140925007.4660916,0.11030176899063476,-11.700000000000001,8.099999999999994,0.3731360946745562,0
2026-06-08T11:31:42.532883,92.9,83.0,6425.05,73.5,123100808.58823268,62875661.90742263,19.28,0,344,SRV005,worker-server-01,ap-south-1,development,185976470.4956553,1.105952380952381,82.30000000000001,-12.099999999999994,0.0558840579710145,1
2026-06-08T11:20:17.947455,18.6,95.1,7296.84,76.4,93232641.79064848,47692378.5659617,134.12,0,337,SRV002,api-server-01,ap-south-1,production,140925020.35661018,0.19354838709677422,-74.30000000000001,12.099999999999994,0.39680473372781067,0
2026-06-08T11:16:04.289775,31.700000000000003,89.1,6744.16,73.4,92199449.76810437,46914043.93527782,120.11,0,336,SRV001,web-server-01,ap-south-1,production,139113493.7033822,0.3518312985571588,13.100000000000001,-6.0,0.3564094955489614,0
2026-06-08T11:31:55.088538,94.7,83.7,6872.24,72.5,123178407.58890502,62977100.54688494,142.51,0,344,SRV003,database-server-01,us-east-1,production,186155508.13578996,1.1180637544273908,63.0,-5.3999999999999915,0.4130724637681159,1
2026-06-08T11:15:02.542413,84.0,93.8,7115.2,74.4,91766228.63564847,46707316.568845466,141.35,0,338,SRV001,web-server-01,ap-south-1,production,138473545.20449394,0.8860759493670887,-10.700000000000003,10.099999999999994,0.4169616519174041,0
2026-06-08T11:16:53.647754,25.8,87.1,6746.95,74.4,92369736.55998585,47015548.43629907,121.63,0,336,SRV004,cache-server-01,eu-west-1,staging,139385284.9962849,0.2928490351872872,-58.2,-6.700000000000003,0.36091988130563796,0
2026-06-08T11:19:34.620600,28.0,94.4,7003.91,72.4,93056149.78726049,47585670.84590014,119.31,0,339,SRV005,worker-server-01,ap-south-1,development,140641820.63316062,0.29350104821802936,2.1999999999999993,7.300000000000011,0.35091176470588237,0
2026-06-08T11:19:53.257765,39.9,86.8,7038.45,73.4,93136088.44264759,47629084.42636905,178.86,0,339,SRV003,database-server-01,us-east-1,production,140765172.86901665,0.4544419134396355,11.899999999999999,-7.6000000000000085,0.5260588235294118,0
2026-06-08T11:17:12.079570,23.9,83.1,6592.82,76.4,92463611.04682505,47059779.09652281,76.37,0,336,SRV002,api-server-01,ap-south-1,production,139523390.14334786,0.28418549346016647,-16.0,-3.700000000000003,0.2266172106824926,0
2026-06-08T11:12:59.149714,50.6,92.6,7100.05,76.4,91043841.86553422,45926127.68264823,140.91,0,335,SRV001,web-server-01,ap-south-1,production,136969969.54818243,0.5405982905982907,26.700000000000003,9.5,0.419375,0
2026-06-08T11:32:33.174907,58.5,85.3,6605.03,73.5,123365430.69874169,63773671.682729326,197.49,0,343,SRV002,api-server-01,ap-south-1,production,187139102.381471,0.6778679026651216,7.899999999999999,-7.299999999999997,0.5740988372093023,0
2026-06-08T11:19:28.479307,34.6,85.0,7051.77,76.4,93026830.18390985,47557715.73233875,209.71,0,340,SRV004,cache-server-01,eu-west-1,staging,140584545.9162486,0.40232558139534885,-23.9,-0.29999999999999716,0.6149853372434018,0
2026-06-08T11:20:30.224148,36.3,97.4,7315.95,73.4,93277624.43653467,47718860.596274234,133.2,0,338,SRV004,cache-server-01,eu-west-1,staging,140996485.0328089,0.3689024390243902,1.6999999999999957,12.400000000000006,0.39292035398230085,0
2026-06-08T11:13:36.117234,17.2,82.7,6874.81,74.4,91168821.96228486,46018560.439522736,86.06,0,336,SRV002,api-server-01,ap-south-1,production,137187382.4018076,0.20549581839904418,-19.099999999999998,-14.700000000000003,0.25537091988130567,0
2026-06-08T11:32:49.966233,43.3,81.4,6767.8,75.5,123461888.4314331,64134517.608822174,144.49,0,344,SRV001,web-server-01,ap-south-1,production,187596406.04025528,0.5254854368932038,26.099999999999998,-1.2999999999999972,0.4188115942028986,0
2026-06-08T11:13:11.540021,46.9,86.9,7200.05,74.4,91098981.57225412,45970610.798124686,135.59,0,337,SRV003,database-server-01,us-east-1,production,137069592.3703788,0.5335608646188851,3.6000000000000014,5.5,0.40115384615384614,0
2026-06-08T11:15:20.974637,23.2,87.2,6594.36,76.4,92011163.77719225,46820843.492200024,73.81,0,338,SRV004,cache-server-01,eu-west-1,staging,138832007.26939228,0.26303854875283444,-23.7,0.29999999999999716,0.21772861356932155,0
2026-06-08T11:31:46.682829,36.5,83.0,6422.06,73.5,123134029.46266209,62924265.121664874,64.7,0,344,SRV001,web-server-01,ap-south-1,production,186058294.58432695,0.43452380952380953,13.3,-4.200000000000003,0.187536231884058,0
2026-06-08T11:30:52.409914,66.3,97.5,7246.98,72.5,122810790.74282576,62233167.32640067,131.48,0,343,SRV003,database-server-01,us-east-1,production,185043958.06922644,0.6730964467005076,29.799999999999997,14.5,0.38220930232558137,0
2026-06-08T11:15:33.388006,27.1,84.8,6648.07,72.4,92069077.68131025,46847541.05040116,212.4,0,338,SRV001,web-server-01,ap-south-1,production,138916618.73171142,0.31585081585081587,-39.199999999999996,-12.700000000000003,0.6265486725663717,0
2026-06-08T11:18:14.441285,7.800000000000001,83.9,6963.88,75.4,92702792.59915213,47244574.72382116,123.36,0,337,SRV002,api-server-01,ap-south-1,production,139947367.3229733,0.09187279151943463,-19.3,-0.8999999999999915,0.3649704142011834,0
2026-06-08T11:20:54.800941,22.6,94.4,7393.33,74.4,93381198.4416547,48119410.84567798,137.01,0,338,SRV003,database-server-01,us-east-1,production,141500609.28733268,0.23689727463312368,14.8,10.5,0.4041592920353982,0
2026-06-08T11:32:54.164046,62.9,82.4,6766.25,74.5,123480451.14951085,64243293.58040081,191.18,0,345,SRV002,api-server-01,ap-south-1,production,187723744.72991166,0.7541966426858513,40.3,-12.0,0.5525433526011561,0
2026-06-08T11:13:54.662803,9.6,93.0,6971.2,75.4,91218260.24567172,46067738.07779214,164.41,0,336,SRV005,worker-server-01,ap-south-1,development,137285998.32346386,0.10212765957446808,-53.3,10.599999999999994,0.4878635014836795,0
2026-06-08T11:32:12.077588,49.7,81.1,6665.66,75.5,123260547.09529833,63352154.07599447,135.57,0,344,SRV002,api-server-01,ap-south-1,production,186612701.1712928,0.605359317904994,40.1,-11.900000000000006,0.3929565217391304,0
2026-06-08T11:19:59.504498,44.9,95.6,7257.89,74.4,93162566.70537828,47647307.61001279,234.47,0,339,SRV004,cache-server-01,eu-west-1,staging,140809874.31539106,0.4648033126293996,-4.800000000000004,14.5,0.6896176470588236,0
2026-06-08T11:16:59.791192,17.4,81.2,6751.6,72.4,92389473.34541634,47027951.481771395,112.21,0,336,SRV005,worker-server-01,ap-south-1,development,139417424.82718772,0.21167883211678828,-27.5,-14.399999999999991,0.3329673590504451,0
2026-06-08T11:31:46.682829,40.5,86.0,6422.06,72.5,123134010.26617458,62924282.51445407,85.7,0,344,SRV001,web-server-01,ap-south-1,production,186058292.78062865,0.46551724137931033,23.1,4.799999999999997,0.24840579710144928,0
2026-06-08T11:19:16.006900,20.6,86.7,7030.89,75.4,92981288.69138505,47509521.90632709,79.31,0,340,SRV002,api-server-01,ap-south-1,production,140490810.59771213,0.23489167616875714,-19.9,0.7000000000000028,0.23258064516129032,0
2026-06-08T11:31:34.311471,87.9,98.7,7422.15,75.5,123034171.74630634,62791374.6037272,92.0,0,343,SRV003,database-server-01,us-east-1,production,185825546.35003355,0.8816449348044133,67.30000000000001,12.0,0.26744186046511625,1
2026-06-08T11:18:08.298829,15.0,89.2,6913.36,74.4,92686501.18851227,47231341.77695088,104.68,0,337,SRV001,web-server-01,ap-south-1,production,139917842.96546316,0.1662971175166297,-72.9,-9.5,0.3097041420118343,0
2026-06-08T11:33:15.173880,47.8,91.1,6748.42,73.5,123596325.00770983,64482207.10024487,190.88,0,344,SRV002,api-server-01,ap-south-1,production,188078532.1079547,0.5190010857763301,32.8,1.8999999999999915,0.5532753623188406,0
2026-06-08T11:15:20.974637,26.2,79.2,6594.36,73.4,92011249.45497616,46820769.20245165,127.81,0,338,SRV004,cache-server-01,eu-west-1,staging,138832018.6574278,0.32668329177057354,-21.599999999999998,-11.899999999999991,0.3770206489675516,0
2026-06-08T11:16:53.647754,20.8,88.1,6746.95,73.4,92369698.34378329,47015477.4474479,125.63,0,336,SRV004,cache-server-01,eu-west-1,staging,139385175.7912312,0.23344556677890013,-5.399999999999999,8.899999999999991,0.3727893175074184,0
2026-06-08T11:20:17.947455,19.6,89.1,7296.84,72.4,93232670.77605687,47692345.69933796,114.12,0,337,SRV002,api-server-01,ap-south-1,production,140925016.47539485,0.2175360710321865,-1.1999999999999993,1.0,0.33763313609467455,0
2026-06-08T11:15:58.145405,24.5,82.7,6790.75,73.4,92181699.06774192,46902485.720001206,141.86,0,338,SRV005,worker-server-01,ap-south-1,development,139084184.78774312,0.2927120669056153,4.899999999999999,-6.3999999999999915,0.41846607669616526,0
2026-06-08T11:16:53.647754,23.8,89.1,6746.95,75.4,92369743.72777545,47015533.78931637,133.63,0,336,SRV004,cache-server-01,eu-west-1,staging,139385277.5170918,0.2641509433962264,-0.6999999999999993,6.3999999999999915,0.3965281899109792,0
2026-06-08T11:16:41.257898,36.6,82.5,6774.29,76.4,92336837.82094085,46994102.9983207,99.66,0,336,SRV002,api-server-01,ap-south-1,production,139330940.81926155,0.4383233532934132,12.8,-6.599999999999994,0.29572700296735904,0
2026-06-08T11:33:06.704177,79.5,91.3,6759.52,72.5,123558876.5085356,64442517.20171245,109.35,0,344,SRV005,worker-server-01,ap-south-1,development,188001393.71024805,0.8613217768147345,42.9,8.799999999999997,0.3169565217391304,0
2026-06-08T11:30:52.409914,73.3,90.5,7246.98,75.5,122810758.70695306,62233143.46863511,178.48,0,343,SRV003,database-server-01,us-east-1,production,185043902.1755882,0.8010928961748633,-6.200000000000003,-0.7999999999999972,0.5188372093023256,0
2026-06-08T11:31:09.110406,70.4,94.9,7280.88,76.5,122891171.03650066,62493816.58593246,50.34,0,343,SRV002,api-server-01,ap-south-1,production,185384987.62243313,0.7340980187695516,-2.8999999999999915,4.400000000000006,0.1463372093023256,0
2026-06-08T11:18:45.282146,37.1,86.7,6871.71,74.4,92822742.60740945,47332572.72486798,102.19,0,340,SRV002,api-server-01,ap-south-1,production,140155315.33227742,0.42303306727480045,-33.300000000000004,-8.200000000000003,0.2996774193548387,0
2026-06-08T11:32:20.576921,54.7,82.3,6765.6,72.5,123305374.14320093,63529651.073854476,155.81,0,343,SRV004,cache-server-01,eu-west-1,staging,186835025.2170554,0.6566626650660264,17.6,-4.400000000000006,0.4529360465116279,0
2026-06-08T11:14:13.096646,69.8,93.2,6993.2,74.4,91361978.4423543,46478834.51303985,153.0,0,339,SRV003,database-server-01,us-east-1,production,137840812.95539415,0.7409766454352441,15.099999999999994,10.900000000000006,0.45,0
2026-06-08T11:31:55.088538,98.7,91.7,6872.24,75.5,123178351.54782133,62977048.65692824,106.51,0,344,SRV003,database-server-01,us-east-1,production,186155400.20474958,1.064724919093851,28.900000000000006,-1.5,0.30872463768115943,1
2026-06-08T11:14:13.096646,71.8,88.2,6993.2,75.4,91362022.10483924,46478797.233310595,101.0,0,339,SRV003,database-server-01,us-east-1,production,137840819.33814985,0.804932735426009,-26.900000000000006,-3.5,0.29705882352941176,0
2026-06-08T11:13:17.694905,14.5,97.5,7245.87,75.4,91115699.40958482,45982228.18619315,120.63,0,337,SRV004,cache-server-01,eu-west-1,staging,137097927.595778,0.14720812182741116,-57.3,9.299999999999997,0.35689349112426033,0
2026-06-08T11:14:37.650710,21.6,86.8,7117.37,74.4,91443661.77769889,46531851.612001136,91.38,0,336,SRV002,api-server-01,ap-south-1,production,137975513.38970003,0.24601366742596814,7.100000000000001,-10.700000000000003,0.2711572700296736,0
2026-06-08T11:19:47.035267,42.2,84.8,7034.85,76.4,93098852.78821084,47614100.75612289,250.01,0,339,SRV002,api-server-01,ap-south-1,production,140712953.54433373,0.4918414918414919,20.6,-2.0,0.7353235294117647,0
2026-06-08T11:32:49.966233,51.3,91.4,6767.8,76.5,123461954.82744153,64134582.04406353,131.49,0,344,SRV001,web-server-01,ap-south-1,production,187596536.87150505,0.5551948051948051,9.099999999999994,6.6000000000000085,0.3811304347826087,0
2026-06-08T11:30:39.833669,99.9,97.9,7283.15,75.5,122741393.45752524,62111431.55391736,106.87,0,343,SRV005,worker-server-01,ap-south-1,development,184852825.0114426,1.0101112234580385,48.60000000000001,6.5,0.3106686046511628,1
2026-06-08T11:14:50.020526,61.3,86.6,7178.71,75.4,91536021.14170924,46573772.575085014,86.33,0,336,SRV004,cache-server-01,eu-west-1,staging,138109793.71679425,0.699771689497717,-38.60000000000001,-11.300000000000011,0.2561721068249258,0
2026-06-08T11:32:16.388014,86.5,82.2,6757.16,72.5,123285589.4504098,63494998.37580605,155.12,0,343,SRV003,database-server-01,us-east-1,production,186780587.82621586,1.0396634615384615,25.200000000000003,-4.3999999999999915,0.4509302325581395,1
2026-06-08T11:15:45.664174,26.1,90.5,6697.25,74.4,92114717.71658377,46873944.64646785,128.20999999999998,0,338,SRV003,database-server-01,us-east-1,production,138988662.36305162,0.28524590163934427,-60.4,8.299999999999997,0.37820058997050143,0
2026-06-08T11:19:22.263984,15.5,93.9,7041.53,76.4,93009144.30715626,47546064.26028511,225.92,0,340,SRV003,database-server-01,us-east-1,production,140555208.56744137,0.16332982086406744,-10.600000000000001,3.4000000000000057,0.6625219941348973,0
2026-06-08T11:32:12.077588,56.7,81.1,6665.66,76.5,123260527.84326173,63352182.540081464,148.57,0,344,SRV002,api-server-01,ap-south-1,production,186612710.3833432,0.6906211936662607,41.2,-12.800000000000011,0.43063768115942025,0
2026-06-08T11:20:17.947455,11.6,97.1,7296.84,73.4,93232658.18898141,47692429.222153425,145.12,0,337,SRV002,api-server-01,ap-south-1,production,140925087.41113484,0.11824668705402651,-45.1,16.0,0.4293491124260355,0
2026-06-08T11:19:22.263984,7.5,84.9,7041.53,74.4,93009165.19945556,47546106.28298806,193.92,0,340,SRV003,database-server-01,us-east-1,production,140555271.48244363,0.08731082654249127,-4.1,-12.199999999999989,0.5686803519061583,0
2026-06-08T11:15:39.510036,41.0,80.4,6691.67,75.4,92096767.76151788,46861907.97464061,103.54,0,338,SRV002,api-server-01,ap-south-1,production,138958675.7361585,0.5036855036855037,33.5,-4.5,0.3054277286135693,0
2026-06-08T11:31:46.682829,41.5,84.0,6422.06,75.5,123133986.65281974,62924193.66504409,79.7,0,344,SRV001,web-server-01,ap-south-1,production,186058180.31786382,0.48823529411764705,0.5,3.5999999999999943,0.2310144927536232,0
2026-06-08T11:17:37.474660,23.0,91.5,7014.91,75.4,92582580.5686148,47155190.314934984,102.45,0,337,SRV001,web-server-01,ap-south-1,production,139737770.88354978,0.24864864864864866,-18.5,7.5,0.30310650887573964,0
2026-06-08T11:31:05.004439,40.3,93.9,7280.51,72.5,122867976.94570678,62432107.334895395,160.84,0,343,SRV001,web-server-01,ap-south-1,production,185300084.2806022,0.42465753424657526,17.299999999999997,2.4000000000000057,0.46755813953488373,0
2026-06-08T11:32:07.899937,51.8,84.0,6741.8,75.5,123243220.56225644,63241510.70373633,205.29,0,344,SRV001,web-server-01,ap-south-1,production,186484731.26599276,0.6094117647058823,11.5,-9.900000000000006,0.5950434782608696,0
2026-06-08T11:32:28.975147,46.6,81.3,6765.18,75.5,123347402.62553993,63679706.346847504,80.22,0,343,SRV001,web-server-01,ap-south-1,production,187027108.97238743,0.566221142162819,-5.199999999999996,-2.700000000000003,0.23319767441860464,0
2026-06-08T11:14:56.193454,38.4,88.4,7080.66,76.4,91710331.76304378,46684077.897312045,140.15,0,336,SRV005,worker-server-01,ap-south-1,development,138394409.6603558,0.4295302013422818,-8.200000000000003,7.1000000000000085,0.4158753709198813,0
2026-06-08T11:15:08.686774,53.8,95.0,7284.44,72.4,91819845.50967334,46729631.36688042,98.22,0,338,SRV002,api-server-01,ap-south-1,production,138549476.87655377,0.5604166666666667,15.399999999999999,6.599999999999994,0.2897345132743363,0
2026-06-08T11:17:05.935258,15.0,84.4,6771.88,75.4,92435107.4343669,47048151.77348305,61.86,0,336,SRV001,web-server-01,ap-south-1,production,139483259.20784995,0.1756440281030445,-38.8,-10.599999999999994,0.18356083086053412,0
2026-06-08T11:18:39.120576,38.3,88.5,6855.0,73.4,92805698.70342362,47321309.892172806,84.83,0,342,SRV001,web-server-01,ap-south-1,production,140127008.59559643,0.42793296089385474,23.299999999999997,4.099999999999994,0.24731778425655976,0
2026-06-08T11:31:00.806140,85.2,98.2,7301.48,75.5,122850768.84102547,62388785.84068738,120.34,0,345,SRV005,worker-server-01,ap-south-1,development,185239554.68171287,0.8588709677419355,46.900000000000006,9.700000000000003,0.3478034682080925,1
2026-06-08T11:32:45.770343,72.0,81.4,6771.26,75.5,123441007.9511017,64052285.092827216,70.9,0,344,SRV005,worker-server-01,ap-south-1,development,187493293.04392892,0.8737864077669902,-13.200000000000003,-16.799999999999997,0.20550724637681161,0
2026-06-08T11:15:51.919492,25.5,83.0,6734.82,74.4,92138322.85881513,46886216.81297315,210.94,0,338,SRV004,cache-server-01,eu-west-1,staging,139024539.67178828,0.30357142857142855,-46.5,1.5999999999999943,0.6222418879056048,0
2026-06-08T11:17:05.935258,7.0,83.4,6771.88,74.4,92435088.8647068,47048175.774486996,52.86,0,336,SRV001,web-server-01,ap-south-1,production,139483264.6391938,0.08293838862559241,-18.5,0.4000000000000057,0.15685459940652818,0
2026-06-08T11:15:33.388006,27.1,82.8,6648.07,75.4,92069094.45864439,46847533.34242692,164.4,0,338,SRV001,web-server-01,ap-south-1,production,138916627.80107132,0.32338902147971366,20.1,-0.6000000000000085,0.4849557522123894,0
2026-06-08T11:15:20.974637,31.2,81.2,6594.36,73.4,92011245.45523836,46820839.01758445,92.81,0,338,SRV004,cache-server-01,eu-west-1,staging,138832084.47282282,0.3795620437956204,4.099999999999998,-1.5999999999999943,0.27377581120943956,0
2026-06-08T11:14:00.795334,52.3,94.6,7101.47,76.4,91239828.1217619,46199427.454952896,123.98,0,338,SRV001,web-server-01,ap-south-1,production,137439255.5767148,0.547071129707113,21.099999999999998,13.399999999999991,0.36572271386430677,0
2026-06-08T11:13:36.117234,8.2,87.7,6874.81,74.4,91168899.05110697,46018519.28154932,115.06,0,336,SRV002,api-server-01,ap-south-1,production,137187418.3326563,0.09244644870349492,-44.099999999999994,-6.8999999999999915,0.34142433234421365,0
2026-06-08T11:20:48.656903,17.2,96.8,7352.82,74.4,93357546.43563685,48102645.71547193,138.49,0,338,SRV002,api-server-01,ap-south-1,production,141460192.15110877,0.17586912065439672,9.0,9.099999999999994,0.4085250737463127,0
2026-06-08T11:31:46.682829,40.5,83.0,6422.06,72.5,123134035.55514136,62924251.52706746,121.7,0,344,SRV001,web-server-01,ap-south-1,production,186058287.0822088,0.48214285714285715,23.3,-13.799999999999997,0.3527536231884058,0
2026-06-08T11:32:41.567763,17.7,84.3,6684.21,74.5,123409118.91677593,63932696.14710625,167.97,0,344,SRV004,cache-server-01,eu-west-1,staging,187341815.06388217,0.20750293083235638,-22.8,1.2999999999999972,0.4868695652173913,0
2026-06-08T11:14:06.934830,44.6,88.1,6823.69,74.4,91310077.06831354,46325185.200044155,89.7,0,337,SRV002,api-server-01,ap-south-1,production,137635262.2683577,0.500561167227834,26.900000000000002,3.799999999999997,0.2653846153846154,0
2026-06-08T11:14:00.795334,50.3,91.6,7101.47,74.4,91239833.21378836,46199436.61796205,92.98,0,338,SRV001,web-server-01,ap-south-1,production,137439269.8317504,0.5431965442764579,5.699999999999996,3.5,0.27427728613569324,0
2026-06-08T11:17:43.618923,15.9,93.4,7005.16,73.4,92603934.45850864,47171594.48331062,129.59,0,338,SRV002,api-server-01,ap-south-1,production,139775528.94181925,0.1684322033898305,-34.4,1.8000000000000114,0.3822713864306785,0
2026-06-08T11:32:54.164046,54.9,88.4,6766.25,74.5,123480459.59508543,64243256.370113626,111.18,0,345,SRV002,api-server-01,ap-south-1,production,187723715.96519905,0.6140939597315436,39.0,-5.0,0.3213294797687861,0
2026-06-08T11:14:19.203948,36.2,84.5,6932.37,73.4,91399003.76651445,46499395.13494612,43.44,0,337,SRV004,cache-server-01,eu-west-1,staging,137898398.9014606,0.4233918128654971,-18.699999999999996,-3.9000000000000057,0.1285207100591716,0
2026-06-08T11:20:24.098528,16.0,97.3,7312.16,73.4,93258278.81250127,47706238.228494294,108.44,0,337,SRV003,database-server-01,us-east-1,production,140964517.04099557,0.16276703967446593,-20.200000000000003,12.799999999999997,0.3208284023668639,0
2026-06-08T11:16:22.837154,15.0,89.3,6762.44,75.4,92282438.47258848,46959803.15606747,235.64,0,336,SRV004,cache-server-01,eu-west-1,staging,139242241.62865594,0.16611295681063123,-1.0,-8.0,0.6992284866468842,0
2026-06-08T11:18:26.729159,21.2,88.6,6708.41,73.4,92742452.47968136,47266613.089691974,123.99,0,337,SRV004,cache-server-01,eu-west-1,staging,140009065.56937334,0.23660714285714288,6.199999999999999,-0.7000000000000028,0.3668343195266272,0
2026-06-08T11:33:15.173880,42.8,89.1,6748.42,76.5,123596265.59270173,64482201.32864967,132.88,0,344,SRV002,api-server-01,ap-south-1,production,188078466.9213514,0.4750277469478357,21.599999999999998,0.5,0.38515942028985506,0
2026-06-08T11:32:12.077588,48.7,88.1,6665.66,76.5,123260497.09355095,63352186.72617392,158.57,0,344,SRV002,api-server-01,ap-south-1,production,186612683.81972486,0.5465768799102133,5.900000000000006,-1.0,0.4596231884057971,0
2026-06-08T11:16:10.460365,29.1,91.4,6769.83,74.4,92224663.41718303,46927079.05947959,176.78,0,336,SRV002,api-server-01,ap-south-1,production,139151742.4766626,0.31493506493506496,-19.6,3.3000000000000114,0.5245697329376855,0
2026-06-08T11:18:39.120576,38.3,90.5,6855.0,75.4,92805742.2442349,47321298.55675811,103.83,0,342,SRV001,web-server-01,ap-south-1,production,140127040.80099303,0.41857923497267757,9.199999999999996,-0.9000000000000057,0.30271137026239064,0
2026-06-08T11:32:12.077588,49.7,80.1,6665.66,74.5,123260479.24733147,63352196.73912876,153.57,0,344,SRV002,api-server-01,ap-south-1,production,186612675.98646024,0.6128236744759556,11.400000000000006,-10.400000000000006,0.44513043478260866,0
2026-06-08T11:30:48.215012,65.3,89.5,7244.77,72.5,122792580.70525232,62211334.136625744,210.08,0,343,SRV002,api-server-01,ap-south-1,production,185003914.84187806,0.7215469613259669,15.599999999999994,9.400000000000006,0.6106976744186047,0
2026-06-08T11:17:49.762560,8.9,94.9,7048.01,76.4,92623161.28963807,47183442.02287841,109.32,0,338,SRV003,database-server-01,us-east-1,production,139806603.31251648,0.09280500521376434,-56.4,5.400000000000006,0.32247787610619466,0
2026-06-08T11:15:27.144054,35.1,88.5,6624.39,73.4,92050390.85697486,46835479.93820932,188.2,0,338,SRV005,worker-server-01,ap-south-1,development,138885870.79518417,0.3921787709497207,26.200000000000003,-6.400000000000006,0.5551622418879055,0
2026-06-08T11:31:55.088538,96.7,85.7,6872.24,72.5,123178340.75141425,62977098.1738254,89.51,0,344,SRV003,database-server-01,us-east-1,production,186155438.92523965,1.1153402537485582,61.6,-2.799999999999997,0.2594492753623189,1
2026-06-08T11:30:44.012491,51.8,95.6,7252.98,74.5,122762342.08549687,62172162.74282562,116.09,0,342,SRV001,web-server-01,ap-south-1,production,184934504.8283225,0.5362318840579711,-44.900000000000006,9.899999999999991,0.3384548104956268,0
2026-06-08T11:13:36.117234,18.2,83.7,6874.81,75.4,91168830.78250785,46018521.0559622,108.06,0,336,SRV002,api-server-01,ap-south-1,production,137187351.83847004,0.21487603305785122,-33.599999999999994,-11.899999999999991,0.32065281899109793,0
2026-06-08T11:18:32.975711,19.1,85.1,6827.21,72.4,92782935.86746691,47297930.32420992,217.74,0,340,SRV005,worker-server-01,ap-south-1,development,140080866.19167683,0.22183507549361212,0.9000000000000021,1.3999999999999915,0.638533724340176,0
2026-06-08T11:12:59.149714,45.6,89.6,7100.05,76.4,91043817.4724142,45926116.42994416,102.91,0,335,SRV001,web-server-01,ap-south-1,production,136969933.90235835,0.5033112582781457,26.5,4.5,0.3062797619047619,0
2026-06-08T11:32:12.077588,56.7,80.1,6665.66,76.5,123260507.66679293,63352201.242326364,182.57,0,344,SRV002,api-server-01,ap-south-1,production,186612708.9091193,0.6991368680641185,11.100000000000001,-9.5,0.5291884057971015,0
2026-06-08T11:19:53.257765,36.9,89.8,7038.45,75.4,93136131.45003615,47629054.626476996,121.86000000000001,0,339,SRV003,database-server-01,us-east-1,production,140765186.07651314,0.4063876651982379,-19.800000000000004,9.700000000000003,0.3584117647058824,0
2026-06-08T11:17:05.935258,14.0,91.4,6771.88,73.4,92435096.90966871,47048133.503485866,109.86,0,336,SRV001,web-server-01,ap-south-1,production,139483230.41315457,0.15151515151515152,-22.9,1.6000000000000085,0.3259940652818991,0
2026-06-08T11:18:02.152872,1.5,87.9,6966.63,75.4,92659464.65100293,47210994.177847385,232.53,0,338,SRV005,worker-server-01,ap-south-1,development,139870458.82885033,0.016872890888638917,-12.5,-3.5,0.685929203539823,0
2026-06-08T11:19:47.035267,38.2,85.8,7034.85,72.4,93098807.2440563,47614075.04307204,195.01,0,339,SRV002,api-server-01,ap-south-1,production,140712882.28712833,0.44009216589861755,36.7,-2.1000000000000085,0.5735588235294118,0
2026-06-08T11:13:17.694905,4.5,88.5,7245.87,72.4,91115729.0643646,45982189.184443176,144.63,0,337,SRV004,cache-server-01,eu-west-1,staging,137097918.2488078,0.05027932960893855,-33.7,2.700000000000003,0.4278994082840237,0
2026-06-08T11:16:04.289775,36.7,86.1,6744.16,76.4,92199389.08291946,46914083.239474826,141.11,0,336,SRV001,web-server-01,ap-south-1,production,139113472.32239428,0.4213547646383468,32.2,-2.4000000000000057,0.4187240356083086,0
2026-06-08T11:31:50.902397,69.0,83.1,6436.1,72.5,123154833.98364675,62951122.35596629,153.56,0,344,SRV002,api-server-01,ap-south-1,production,186105956.33961305,0.8204518430439953,32.3,-3.0,0.4451014492753623,0
2026-06-08T11:33:10.974811,78.6,84.4,6767.39,75.5,123576705.15161018,64454758.33589729,232.11,0,344,SRV001,web-server-01,ap-south-1,production,188031463.48750746,0.9203747072599531,9.599999999999994,1.3000000000000114,0.6727826086956522,0
2026-06-08T11:17:37.474660,30.0,94.5,7014.91,74.4,92582658.26113176,47155145.1343751,131.45,0,337,SRV001,web-server-01,ap-south-1,production,139737803.39550686,0.31413612565445026,-48.599999999999994,10.099999999999994,0.388905325443787,0
2026-06-08T11:20:48.656903,20.2,95.8,7352.82,76.4,93357599.90116176,48102633.563631445,114.49,0,338,SRV002,api-server-01,ap-south-1,production,141460233.4647932,0.20867768595041322,-9.8,1.2999999999999972,0.33772861356932155,0
2026-06-08T11:13:54.662803,9.6,85.0,6971.2,76.4,91218313.75156397,46067684.96833343,187.41,0,336,SRV005,worker-server-01,ap-south-1,development,137285998.7198974,0.11162790697674418,-10.6,-10.799999999999997,0.5561127596439169,0
2026-06-08T11:16:35.112017,33.7,87.6,6710.79,76.4,92318289.18752165,46982476.42980614,50.269999999999996,0,336,SRV001,web-server-01,ap-south-1,production,139300765.6173278,0.3803611738148985,24.1,2.5999999999999943,0.14916913946587537,0
2026-06-08T11:15:20.974637,24.2,79.2,6594.36,75.4,92011217.56295615,46820829.66123426,123.81,0,338,SRV004,cache-server-01,eu-west-1,staging,138832047.2241904,0.3017456359102244,-9.500000000000004,-8.399999999999991,0.3652212389380531,0
2026-06-08T11:14:31.515623,41.7,93.6,7179.52,74.4,91428208.62276997,46520720.43703336,64.32,0,337,SRV001,web-server-01,ap-south-1,production,137948929.05980334,0.44080338266384783,17.500000000000004,14.399999999999991,0.19029585798816567,0
2026-06-08T11:33:06.704177,78.5,83.3,6759.52,74.5,123558928.44901845,64442581.39594851,77.35,0,344,SRV005,worker-server-01,ap-south-1,development,188001509.84496695,0.9311981020166074,36.8,-10.299999999999997,0.22420289855072462,0
2026-06-08T11:13:42.280798,29.7,92.7,6872.73,74.4,91181195.06002592,46028787.77230777,127.4,0,336,SRV003,database-server-01,us-east-1,production,137209982.83233368,0.31696905016008536,-48.8,9.400000000000006,0.37804154302670623,0
2026-06-08T11:17:55.907061,16.3,89.0,7054.89,73.4,92640194.14953192,47199370.65326426,79.57,0,338,SRV004,cache-server-01,eu-west-1,staging,139839564.80279619,0.1811111111111111,-13.399999999999999,-3.700000000000003,0.2347197640117994,0
2026-06-08T11:32:07.899937,48.8,83.0,6741.8,76.5,123243247.12600614,63241550.8661404,198.29,0,344,SRV001,web-server-01,ap-south-1,production,186484797.99214655,0.5809523809523809,32.5,-6.0,0.5747536231884057,0
2026-06-08T11:18:08.298829,13.0,86.2,6913.36,74.4,92686485.09754592,47231277.941569954,105.68,0,337,SRV001,web-server-01,ap-south-1,production,139917763.03911588,0.14908256880733944,-35.8,3.200000000000003,0.31266272189349115,0
2026-06-08T11:13:29.993599,22.8,83.0,6898.87,75.4,91152057.7311952,46006320.67715217,82.48,0,337,SRV001,web-server-01,ap-south-1,production,137158378.40834737,0.27142857142857146,9.8,-3.200000000000003,0.24402366863905325,0
2026-06-08T11:18:57.564095,35.9,93.1,6979.52,74.4,92876626.4353559,47375771.64387881,91.62,0,340,SRV004,cache-server-01,eu-west-1,staging,140252398.07923472,0.38150903294367694,13.099999999999998,10.099999999999994,0.26868035190615835,0
2026-06-08T11:14:00.795334,55.3,85.6,7101.47,72.4,91239782.05663794,46199460.273111604,94.98,0,338,SRV001,web-server-01,ap-south-1,production,137439242.32974955,0.6385681293302541,19.4,-7.5,0.2801769911504425,0
2026-06-08T11:14:43.803217,33.7,91.5,7166.46,76.4,91480322.42348745,46551599.67395996,72.22,0,336,SRV003,database-server-01,us-east-1,production,138031922.09744743,0.3643243243243244,-21.599999999999994,5.900000000000006,0.2143026706231454,0
2026-06-08T11:16:35.112017,34.7,82.6,6710.79,75.4,92318294.40282659,46982403.79252181,121.27,0,336,SRV001,web-server-01,ap-south-1,production,139300698.1953484,0.4150717703349283,1.0,-8.900000000000006,0.3598516320474777,0
2026-06-08T11:31:21.696076,66.9,91.5,7322.62,75.5,122950938.5598555,62658255.95091833,194.48,0,343,SRV005,worker-server-01,ap-south-1,development,185609194.51077384,0.7232432432432433,32.2,8.900000000000006,0.5653488372093023,0
2026-06-08T11:32:41.567763,23.7,81.3,6684.21,74.5,123409119.12041879,63932698.62830574,137.97,0,344,SRV004,cache-server-01,eu-west-1,staging,187341817.74872452,0.28797083839611176,-43.2,-10.200000000000003,0.39991304347826084,0
2026-06-08T11:20:54.800941,25.6,94.4,7393.33,75.4,93381200.59099746,48119475.99426527,74.01,0,338,SRV003,database-server-01,us-east-1,production,141500676.58526272,0.26834381551362685,1.9000000000000021,13.100000000000009,0.21831858407079646,0
2026-06-08T11:20:11.792144,10.5,91.7,7266.76,75.4,93214708.73531811,47681555.08195591,100.08,0,337,SRV001,web-server-01,ap-south-1,production,140896263.81727403,0.11326860841423948,-15.100000000000001,-2.700000000000003,0.296094674556213,0
2026-06-08T11:20:05.649186,19.6,88.6,7258.12,76.4,93184871.60065506,47661563.539186016,51.7,0,337,SRV005,worker-server-01,ap-south-1,development,140846435.13984108,0.21875000000000003,9.100000000000001,-3.1000000000000085,0.15295857988165681,0
2026-06-08T11:18:14.441285,4.800000000000001,91.9,6963.88,72.4,92702769.11625928,47244588.75702785,128.36,0,337,SRV002,api-server-01,ap-south-1,production,139947357.87328714,0.05166846071044134,-14.8,3.3000000000000114,0.3797633136094675,0
2026-06-08T11:15:45.664174,17.1,84.5,6697.25,72.4,92114708.68269683,46873963.843267344,83.21,0,338,SRV003,database-server-01,us-east-1,production,138988672.52596417,0.2,12.3,-7.400000000000006,0.24545722713864304,0
2026-06-08T11:19:53.257765,38.9,88.8,7038.45,73.4,93136060.44289257,47629063.28890188,139.86,0,339,SRV003,database-server-01,us-east-1,production,140765123.73179445,0.43318485523385303,21.799999999999997,4.299999999999997,0.41135294117647064,0
2026-06-08T11:15:14.831093,42.0,93.6,6943.11,73.4,91855875.65489005,46754141.78026175,97.51,0,338,SRV003,database-server-01,us-east-1,production,138610017.4351518,0.4439746300211417,3.1000000000000014,4.799999999999997,0.28764011799410033,0
2026-06-08T11:20:30.224148,28.299999999999997,93.4,7315.95,74.4,93277644.83274399,47718822.59440932,70.2,0,338,SRV004,cache-server-01,eu-west-1,staging,140996467.4271533,0.2997881355932203,-13.700000000000003,-0.19999999999998863,0.20707964601769913,0
2026-06-08T11:15:45.664174,16.1,84.5,6697.25,75.4,92114731.98833628,46873926.6651746,87.21,0,338,SRV003,database-server-01,us-east-1,production,138988658.65351087,0.18830409356725147,-12.199999999999996,-8.900000000000006,0.25725663716814157,0
2026-06-08T11:20:48.656903,16.2,92.8,7352.82,74.4,93357599.71499263,48102616.70511416,57.489999999999995,0,338,SRV002,api-server-01,ap-south-1,production,141460216.4201068,0.17270788912579957,0.09999999999999787,8.299999999999997,0.16958702064896752,0
2026-06-08T11:15:58.145405,18.5,86.7,6790.75,74.4,92181704.80578624,46902498.857490495,141.86,0,338,SRV005,worker-server-01,ap-south-1,development,139084203.66327673,0.21094640820980615,2.3000000000000007,-6.099999999999994,0.41846607669616526,0
2026-06-08T11:19:53.257765,41.9,88.8,7038.45,76.4,93136075.0996663,47629033.59182455,173.86,0,339,SRV003,database-server-01,us-east-1,production,140765108.69149083,0.4665924276169265,23.4,2.0999999999999943,0.5113529411764707,0
2026-06-08T11:20:30.224148,34.3,94.4,7315.95,74.4,93277644.33415736,47718902.397740014,74.2,0,338,SRV004,cache-server-01,eu-west-1,staging,140996546.73189738,0.3595387840670859,-7.600000000000001,5.6000000000000085,0.21887905604719765,0
2026-06-08T11:19:22.263984,6.5,89.9,7041.53,75.4,93009144.32795027,47546113.5927658,256.91999999999996,0,340,SRV003,database-server-01,us-east-1,production,140555257.92071608,0.07150715071507151,-27.799999999999997,-4.5,0.7534310850439881,0
2026-06-08T11:31:09.110406,67.4,92.9,7280.88,74.5,122891212.55372415,62493726.57013926,87.34,0,343,SRV002,api-server-01,ap-south-1,production,185384939.1238634,0.7177848775292865,60.900000000000006,3.0,0.2538953488372093,0
2026-06-08T11:18:32.975711,20.1,92.1,6827.21,76.4,92782935.40174975,47297945.1412962,204.74,0,340,SRV005,worker-server-01,ap-south-1,development,140080880.54304594,0.21589688506981744,-47.300000000000004,-0.8000000000000114,0.6004105571847508,0
2026-06-08T11:18:20.585453,40.1,80.7,6712.98,73.4,92721965.83764583,47255399.74569029,72.42,0,337,SRV003,database-server-01,us-east-1,production,139977365.5833361,0.4908200734394125,20.0,-11.399999999999991,0.2142603550295858,0
2026-06-08T11:13:17.694905,6.5,88.5,7245.87,75.4,91115682.5224381,45982164.84840618,131.63,0,337,SRV004,cache-server-01,eu-west-1,staging,137097847.37084427,0.07262569832402235,-33.6,7.799999999999997,0.3894378698224852,0
2026-06-08T11:32:28.975147,45.6,81.3,6765.18,72.5,123347419.5247685,63679732.87694689,100.22,0,343,SRV001,web-server-01,ap-south-1,production,187027152.4017154,0.5540704738760632,39.1,-7.200000000000003,0.2913372093023256,0
2026-06-08T11:15:27.144054,26.1,83.5,6624.39,74.4,92050417.1878416,46835474.438620426,111.19999999999999,0,338,SRV005,worker-server-01,ap-south-1,development,138885891.626462,0.30887573964497045,-19.5,2.200000000000003,0.32802359882005894,0
2026-06-08T11:32:28.975147,48.6,82.3,6765.18,74.5,123347415.89108393,63679744.35760877,131.22,0,343,SRV001,web-server-01,ap-south-1,production,187027160.2486927,0.5834333733493398,22.5,-1.2000000000000028,0.38145348837209303,0
2026-06-08T11:31:21.696076,75.9,98.5,7322.62,75.5,122950954.31836928,62658265.19741405,102.47999999999999,0,343,SRV005,worker-server-01,ap-south-1,development,185609219.51578334,0.7628140703517589,27.300000000000004,16.200000000000003,0.29790697674418604,0
2026-06-08T11:14:31.515623,39.7,95.6,7179.52,72.4,91428249.42289811,46520689.40343805,148.32,0,337,SRV001,web-server-01,ap-south-1,production,137948938.82633615,0.41097308488612844,-36.2,-2.9000000000000057,0.43881656804733726,0
2026-06-08T11:19:09.839761,29.6,90.7,7026.97,75.4,92961992.29329732,47494506.15449026,87.88,0,340,SRV001,web-server-01,ap-south-1,production,140456498.44778758,0.3227917121046892,-10.100000000000001,-4.8999999999999915,0.25771260997067447,0
2026-06-08T11:31:46.682829,35.5,79.0,6422.06,76.5,123133995.16985197,62924197.269441746,124.7,0,344,SRV001,web-server-01,ap-south-1,production,186058192.4392937,0.44375,5.899999999999999,-11.700000000000003,0.36144927536231886,0
2026-06-08T11:18:08.298829,21.0,93.2,6913.36,75.4,92686526.01613042,47231252.27639323,114.68,0,337,SRV001,web-server-01,ap-south-1,production,139917778.29252365,0.2229299363057325,-14.5,14.200000000000003,0.3392899408284024,0
2026-06-08T11:32:45.770343,76.0,81.4,6771.26,73.5,123441017.72269809,64052262.69327994,73.9,0,344,SRV005,worker-server-01,ap-south-1,development,187493280.415978,0.9223300970873786,55.0,-11.799999999999997,0.21420289855072466,0
2026-06-08T11:15:51.919492,27.5,84.0,6734.82,72.4,92138401.3838828,46886223.91155829,263.94,0,338,SRV004,cache-server-01,eu-west-1,staging,139024625.2954411,0.3235294117647059,-48.5,2.5999999999999943,0.7785840707964602,0
2026-06-08T11:17:43.618923,15.9,89.4,7005.16,73.4,92603947.2192962,47171608.05459401,148.59,0,338,SRV002,api-server-01,ap-south-1,production,139775555.2738902,0.17588495575221239,-11.6,5.400000000000006,0.4383185840707965,0
2026-06-08T11:15:20.974637,30.2,86.2,6594.36,74.4,92011223.1441835,46820832.23339433,159.81,0,338,SRV004,cache-server-01,eu-west-1,staging,138832055.37757784,0.3463302752293578,14.299999999999999,-3.200000000000003,0.4714159292035398,0
2026-06-08T11:31:09.110406,72.4,92.9,7280.88,72.5,122891184.42618676,62493763.99800774,104.34,0,343,SRV002,api-server-01,ap-south-1,production,185384948.42419448,0.7710330138445155,42.2,6.700000000000003,0.3033139534883721,0
2026-06-08T11:33:10.974811,75.6,86.4,6767.39,76.5,123576722.12583633,64454795.0344142,205.11,0,344,SRV001,web-server-01,ap-south-1,production,188031517.16025054,0.8649885583524026,3.1999999999999886,-6.5,0.5945217391304348,0
2026-06-08T11:31:30.217958,55.2,90.6,7332.95,74.5,122987444.12607455,62700538.573313825,149.29,0,343,SRV002,api-server-01,ap-south-1,production,185687982.69938838,0.6026200873362446,-20.39999999999999,4.199999999999989,0.43398255813953485,0
2026-06-08T11:16:28.992223,19.3,85.4,6769.2,76.4,92300381.87274021,46971176.94057676,158.62,0,336,SRV005,worker-server-01,ap-south-1,development,139271558.81331697,0.22337962962962962,-35.900000000000006,-5.199999999999989,0.4706824925816024,0
2026-06-08T11:16:28.992223,17.3,82.4,6769.2,75.4,92300377.25520818,46971196.86663209,110.62,0,336,SRV005,worker-server-01,ap-south-1,development,139271574.12184027,0.20743405275779375,-2.0,-3.0,0.3282492581602374,0
2026-06-08T11:20:48.656903,19.2,94.8,7352.82,74.4,93357543.8966161,48102699.27646124,46.489999999999995,0,338,SRV002,api-server-01,ap-south-1,production,141460243.17307734,0.20041753653444677,1.8999999999999986,12.399999999999991,0.1371386430678466,0
2026-06-08T11:16:41.257898,35.6,83.5,6774.29,72.4,92336853.68031944,46994125.03637331,92.66,0,336,SRV002,api-server-01,ap-south-1,production,139330978.71669275,0.421301775147929,16.400000000000002,-11.299999999999997,0.2749554896142433,0
2026-06-08T11:31:25.907382,36.6,98.6,7332.55,72.5,122971631.8818769,62677043.50582867,201.05,0,343,SRV001,web-server-01,ap-south-1,production,185648675.38770556,0.3674698795180723,1.0,15.099999999999994,0.5844476744186047,0
2026-06-08T11:19:28.479307,32.6,85.0,7051.77,72.4,93026836.52270468,47557691.70043425,145.71,0,340,SRV004,cache-server-01,eu-west-1,staging,140584528.22313893,0.3790697674418605,-4.0,-13.599999999999994,0.42730205278592376,0
2026-06-08T11:31:34.311471,87.9,93.7,7422.15,76.5,123034099.16663632,62791345.90370445,83.0,0,343,SRV003,database-server-01,us-east-1,production,185825445.07034075,0.928194297782471,55.300000000000004,8.700000000000003,0.24127906976744187,1
2026-06-08T11:32:24.800675,66.4,81.3,6765.98,73.5,123324892.47112545,63583356.19594665,136.43,0,343,SRV005,worker-server-01,ap-south-1,development,186908248.66707212,0.8068043742405834,-21.5,-12.400000000000006,0.39659883720930234,0
2026-06-08T11:14:13.096646,68.8,85.2,6993.2,73.4,91361982.12344624,46478793.09802632,144.0,0,339,SRV003,database-server-01,us-east-1,production,137840775.22147256,0.7981438515081206,2.3999999999999915,3.9000000000000057,0.4235294117647059,0
2026-06-08T11:15:45.664174,26.1,84.5,6697.25,76.4,92114696.12637512,46873986.06418196,142.20999999999998,0,338,SRV003,database-server-01,us-east-1,production,138988682.1905571,0.30526315789473685,-42.699999999999996,-0.7000000000000028,0.41949852507374624,0
2026-06-08T11:13:11.540021,52.9,86.9,7200.05,74.4,91098961.08092338,45970638.671123885,187.59,0,337,SRV003,database-server-01,us-east-1,production,137069599.75204727,0.6018202502844141,26.799999999999997,2.4000000000000057,0.555,0
2026-06-08T11:18:20.585453,33.1,82.7,6712.98,73.4,92722003.5782025,47255467.97268931,75.42,0,337,SRV003,database-server-01,us-east-1,production,139977471.55089182,0.3954599761051374,-19.799999999999997,-4.200000000000003,0.22313609467455622,0
2026-06-08T11:17:49.762560,8.9,87.9,7048.01,76.4,92623100.79732372,47183440.49336987,57.31999999999999,0,338,SRV003,database-server-01,us-east-1,production,139806541.29069358,0.10011248593925759,-24.200000000000003,5.200000000000003,0.16908554572271384,0
2026-06-08T11:20:11.792144,13.5,90.7,7266.76,72.4,93214652.21509281,47681582.68624207,73.08,0,337,SRV001,web-server-01,ap-south-1,production,140896234.90133488,0.14721919302071973,4.6,2.799999999999997,0.21621301775147928,0
2026-06-08T11:17:55.907061,23.3,87.0,7054.89,74.4,92640216.0850498,47199380.35312928,68.57,0,338,SRV004,cache-server-01,eu-west-1,staging,139839596.43817908,0.26477272727272727,9.8,-3.700000000000003,0.20227138643067843,0
2026-06-08T11:30:52.409914,69.3,91.5,7246.98,72.5,122810769.2097631,62233159.54641655,197.48,0,343,SRV003,database-server-01,us-east-1,production,185043928.75617963,0.7491891891891892,46.0,4.5,0.5740697674418604,0
2026-06-08T11:14:31.515623,46.7,88.6,7179.52,75.4,91428222.994289,46520768.82507443,93.32,0,337,SRV001,web-server-01,ap-south-1,production,137948991.81936342,0.5212053571428572,-22.599999999999994,-2.9000000000000057,0.276094674556213,0
2026-06-08T11:19:16.006900,18.6,87.7,7030.89,73.4,92981260.7048054,47509578.10085295,86.31,0,340,SRV002,api-server-01,ap-south-1,production,140490838.80565834,0.20969560315670802,-28.1,-0.8999999999999915,0.253108504398827,0
2026-06-08T11:14:56.193454,39.4,87.4,7080.66,74.4,91710347.72826917,46684129.92448222,143.15,0,336,SRV005,worker-server-01,ap-south-1,development,138394477.6527514,0.4457013574660633,20.799999999999997,-0.29999999999999716,0.42477744807121665,0
2026-06-08T11:16:41.257898,27.6,84.5,6774.29,74.4,92336825.08413132,46994126.71275483,121.66,0,336,SRV002,api-server-01,ap-south-1,production,139330951.79688615,0.32280701754385965,-11.799999999999997,-2.9000000000000057,0.3610089020771513,0
2026-06-08T11:31:42.532883,99.9,84.0,6425.05,72.5,123100754.4868324,62875617.62192156,24.28,0,344,SRV005,worker-server-01,ap-south-1,development,185976372.10875395,1.1752941176470588,72.30000000000001,-0.5,0.0703768115942029,1
2026-06-08T11:15:20.974637,30.2,80.2,6594.36,73.4,92011178.23904267,46820814.97167986,158.81,0,338,SRV004,cache-server-01,eu-west-1,staging,138831993.21072254,0.37192118226600984,-69.7,-3.799999999999997,0.4684660766961652,0
2026-06-08T11:18:57.564095,37.9,93.1,6979.52,73.4,92876610.22487175,47375775.91514,108.62,0,340,SRV004,cache-server-01,eu-west-1,staging,140252386.14001176,0.4027630180658874,7.699999999999999,12.899999999999991,0.31853372434017596,0
2026-06-08T11:18:39.120576,42.3,90.5,6855.0,75.4,92805661.88499628,47321305.59922526,151.82999999999998,0,342,SRV001,web-server-01,ap-south-1,production,140126967.48422155,0.4622950819672131,4.399999999999999,-2.5999999999999943,0.4426530612244898,0
2026-06-08T11:13:29.993599,24.8,87.0,6898.87,74.4,91152071.02984758,46006318.69366222,70.48,0,337,SRV001,web-server-01,ap-south-1,production,137158389.7235098,0.2818181818181818,-17.499999999999996,-3.5,0.2085207100591716,0
2026-06-08T11:19:34.620600,28.0,86.4,7003.91,76.4,93056165.44505656,47585664.44568792,117.31,0,339,SRV005,worker-server-01,ap-south-1,development,140641829.89074448,0.3203661327231121,3.1999999999999993,-0.5999999999999943,0.34502941176470586,0
2026-06-08T11:18:39.120576,34.3,85.5,6855.0,72.4,92805649.78385045,47321310.144872665,92.83,0,342,SRV001,web-server-01,ap-south-1,production,140126959.9287231,0.3965317919075144,6.299999999999997,-0.9000000000000057,0.2706413994169096,0
2026-06-08T11:13:36.117234,15.2,86.7,6874.81,73.4,91168908.82484102,46018490.18753276,140.06,0,336,SRV002,api-server-01,ap-south-1,production,137187399.01237378,0.17331812998859747,-19.099999999999998,1.2000000000000028,0.41560830860534126,0
2026-06-08T11:13:11.540021,46.9,96.9,7200.05,73.4,91099016.76185308,45970619.88902199,212.59,0,337,SRV003,database-server-01,us-east-1,production,137069636.6508751,0.47906026557711945,31.7,10.200000000000003,0.6289644970414201,0
2026-06-08T11:32:58.362077,99.0,82.6,6708.72,75.5,123512604.72790837,64323013.301103115,216.94,0,344,SRV003,database-server-01,us-east-1,production,187835618.0290115,1.1842105263157896,52.1,-14.300000000000011,0.6288115942028986,1
2026-06-08T11:19:40.789986,26.9,90.7,7030.91,76.4,93076640.51871885,47597478.39388576,124.35,0,339,SRV001,web-server-01,ap-south-1,production,140674118.91260463,0.29334787350054525,-72.1,8.100000000000009,0.36573529411764705,0
2026-06-08T11:20:11.792144,14.5,90.7,7266.76,76.4,93214668.78425896,47681551.895280294,134.07999999999998,0,337,SRV001,web-server-01,ap-south-1,production,140896220.67953926,0.15812431842966193,-12.399999999999999,0.0,0.39668639053254434,0
2026-06-08T11:16:10.460365,29.1,85.4,6769.83,74.4,92224612.04650603,46927130.50773481,107.78,0,336,SRV002,api-server-01,ap-south-1,production,139151742.55424085,0.3368055555555555,14.600000000000001,-5.299999999999997,0.3198219584569733,0
2026-06-08T11:20:54.800941,23.6,92.4,7393.33,73.4,93381146.07754628,48119402.943744525,150.01,0,338,SRV003,database-server-01,us-east-1,production,141500549.0212908,0.25267665952890794,-5.5,7.0,0.44250737463126844,0
2026-06-08T11:15:58.145405,14.5,89.7,6790.75,75.4,92181652.5088161,46902477.290410645,229.86,0,338,SRV005,worker-server-01,ap-south-1,development,139084129.79922673,0.15986769570011025,-9.100000000000001,-2.700000000000003,0.6780530973451327,0
2026-06-08T11:14:37.650710,21.6,95.8,7117.37,75.4,91443696.37002288,46531861.11153076,57.379999999999995,0,336,SRV002,api-server-01,ap-south-1,production,137975557.48155364,0.22314049586776863,7.100000000000001,6.099999999999994,0.17026706231454006,0
2026-06-08T11:32:12.077588,49.7,86.1,6665.66,72.5,123260550.63476385,63352123.270190075,143.57,0,344,SRV002,api-server-01,ap-south-1,production,186612673.90495393,0.5706084959816303,28.1,-9.700000000000003,0.4161449275362319,0
2026-06-08T11:16:47.504036,14.7,81.2,6752.13,76.4,92354941.70440084,47005508.272578925,156.93,0,336,SRV003,database-server-01,us-east-1,production,139360449.97697976,0.17883211678832114,-35.0,-4.8999999999999915,0.46566765578635017,0
2026-06-08T11:33:06.704177,75.5,90.3,6759.52,74.5,123558946.09297559,64442537.14352224,52.349999999999994,0,344,SRV005,worker-server-01,ap-south-1,development,188001483.23649782,0.8269441401971522,60.8,9.099999999999994,0.1517391304347826,0
2026-06-08T11:15:20.974637,32.2,88.2,6594.36,75.4,92011229.06834896,46820797.56528864,86.81,0,338,SRV004,cache-server-01,eu-west-1,staging,138832026.6336376,0.36098654708520184,-43.3,-2.0999999999999943,0.25607669616519174,0
2026-06-08T11:32:58.362077,91.0,90.6,6708.72,72.5,123512579.39436817,64323044.44130429,133.94,0,344,SRV003,database-server-01,us-east-1,production,187835623.83567247,0.9934497816593887,58.8,2.3999999999999915,0.388231884057971,1
2026-06-08T11:20:36.368160,32.0,89.8,7352.41,72.4,93299588.12821658,47730997.29778983,130.51999999999998,0,337,SRV005,worker-server-01,ap-south-1,development,141030585.4260064,0.3524229074889868,-59.0,-0.7999999999999972,0.3861538461538461,0
2026-06-08T11:31:59.294847,81.0,80.7,6560.95,75.5,123197118.97557937,63063199.394904695,148.82,0,344,SRV004,cache-server-01,eu-west-1,staging,186260318.37048405,0.9914320685434517,49.0,-9.099999999999994,0.4313623188405797,0
2026-06-08T11:33:02.565085,27.0,83.0,6738.93,72.5,123530898.90161219,64397793.540324934,102.53,0,344,SRV004,cache-server-01,eu-west-1,staging,187928692.44193712,0.32142857142857145,-54.0,2.299999999999997,0.29718840579710143,0
2026-06-08T11:19:59.504498,46.9,97.6,7257.89,72.4,93162551.74177209,47647294.86527801,229.47,0,339,SRV004,cache-server-01,eu-west-1,staging,140809846.6070501,0.47565922920892495,19.9,14.599999999999994,0.6749117647058823,0
2026-06-08T11:13:54.662803,17.6,94.0,6971.2,72.4,91218307.79869138,46067716.75041084,185.41,0,336,SRV005,worker-server-01,ap-south-1,development,137286024.54910222,0.18526315789473685,-29.299999999999997,-3.5999999999999943,0.5501780415430267,0
2026-06-08T11:18:20.585453,34.1,83.7,6712.98,72.4,92721979.36857627,47255459.38650119,104.42,0,337,SRV003,database-server-01,us-east-1,production,139977438.75507748,0.4025974025974026,16.5,-10.299999999999997,0.3089349112426036,0
2026-06-08T11:17:05.935258,6.0,84.4,6771.88,74.4,92435073.73374724,47048199.560787745,103.86,0,336,SRV001,web-server-01,ap-south-1,production,139483273.29453498,0.0702576112412178,-28.1,0.7000000000000028,0.3081899109792285,0
2026-06-08T11:17:43.618923,17.9,85.4,7005.16,76.4,92603908.36088286,47171604.44377282,84.59,0,338,SRV002,api-server-01,ap-south-1,production,139775512.80465567,0.2071759259259259,11.899999999999999,1.0,0.24952802359882006,0
2026-06-08T11:30:52.409914,72.3,88.5,7246.98,74.5,122810816.3673319,62233140.964522354,199.48,0,343,SRV003,database-server-01,us-east-1,production,185043957.33185425,0.8078212290502793,54.4,3.0999999999999943,0.5798837209302325,0
2026-06-08T11:31:50.902397,71.0,83.1,6436.1,76.5,123154830.06327195,62951162.31646877,199.56,0,344,SRV002,api-server-01,ap-south-1,production,186105992.37974072,0.8442330558858502,-1.2999999999999972,-5.400000000000006,0.5784347826086956,0
2026-06-08T11:18:02.152872,5.5,92.9,6966.63,74.4,92659452.06186931,47210972.26655686,225.53,0,338,SRV005,worker-server-01,ap-south-1,development,139870424.32842618,0.058572949946751864,-65.5,9.800000000000011,0.6652802359882006,0
2026-06-08T11:32:54.164046,57.9,91.4,6766.25,72.5,123480405.25528952,64243253.73329433,133.18,0,345,SRV002,api-server-01,ap-south-1,production,187723658.98858386,0.6266233766233765,52.4,-1.5,0.3849132947976879,0
2026-06-08T11:31:21.696076,74.9,94.5,7322.62,74.5,122950897.53570932,62658315.16365721,128.48,0,343,SRV005,worker-server-01,ap-south-1,development,185609212.69936654,0.7842931937172776,17.000000000000007,3.0999999999999943,0.3734883720930232,0
2026-06-08T11:18:08.298829,19.0,90.2,6913.36,73.4,92686530.47161962,47231307.30739469,58.68000000000001,0,337,SRV001,web-server-01,ap-south-1,production,139917837.77901432,0.20833333333333331,-55.900000000000006,-4.299999999999997,0.17360946745562134,0
2026-06-08T11:16:04.289775,39.7,90.1,6744.16,73.4,92199355.78659417,46914104.477626495,92.11,0,336,SRV001,web-server-01,ap-south-1,production,139113460.26422065,0.4357848518111965,20.700000000000003,-0.10000000000000853,0.2733234421364985,0
2026-06-08T11:12:59.149714,45.6,88.6,7100.05,72.4,91043791.38012058,45926149.726547845,108.91,0,335,SRV001,web-server-01,ap-south-1,production,136969941.1066684,0.5089285714285715,5.899999999999999,-1.5,0.32413690476190476,0
2026-06-08T11:13:17.694905,6.5,88.5,7245.87,76.4,91115731.36008076,45982225.5793737,138.63,0,337,SRV004,cache-server-01,eu-west-1,staging,137097956.93945447,0.07262569832402235,-39.1,-0.09999999999999432,0.4101479289940828,0
2026-06-08T11:17:05.935258,5.0,89.4,6771.88,75.4,92435070.77985352,47048118.31727682,119.86,0,336,SRV001,web-server-01,ap-south-1,production,139483189.09713036,0.05530973451327433,-1.5,0.9000000000000057,0.3556676557863501,0
2026-06-08T11:19:09.839761,29.6,89.7,7026.97,75.4,92961960.73601478,47494528.84531731,122.88,0,340,SRV001,web-server-01,ap-south-1,production,140456489.5813321,0.3263506063947078,24.6,0.29999999999999716,0.36035190615835777,0
2026-06-08T11:19:16.006900,18.6,92.7,7030.89,75.4,92981303.34185177,47509486.09459266,156.31,0,340,SRV002,api-server-01,ap-south-1,production,140490789.43644443,0.1985058697972252,-11.0,3.0,0.45838709677419354,0
2026-06-08T11:15:14.831093,45.0,92.6,6943.11,76.4,91855904.532204,46754101.88878364,60.510000000000005,0,338,SRV003,database-server-01,us-east-1,production,138610006.42098764,0.4807692307692308,26.4,-0.10000000000000853,0.17849557522123896,0
2026-06-08T11:18:39.120576,34.3,86.5,6855.0,76.4,92805727.7789098,47321339.25148868,119.83,0,342,SRV001,web-server-01,ap-south-1,production,140127067.0303985,0.39199999999999996,-10.700000000000003,-6.099999999999994,0.3493586005830904,0
2026-06-08T11:16:53.647754,26.8,83.1,6746.95,75.4,92369700.96049494,47015556.59774139,127.63,0,336,SRV004,cache-server-01,eu-west-1,staging,139385257.55823633,0.31866825208085614,-7.4999999999999964,-3.4000000000000057,0.3787240356083086,0
2026-06-08T11:16:22.837154,14.0,87.3,6762.44,73.4,92282456.42176159,46959808.19578713,156.64,0,336,SRV004,cache-server-01,eu-west-1,staging,139242264.6175487,0.15855039637599094,-12.8,4.200000000000003,0.464807121661721,0
2026-06-08T11:19:28.479307,32.6,85.0,7051.77,72.4,93026801.71618788,47557763.12307781,168.71,0,340,SRV004,cache-server-01,eu-west-1,staging,140584564.8392657,0.3790697674418605,18.6,-2.299999999999997,0.4947507331378299,0
2026-06-08T11:32:41.567763,25.7,90.3,6684.21,73.5,123409122.14153446,63932689.63355207,131.97,0,344,SRV004,cache-server-01,eu-west-1,staging,187341811.77508652,0.2814895947426068,-6.900000000000002,5.299999999999997,0.3825217391304348,0
2026-06-08T11:32:49.966233,50.3,87.4,6767.8,72.5,123461910.47327405,64134524.30852603,150.49,0,344,SRV001,web-server-01,ap-south-1,production,187596434.7818001,0.5690045248868778,24.599999999999998,-2.8999999999999915,0.43620289855072464,0
2026-06-08T11:15:27.144054,31.1,84.5,6624.39,74.4,92050438.54634549,46835540.775217794,127.19999999999999,0,338,SRV005,worker-server-01,ap-south-1,development,138885979.32156327,0.36374269005847953,-19.199999999999996,-2.9000000000000057,0.37522123893805304,0
2026-06-08T11:15:45.664174,25.1,88.5,6697.25,72.4,92114691.31216292,46873996.85669727,121.21,0,338,SRV003,database-server-01,us-east-1,production,138988688.1688602,0.2804469273743017,-6.0,4.0,0.35755162241887906,0
2026-06-08T11:20:11.792144,9.5,97.7,7266.76,73.4,93214687.45219776,47681604.08773215,155.07999999999998,0,337,SRV001,web-server-01,ap-south-1,production,140896291.53992993,0.09625126646403243,-15.600000000000001,9.200000000000003,0.4588165680473372,0
2026-06-08T11:16:28.992223,20.3,87.4,6769.2,72.4,92300437.87471376,46971123.35084341,169.62,0,336,SRV005,worker-server-01,ap-south-1,development,139271561.22555718,0.22963800904977374,10.8,-10.299999999999997,0.5033234421364985,0
2026-06-08T11:15:14.831093,47.0,86.6,6943.11,75.4,91855937.36814152,46754092.542242244,71.51,0,338,SRV003,database-server-01,us-east-1,production,138610029.91038376,0.5365296803652968,26.7,-0.8000000000000114,0.2109439528023599,0
2026-06-08T11:20:48.656903,13.2,97.8,7352.82,72.4,93357539.79759629,48102685.487460114,40.489999999999995,0,338,SRV002,api-server-01,ap-south-1,production,141460225.2850564,0.13360323886639675,-33.8,11.200000000000003,0.1194395280235988,0
2026-06-08T11:18:26.729159,17.2,89.6,6708.41,74.4,92742449.67938322,47266704.507179804,113.99,0,337,SRV004,cache-server-01,eu-west-1,staging,140009154.18656301,0.18984547461368653,4.0,-8.200000000000003,0.3372485207100592,0
2026-06-08T11:31:05.004439,44.3,97.9,7280.51,75.5,122867996.5742422,62432131.71550705,184.84,0,343,SRV001,web-server-01,ap-south-1,production,185300128.28974926,0.4479271991911021,27.099999999999998,8.300000000000011,0.5373255813953488,0
2026-06-08T11:17:18.223309,16.5,80.4,6615.88,76.4,92502217.97834994,47075468.08722307,163.07,0,335,SRV003,database-server-01,us-east-1,production,139577686.065573,0.2027027027027027,-27.799999999999997,-17.5,0.4853273809523809,0
2026-06-08T11:31:59.294847,73.0,88.7,6560.95,76.5,123197071.06767185,63063142.108734354,217.82,0,344,SRV004,cache-server-01,eu-west-1,staging,186260213.1764062,0.8138238573021181,56.5,8.299999999999997,0.6313623188405797,0
2026-06-08T11:33:06.704177,76.5,82.3,6759.52,76.5,123558893.56165189,64442586.62001777,74.35,0,344,SRV005,worker-server-01,ap-south-1,development,188001480.18166965,0.9183673469387755,3.5,-6.400000000000006,0.21550724637681157,0
2026-06-08T11:30:35.647864,49.0,92.0,7285.31,76.5,122713139.93007953,62063685.209954575,60.349999999999994,0,342,SRV004,cache-server-01,eu-west-1,staging,184776825.1400341,0.5268817204301075,-27.5,9.700000000000003,0.1759475218658892,0
2026-06-08T11:18:20.585453,37.1,90.7,6712.98,75.4,92721918.88609238,47255388.034116894,118.42,0,337,SRV003,database-server-01,us-east-1,production,139977306.9202093,0.40458015267175573,-11.899999999999999,-1.2999999999999972,0.35035502958579884,0
2026-06-08T11:19:47.035267,41.2,87.8,7034.85,74.4,93098832.44667324,47614021.12797149,153.01,0,339,SRV002,api-server-01,ap-south-1,production,140712853.57464474,0.463963963963964,4.100000000000001,-2.9000000000000057,0.45002941176470584,0
2026-06-08T11:13:05.314616,28.4,94.0,7129.16,76.4,91071178.0892046,45946208.777100116,165.55,0,337,SRV002,api-server-01,ap-south-1,production,137017386.8663047,0.29894736842105263,-12.800000000000004,6.200000000000003,0.4897928994082841,0
2026-06-08T11:16:47.504036,12.7,90.2,6752.13,76.4,92354998.57922265,47005437.69148918,168.93,0,336,SRV003,database-server-01,us-east-1,production,139360436.27071184,0.13925438596491227,-15.7,-3.799999999999997,0.5012759643916914,0
2026-06-08T11:31:25.907382,40.6,94.6,7332.55,76.5,122971672.94778964,62676944.84005898,151.05,0,343,SRV001,web-server-01,ap-south-1,production,185648617.78784862,0.4246861924686193,27.900000000000002,4.3999999999999915,0.4390988372093024,0
2026-06-08T11:32:54.164046,63.9,81.4,6766.25,76.5,123480454.78548619,64243338.89124295,144.18,0,345,SRV002,api-server-01,ap-south-1,production,187723793.67672914,0.7754854368932038,23.299999999999997,-13.199999999999989,0.41670520231213876,0
2026-06-08T11:31:05.004439,37.3,96.9,7280.51,74.5,122867989.67991398,62432065.89593677,108.84,0,343,SRV001,web-server-01,ap-south-1,production,185300055.57585075,0.3810010214504596,-26.6,15.5,0.3163953488372093,0
2026-06-08T11:33:06.704177,76.5,89.3,6759.52,73.5,123558916.55593623,64442542.61745323,138.35,0,344,SRV005,worker-server-01,ap-south-1,development,188001459.17338946,0.8471760797342193,39.2,-7.6000000000000085,0.40101449275362316,0
2026-06-08T11:17:49.762560,16.9,93.9,7048.01,73.4,92623116.77304369,47183459.96187438,88.32,0,338,SRV003,database-server-01,us-east-1,production,139806576.73491806,0.17808219178082188,-59.6,4.6000000000000085,0.2605309734513274,0
2026-06-08T11:31:09.110406,67.4,94.9,7280.88,75.5,122891167.61480163,62493768.617674135,58.34,0,343,SRV002,api-server-01,ap-south-1,production,185384936.23247576,0.7028154327424401,50.50000000000001,1.0,0.16959302325581396,0
2026-06-08T11:33:02.565085,26.0,83.0,6738.93,75.5,123530819.85496783,64397825.34999809,121.53,0,344,SRV004,cache-server-01,eu-west-1,staging,187928645.20496592,0.30952380952380953,-41.400000000000006,-11.900000000000006,0.3522608695652174,0
2026-06-08T11:20:17.947455,10.6,91.1,7296.84,72.4,93232676.18767253,47692400.88444055,85.12,0,337,SRV002,api-server-01,ap-south-1,production,140925077.07211307,0.11509229098805647,-15.4,8.099999999999994,0.2518343195266272,0
2026-06-08T11:16:22.837154,21.0,88.3,6762.44,74.4,92282475.23257737,46959755.851305015,244.64,0,336,SRV004,cache-server-01,eu-west-1,staging,139242231.0838824,0.23516237402015677,10.4,-2.799999999999997,0.7259347181008902,0
2026-06-08T11:32:54.164046,57.9,89.4,6766.25,73.5,123480388.59982455,64243286.01899571,117.18,0,345,SRV002,api-server-01,ap-south-1,production,187723674.61882025,0.6404867256637168,36.9,1.1000000000000085,0.3386705202312139,0
2026-06-08T11:30:48.215012,63.3,93.5,7244.77,75.5,122792575.88294454,62211299.6901974,112.08000000000001,0,343,SRV002,api-server-01,ap-south-1,production,185003875.57314193,0.6698412698412698,5.399999999999999,4.099999999999994,0.3258139534883721,0
2026-06-08T11:32:07.899937,51.8,90.0,6741.8,73.5,123243274.62519567,63241524.59908247,141.29,0,344,SRV001,web-server-01,ap-south-1,production,186484799.22427815,0.5692307692307692,-11.5,-3.5,0.40953623188405797,0
2026-06-08T11:13:48.422920,26.8,88.6,6944.96,74.4,91201715.31880094,46048774.97254063,85.78,0,336,SRV004,cache-server-01,eu-west-1,staging,137250490.29134157,0.2991071428571429,-24.999999999999996,-1.4000000000000057,0.254540059347181,0
2026-06-08T11:32:28.975147,50.6,82.3,6765.18,75.5,123347365.42442688,63679768.38721717,156.22,0,343,SRV001,web-server-01,ap-south-1,production,187027133.81164405,0.6074429771908764,23.8,-6.299999999999997,0.45412790697674416,0
2026-06-08T11:15:27.144054,26.1,85.5,6624.39,75.4,92050459.42427881,46835481.678638995,149.2,0,338,SRV005,worker-server-01,ap-south-1,development,138885941.1029178,0.3017341040462428,-24.5,3.200000000000003,0.44011799410029495,0
2026-06-08T11:18:32.975711,13.100000000000001,83.1,6827.21,75.4,92782896.4444583,47297890.627823,158.74,0,340,SRV005,worker-server-01,ap-south-1,development,140080787.0722813,0.15576694411414985,-13.0,-2.4000000000000057,0.4655131964809384,0
2026-06-08T11:31:09.110406,68.4,92.9,7280.88,73.5,122891232.07986322,62493806.05010383,108.34,0,343,SRV002,api-server-01,ap-south-1,production,185385038.12996703,0.7284345047923323,55.300000000000004,9.800000000000011,0.3149418604651163,0
2026-06-08T11:14:31.515623,48.7,90.6,7179.52,73.4,91428250.19677573,46520763.3529055,139.32,0,337,SRV001,web-server-01,ap-south-1,production,137949013.54968125,0.5316593886462883,-19.700000000000003,-2.3000000000000114,0.412189349112426,0
2026-06-08T11:18:14.441285,11.8,84.9,6963.88,76.4,92702832.14162143,47244631.309572466,60.36,0,337,SRV002,api-server-01,ap-south-1,production,139947463.4511939,0.13736903376018625,-36.900000000000006,-5.699999999999989,0.17857988165680475,0
2026-06-08T11:30:35.647864,48.0,93.0,7285.31,75.5,122713096.97397818,62063633.99157149,117.35,0,342,SRV004,cache-server-01,eu-west-1,staging,184776730.96554968,0.5106382978723404,36.2,8.099999999999994,0.3421282798833819,0
2026-06-08T11:18:57.564095,42.9,89.1,6979.52,73.4,92876601.3776534,47375795.30881026,80.62,0,340,SRV004,cache-server-01,eu-west-1,staging,140252396.68646365,0.47613762486126526,-5.100000000000001,-3.9000000000000057,0.23642228739002935,0
2026-06-08T11:17:43.618923,10.9,89.4,7005.16,73.4,92603914.77613994,47171597.76688009,132.59,0,338,SRV002,api-server-01,ap-south-1,production,139775512.54302004,0.12057522123893805,-32.0,0.30000000000001137,0.3911209439528024,0
2026-06-08T11:20:11.792144,14.5,95.7,7266.76,72.4,93214667.42866747,47681566.91460364,130.07999999999998,0,337,SRV001,web-server-01,ap-south-1,production,140896234.3432711,0.1499482936918304,3.5999999999999996,6.299999999999997,0.3848520710059171,0
2026-06-08T11:20:24.098528,11.0,93.3,7312.16,73.4,93258315.89052181,47706202.893508665,119.44,0,337,SRV003,database-server-01,us-east-1,production,140964518.78403047,0.1166489925768823,-3.5,-2.4000000000000057,0.35337278106508874,0
2026-06-08T11:32:45.770343,76.0,88.4,6771.26,72.5,123441072.94346029,64052313.70759609,116.9,0,344,SRV005,worker-server-01,ap-south-1,development,187493386.65105638,0.8501118568232662,65.0,-4.8999999999999915,0.3388405797101449,0
2026-06-08T11:33:10.974811,78.6,85.4,6767.39,72.5,123576753.24433249,64454809.328723595,220.11,0,344,SRV001,web-server-01,ap-south-1,production,188031562.5730561,0.9097222222222221,2.5999999999999943,-3.0,0.638,0
2026-06-08T11:30:52.409914,71.3,96.5,7246.98,75.5,122810831.43798849,62233199.546568,127.47999999999999,0,343,SRV003,database-server-01,us-east-1,production,185044030.9845565,0.7312820512820513,-7.299999999999997,11.099999999999994,0.37058139534883716,0
2026-06-08T11:32:41.567763,19.7,88.3,6684.21,72.5,123409140.39494918,63932724.127620526,164.97,0,344,SRV004,cache-server-01,eu-west-1,staging,187341864.52256972,0.2206047032474804,-51.599999999999994,-8.200000000000003,0.4781739130434783,0
2026-06-08T11:15:58.145405,16.5,88.7,6790.75,72.4,92181676.53325021,46902492.19491652,219.86,0,338,SRV005,worker-server-01,ap-south-1,development,139084168.72816673,0.18394648829431437,-3.1999999999999993,0.4000000000000057,0.6485545722713865,0
2026-06-08T11:32:37.370048,87.3,79.7,6637.72,72.5,123391905.9216157,63894348.26861701,66.56,0,343,SRV003,database-server-01,us-east-1,production,187286254.19023272,1.0817843866171002,70.8,-9.0,0.19348837209302328,1
2026-06-08T11:19:09.839761,30.6,89.7,7026.97,75.4,92961980.54578184,47494581.439646296,75.88,0,340,SRV001,web-server-01,ap-south-1,production,140456561.98542812,0.3373759647188534,-56.699999999999996,10.0,0.22252199413489734,0
2026-06-08T11:13:11.540021,49.9,95.9,7200.05,73.4,91098996.35420747,45970626.542411506,141.59,0,337,SRV003,database-server-01,us-east-1,production,137069622.89661896,0.5149638802889577,19.299999999999997,6.200000000000003,0.418905325443787,0
2026-06-08T11:16:16.602199,23.4,88.5,6777.17,74.4,92267621.40277,46944322.124032296,132.35,0,336,SRV003,database-server-01,us-east-1,production,139211943.5268023,0.26145251396648045,-26.5,-7.400000000000006,0.3927299703264095,0
2026-06-08T11:19:34.620600,21.0,91.4,7003.91,75.4,93056184.06655319,47585647.85449184,77.31,0,339,SRV005,worker-server-01,ap-south-1,development,140641831.92104504,0.22727272727272727,-2.3999999999999986,2.9000000000000057,0.22738235294117648,0
2026-06-08T11:33:06.704177,76.5,85.3,6759.52,75.5,123558894.72964767,64442592.89036952,116.35,0,344,SRV005,worker-server-01,ap-south-1,development,188001487.62001717,0.8864426419466976,55.5,-6.1000000000000085,0.3372463768115942,0
2026-06-08T11:30:35.647864,43.0,90.0,7285.31,75.5,122713154.93813062,62063626.50583184,135.35,0,342,SRV004,cache-server-01,eu-west-1,staging,184776781.44396245,0.4725274725274725,-33.5,4.700000000000003,0.39460641399416907,0
2026-06-08T11:20:24.098528,20.0,96.3,7312.16,75.4,93258246.42678809,47706227.631821804,88.44,0,337,SRV003,database-server-01,us-east-1,production,140964474.0586099,0.20554984583761562,-23.0,6.299999999999997,0.2616568047337278,0
2026-06-08T11:31:30.217958,50.2,93.6,7332.95,76.5,122987448.80211821,62700550.488202974,221.29,0,343,SRV002,api-server-01,ap-south-1,production,185687999.29032117,0.5306553911205074,30.200000000000003,-2.700000000000003,0.6432848837209302,0
2026-06-08T11:14:50.020526,61.3,91.6,7178.71,75.4,91536019.83180107,46573712.32995905,87.33,0,336,SRV004,cache-server-01,eu-west-1,staging,138109732.16176012,0.6619870410367171,11.099999999999994,-2.0,0.2591394658753709,0
2026-06-08T11:31:25.907382,39.6,95.6,7332.55,74.5,122971635.01428579,62677043.784295395,162.05,0,343,SRV001,web-server-01,ap-south-1,production,185648678.79858118,0.4099378881987578,-21.699999999999996,4.0,0.4710755813953489,0
2026-06-08T11:31:50.902397,69.0,82.1,6436.1,74.5,123154848.49831337,62951086.234634854,228.56,0,344,SRV002,api-server-01,ap-south-1,production,186105934.7329482,0.8303249097472925,29.4,-13.5,0.6624927536231884,0
2026-06-08T11:33:15.173880,44.8,91.1,6748.42,76.5,123596268.32725547,64482219.15912354,174.88,0,344,SRV002,api-server-01,ap-south-1,production,188078487.48637903,0.48642779587404994,-24.200000000000003,9.0,0.5068985507246376,0
2026-06-08T11:20:24.098528,13.0,91.3,7312.16,75.4,93258252.00024016,47706254.10220642,152.44,0,337,SRV003,database-server-01,us-east-1,production,140964506.1024466,0.14084507042253522,-31.799999999999997,0.20000000000000284,0.4510059171597633,0
2026-06-08T11:32:37.370048,90.3,83.7,6637.72,74.5,123391891.1098512,63894312.13571395,104.56,0,343,SRV003,database-server-01,us-east-1,production,187286203.24556515,1.0661157024793388,77.3,-7.599999999999994,0.303953488372093,1
2026-06-08T11:19:40.789986,24.9,86.7,7030.91,75.4,93076639.53087349,47597411.80101575,102.35,0,339,SRV001,web-server-01,ap-south-1,production,140674051.33188924,0.2839224629418472,-65.4,3.0,0.3010294117647059,0
2026-06-08T11:31:46.682829,41.5,81.0,6422.06,72.5,123134050.83156882,62924273.40985585,151.7,0,344,SRV001,web-server-01,ap-south-1,production,186058324.24142468,0.5060975609756098,16.6,-5.700000000000003,0.4397101449275362,0
2026-06-08T11:13:36.117234,18.2,90.7,6874.81,72.4,91168823.69349907,46018546.24875767,130.06,0,336,SRV002,api-server-01,ap-south-1,production,137187369.94225675,0.1984732824427481,-23.3,9.700000000000003,0.3859347181008902,0
2026-06-08T11:20:05.649186,26.6,89.6,7258.12,76.4,93184888.61382186,47661493.23433134,93.7,0,337,SRV005,worker-server-01,ap-south-1,development,140846381.8481532,0.29359823399558505,8.400000000000002,-1.1000000000000085,0.2772189349112426,0
2026-06-08T11:20:42.524038,29.4,93.8,7345.92,74.4,93331906.47570257,48084182.097646125,137.46,0,337,SRV001,web-server-01,ap-south-1,production,141416088.5733487,0.310126582278481,2.799999999999997,4.200000000000003,0.4066863905325444,0
2026-06-08T11:33:10.974811,78.6,90.4,6767.39,72.5,123576770.11820835,64454845.92124742,204.11,0,344,SRV001,web-server-01,ap-south-1,production,188031616.03945577,0.8599562363238511,49.199999999999996,-3.3999999999999915,0.5916231884057972,0
2026-06-08T11:20:54.800941,24.6,93.4,7393.33,72.4,93381204.44139291,48119406.96252815,124.01,0,338,SRV003,database-server-01,us-east-1,production,141500611.40392107,0.260593220338983,-53.99999999999999,3.0,0.36581120943952805,0
2026-06-08T11:19:22.263984,15.5,94.9,7041.53,74.4,93009100.13059017,47546138.608759135,224.92,0,340,SRV003,database-server-01,us-east-1,production,140555238.7393493,0.1616266944734098,-9.100000000000001,1.5,0.6595894428152492,0
2026-06-08T11:15:08.686774,58.8,94.0,7284.44,76.4,91819794.27116145,46729668.98679349,116.22,0,338,SRV002,api-server-01,ap-south-1,production,138549463.25795496,0.6189473684210526,43.3,-0.9000000000000057,0.34283185840707964,0
2026-06-08T11:32:49.966233,47.3,89.4,6767.8,75.5,123461923.90106699,64134580.220540285,119.49000000000001,0,344,SRV001,web-server-01,ap-south-1,production,187596504.12160727,0.5232300884955752,-11.5,-4.599999999999994,0.3463478260869565,0
2026-06-08T11:15:58.145405,19.5,90.7,6790.75,74.4,92181685.05723338,46902498.74417742,183.86,0,338,SRV005,worker-server-01,ap-south-1,development,139084183.8014108,0.21264994547437294,-27.799999999999997,1.2999999999999972,0.5423598820058998,0
2026-06-08T11:17:55.907061,22.3,85.0,7054.89,73.4,92640180.69815096,47199332.73228473,94.57,0,338,SRV004,cache-server-01,eu-west-1,staging,139839513.4304357,0.2593023255813954,2.8000000000000007,-5.700000000000003,0.2789675516224189,0
2026-06-08T11:31:46.682829,35.5,86.0,6422.06,74.5,123134042.62346335,62924275.92120222,133.7,0,344,SRV001,web-server-01,ap-south-1,production,186058318.54466558,0.40804597701149425,13.2,1.0,0.38753623188405795,0
2026-06-08T11:15:45.664174,26.1,85.5,6697.25,75.4,92114733.02937752,46873986.446108624,144.20999999999998,0,338,SRV003,database-server-01,us-east-1,production,138988719.47548616,0.3017341040462428,-9.399999999999999,-0.5,0.42539823008849553,0
2026-06-08T11:31:34.311471,93.9,89.7,7422.15,73.5,123034100.50456765,62791326.24164122,68.0,0,343,SRV003,database-server-01,us-east-1,production,185825426.74620888,1.0352811466372658,67.80000000000001,4.200000000000003,0.19767441860465115,1
2026-06-08T11:20:42.524038,28.4,89.8,7345.92,73.4,93331939.30245443,48084137.04972306,127.46000000000001,0,337,SRV001,web-server-01,ap-south-1,production,141416076.3521775,0.31277533039647576,-65.5,0.09999999999999432,0.3771005917159764,0
2026-06-08T11:17:12.079570,18.9,86.1,6592.82,73.4,92463628.92398602,47059810.35178228,153.37,0,336,SRV002,api-server-01,ap-south-1,production,139523439.27576828,0.21699196326061998,-9.5,-3.700000000000003,0.4551038575667656,0
2026-06-08T11:18:32.975711,18.1,84.1,6827.21,76.4,92782948.33227432,47297952.19943608,209.74,0,340,SRV005,worker-server-01,ap-south-1,development,140080900.5317104,0.21269095182138664,-0.7999999999999972,-2.0,0.6150733137829912,0
2026-06-08T11:17:05.935258,8.0,87.4,6771.88,74.4,92435105.43892688,47048158.23666214,66.86,0,336,SRV001,web-server-01,ap-south-1,production,139483263.67558903,0.09049773755656108,-10.100000000000001,3.3000000000000114,0.19839762611275963,0
2026-06-08T11:17:31.333238,14.1,85.1,6980.7,74.4,92548606.01247117,47123686.30653471,879.95,0,337,SRV005,worker-server-01,ap-south-1,development,139672292.31900588,0.1637630662020906,6.1,-2.3000000000000114,2.6034023668639055,0
2026-06-08T11:19:59.504498,44.9,93.6,7257.89,74.4,93162565.12653615,47647304.24017313,148.47,0,339,SRV004,cache-server-01,eu-west-1,staging,140809869.3667093,0.47463002114164904,30.799999999999997,8.5,0.4366764705882353,0
2026-06-08T11:33:06.704177,73.5,88.3,6759.52,75.5,123558913.43869472,64442532.788072124,88.35,0,344,SRV005,worker-server-01,ap-south-1,development,188001446.22676682,0.8230683090705487,28.6,-5.299999999999997,0.25608695652173913,0
2026-06-08T11:31:21.696076,74.9,91.5,7322.62,72.5,122950968.02295648,62658283.5441967,160.48,0,343,SRV005,worker-server-01,ap-south-1,development,185609251.5671532,0.8097297297297298,1.4000000000000057,3.200000000000003,0.4665116279069767,0
2026-06-08T11:30:52.409914,76.3,94.5,7246.98,72.5,122810784.12179929,62233153.21366074,147.48,0,343,SRV003,database-server-01,us-east-1,production,185043937.33546004,0.7989528795811518,1.3999999999999915,3.0,0.4287209302325581,0
2026-06-08T11:18:57.564095,42.9,89.1,6979.52,76.4,92876598.49155049,47375734.86538192,120.62,0,340,SRV004,cache-server-01,eu-west-1,staging,140252333.3569324,0.47613762486126526,-33.4,-5.400000000000006,0.3537243401759531,0
2026-06-08T11:32:16.388014,85.5,86.2,6757.16,74.5,123285594.37622619,63494954.757979564,201.12,0,343,SRV003,database-server-01,us-east-1,production,186780549.13420576,0.9805045871559632,42.6,-2.8999999999999915,0.5846511627906977,1
2026-06-08T11:13:23.850596,29.0,90.6,7257.01,72.4,91132798.02673496,45994588.66584784,103.44999999999999,0,338,SRV005,worker-server-01,ap-south-1,development,137127386.6925828,0.3165938864628821,-56.5,4.3999999999999915,0.3051622418879056,0
2026-06-08T11:18:39.120576,43.3,88.5,6855.0,72.4,92805691.58703534,47321321.51464081,75.83,0,342,SRV001,web-server-01,ap-south-1,production,140127013.10167617,0.48379888268156424,14.299999999999997,-2.0999999999999943,0.22107871720116617,0
2026-06-08T11:32:58.362077,91.0,90.6,6708.72,76.5,123512621.5794152,64323072.359083414,135.94,0,344,SRV003,database-server-01,us-east-1,production,187835693.93849862,0.9934497816593887,47.7,2.0999999999999943,0.39402898550724635,1
2026-06-08T11:18:51.408384,20.9,92.9,6889.67,76.4,92847780.79977833,47350797.81725538,83.71,0,340,SRV003,database-server-01,us-east-1,production,140198578.61703372,0.22257720979765705,-70.1,2.3000000000000114,0.2454838709677419,0
2026-06-08T11:17:31.333238,16.1,92.1,6980.7,72.4,92548574.03800178,47123619.43991457,879.95,0,337,SRV005,worker-server-01,ap-south-1,development,139672193.47791636,0.1729323308270677,-4.799999999999997,-0.8000000000000114,2.6034023668639055,0
2026-06-08T11:31:13.299427,91.2,92.3,7313.95,72.5,122914530.0626834,62570860.68782155,115.12,0,343,SRV003,database-server-01,us-east-1,production,185485390.75050497,0.9774919614147911,75.1,0.20000000000000284,0.3346511627906977,1
2026-06-08T11:19:53.257765,39.9,87.8,7038.45,76.4,93136041.36926559,47629067.19530009,175.86,0,339,SRV003,database-server-01,us-east-1,production,140765108.56456566,0.44932432432432434,-51.300000000000004,-4.5,0.5172352941176471,0
2026-06-08T11:31:30.217958,53.2,94.6,7332.95,74.5,122987386.94982585,62700605.86728599,165.29,0,343,SRV002,api-server-01,ap-south-1,production,185687992.81711185,0.5564853556485356,13.300000000000004,6.799999999999997,0.4804941860465116,0
2026-06-08T11:19:16.006900,15.600000000000001,93.7,7030.89,75.4,92981270.84028,47509532.94260849,170.31,0,340,SRV002,api-server-01,ap-south-1,production,140490803.78288847,0.16473072861668428,-37.6,-0.8999999999999915,0.49944281524926687,0
2026-06-08T11:18:45.282146,30.1,85.7,6871.71,72.4,92822670.36773826,47332557.36562795,93.19,0,340,SRV002,api-server-01,ap-south-1,production,140155227.73336622,0.34717416378316035,14.5,-8.0,0.27328445747800584,0
2026-06-08T11:14:19.203948,27.200000000000003,93.5,6932.37,72.4,91398954.70622693,46499312.896194376,56.44,0,337,SRV004,cache-server-01,eu-west-1,staging,137898267.6024213,0.2878306878306879,-2.8999999999999986,7.799999999999997,0.16698224852071006,0
2026-06-08T11:31:30.217958,47.2,91.6,7332.95,74.5,122987390.03074989,62700520.966035865,202.29,0,343,SRV002,api-server-01,ap-south-1,production,185687910.99678576,0.5097192224622031,20.0,-1.9000000000000057,0.5880523255813953,0
2026-06-08T11:19:59.504498,40.9,96.6,7257.89,76.4,93162622.27118227,47647314.88014617,218.47,0,339,SRV004,cache-server-01,eu-west-1,staging,140809937.15132844,0.41905737704918034,-6.300000000000004,5.0,0.6425588235294117,0
2026-06-08T11:32:45.770343,78.0,83.4,6771.26,72.5,123441075.54842351,64052310.985187545,105.9,0,344,SRV005,worker-server-01,ap-south-1,development,187493386.53361106,0.924170616113744,37.1,-13.199999999999989,0.30695652173913046,0
2026-06-08T11:17:55.907061,15.3,90.0,7054.89,73.4,92640254.5220692,47199395.311103866,149.57,0,338,SRV004,cache-server-01,eu-west-1,staging,139839649.83317307,0.16813186813186815,-62.7,6.599999999999994,0.4412094395280236,0
2026-06-08T11:33:19.371107,88.9,86.5,6774.47,74.5,123623135.88031624,64522973.98256645,102.16,0,344,SRV003,database-server-01,us-east-1,production,188146109.8628827,1.016,73.60000000000001,-3.5,0.2961159420289855,1
2026-06-08T11:32:16.388014,92.5,82.2,6757.16,72.5,123285549.48451953,63494937.17459905,141.12,0,343,SRV003,database-server-01,us-east-1,production,186780486.6591186,1.111778846153846,3.5999999999999943,-4.299999999999997,0.4102325581395349,1
2026-06-08T11:19:53.257765,39.9,84.8,7038.45,73.4,93136053.2187575,47629108.433308735,176.86,0,339,SRV003,database-server-01,us-east-1,production,140765161.65206623,0.46503496503496505,-52.6,2.5999999999999943,0.5201764705882354,0
2026-06-08T11:19:53.257765,40.9,94.8,7038.45,76.4,93136109.03851071,47629037.21325942,149.86,0,339,SRV003,database-server-01,us-east-1,production,140765146.25177014,0.42693110647181626,1.0,10.0,0.440764705882353,0
2026-06-08T11:17:55.907061,20.3,92.0,7054.89,76.4,92640221.2166425,47199324.81637222,158.57,0,338,SRV004,cache-server-01,eu-west-1,staging,139839546.0330147,0.21827956989247313,-20.599999999999998,-2.799999999999997,0.4677581120943953,0
2026-06-08T11:20:17.947455,17.6,88.1,7296.84,74.4,93232580.81518355,47692351.30568772,115.12,0,337,SRV002,api-server-01,ap-south-1,production,140924932.12087128,0.19753086419753088,-2.6999999999999993,-3.9000000000000057,0.34059171597633137,0
2026-06-08T11:20:05.649186,19.6,89.6,7258.12,72.4,93184837.9186949,47661563.99034612,60.7,0,337,SRV005,worker-server-01,ap-south-1,development,140846401.90904102,0.21633554083885212,2.0,1.5,0.17958579881656805,0
2026-06-08T11:17:49.762560,14.9,93.9,7048.01,73.4,92623153.4620283,47183423.066637605,104.32,0,338,SRV003,database-server-01,us-east-1,production,139806576.5286659,0.15700737618545837,-4.700000000000001,4.300000000000011,0.3077286135693215,0
2026-06-08T11:31:21.696076,70.9,98.5,7322.62,73.5,122950897.16770382,62658263.41265654,103.47999999999999,0,343,SRV005,worker-server-01,ap-south-1,development,185609160.58036035,0.7125628140703518,56.00000000000001,4.599999999999994,0.3008139534883721,0
2026-06-08T11:16:28.992223,18.3,82.4,6769.2,75.4,92300373.76346397,46971118.157979526,154.62,0,336,SRV005,worker-server-01,ap-south-1,development,139271491.9214435,0.21942446043165467,-52.60000000000001,-16.099999999999994,0.45881305637982195,0
2026-06-08T11:31:46.682829,43.5,82.0,6422.06,72.5,123134050.13360249,62924267.726503536,131.7,0,344,SRV001,web-server-01,ap-south-1,production,186058317.86010602,0.5240963855421686,25.2,-0.4000000000000057,0.3817391304347826,0
2026-06-08T11:31:25.907382,40.6,95.6,7332.55,72.5,122971688.78306073,62676986.68627486,191.05,0,343,SRV001,web-server-01,ap-south-1,production,185648675.4693356,0.4202898550724638,-2.8999999999999986,13.599999999999994,0.5553779069767443,0
2026-06-08T11:16:59.791192,24.4,83.2,6751.6,75.4,92389495.74817513,47027991.90375597,109.21,0,336,SRV005,worker-server-01,ap-south-1,development,139417487.6519311,0.2897862232779097,-16.200000000000003,-12.399999999999991,0.32406528189910977,0
2026-06-08T11:14:13.096646,71.8,93.2,6993.2,73.4,91361986.58165559,46478774.420991026,127.0,0,339,SRV003,database-server-01,us-east-1,production,137840761.00264663,0.762208067940552,47.4,10.0,0.3735294117647059,0
2026-06-08T11:32:33.174907,57.5,89.3,6605.03,74.5,123365401.33666329,63773719.7778504,210.49,0,343,SRV002,api-server-01,ap-south-1,production,187139121.1145137,0.636766334440753,-14.299999999999997,-3.9000000000000057,0.611889534883721,0
2026-06-08T11:18:32.975711,19.1,88.1,6827.21,73.4,92782973.60100599,47297914.65750978,225.74,0,340,SRV005,worker-server-01,ap-south-1,development,140080888.25851578,0.21436588103254772,-38.4,-1.2000000000000028,0.6619941348973607,0
2026-06-08T11:31:05.004439,34.3,91.9,7280.51,72.5,122867962.56076227,62432065.66683031,175.84,0,343,SRV001,web-server-01,ap-south-1,production,185300028.2275926,0.3692142088266953,15.199999999999996,3.8000000000000114,0.5111627906976745,0
2026-06-08T11:13:05.314616,21.4,93.0,7129.16,72.4,91071173.9563227,45946296.78161076,130.55,0,337,SRV002,api-server-01,ap-south-1,production,137017470.73793346,0.2276595744680851,-12.899999999999999,1.0999999999999943,0.3862426035502959,0
2026-06-08T11:16:35.112017,33.7,90.6,6710.79,73.4,92318272.41478767,46982377.17091248,129.26999999999998,0,336,SRV001,web-server-01,ap-south-1,production,139300649.58570015,0.3679039301310044,12.300000000000004,-2.4000000000000057,0.38359050445103854,0
2026-06-08T11:32:03.675473,66.7,83.8,6726.21,72.5,123217770.5050709,63163772.43537413,106.41,0,344,SRV005,worker-server-01,ap-south-1,development,186381542.94044504,0.7865566037735849,33.0,-6.799999999999997,0.30843478260869567,0
2026-06-08T11:31:46.682829,35.5,84.0,6422.06,75.5,123134000.71166204,62924277.96568847,154.7,0,344,SRV001,web-server-01,ap-south-1,production,186058278.67735052,0.4176470588235294,-31.200000000000003,0.20000000000000284,0.44840579710144923,0
2026-06-08T11:18:32.975711,14.100000000000001,88.1,6827.21,73.4,92782886.81663103,47297925.30668094,222.74,0,340,SRV005,worker-server-01,ap-south-1,development,140080812.12331197,0.15824915824915828,-21.4,4.099999999999994,0.6531964809384164,0
2026-06-08T11:31:17.520297,71.0,95.5,7322.6,72.5,122930760.6485763,62632736.21233331,128.68,0,343,SRV004,cache-server-01,eu-west-1,staging,185563496.8609096,0.7357512953367875,56.9,7.400000000000006,0.3740697674418605,0
2026-06-08T11:31:50.902397,65.0,77.1,6436.1,73.5,123154916.87968025,62951086.79744272,162.56,0,344,SRV002,api-server-01,ap-south-1,production,186106003.67712295,0.8322663252240717,-6.0,-18.400000000000006,0.4711884057971015,0
2026-06-08T11:17:12.079570,16.9,84.1,6592.82,74.4,92463645.43430673,47059820.7439318,81.37,0,336,SRV002,api-server-01,ap-south-1,production,139523466.1782385,0.19858989424206816,-48.1,7.0,0.2414540059347181,0
2026-06-08T11:31:00.806140,84.2,95.2,7301.48,75.5,122850787.04523921,62388722.56806295,96.34,0,345,SRV005,worker-server-01,ap-south-1,development,185239509.61330217,0.8752598752598753,67.30000000000001,11.100000000000009,0.2784393063583815,0
2026-06-08T11:31:42.532883,101.9,86.0,6425.05,72.5,123100802.63823473,62875583.36552368,11.280000000000001,0,344,SRV005,worker-server-01,ap-south-1,development,185976386.00375843,1.1712643678160921,17.700000000000003,-9.200000000000003,0.03269565217391305,1
2026-06-08T11:32:07.899937,55.8,89.0,6741.8,73.5,123243271.50652894,63241498.67717492,155.29,0,344,SRV001,web-server-01,ap-south-1,production,186484770.18370387,0.62,-46.10000000000001,3.0,0.45011594202898547,0
2026-06-08T11:14:00.795334,51.3,88.6,7101.47,72.4,91239754.69145256,46199389.52415383,126.98,0,338,SRV001,web-server-01,ap-south-1,production,137439144.2156064,0.5725446428571429,-4.5,-0.4000000000000057,0.3745722713864307,0
2026-06-08T11:20:30.224148,32.3,95.4,7315.95,73.4,93277708.78502862,47718823.359142356,143.2,0,338,SRV004,cache-server-01,eu-west-1,staging,140996532.14417097,0.3350622406639004,-19.0,6.800000000000011,0.4224188790560472,0
2026-06-08T11:18:39.120576,34.3,86.5,6855.0,72.4,92805675.49276078,47321295.91766342,87.83,0,342,SRV001,web-server-01,ap-south-1,production,140126971.4104242,0.39199999999999996,2.0,-8.900000000000006,0.25606413994169097,0
2026-06-08T11:32:33.174907,58.5,84.3,6605.03,74.5,123365433.46695301,63773680.10409894,190.49,0,343,SRV002,api-server-01,ap-south-1,production,187139113.57105196,0.6858147713950762,24.200000000000003,-2.200000000000003,0.5537500000000001,0
2026-06-08T11:14:31.515623,47.7,94.6,7179.52,74.4,91428178.7008733,46520705.75586461,71.32,0,337,SRV001,web-server-01,ap-south-1,production,137948884.4567379,0.49895397489539756,-10.799999999999997,10.299999999999997,0.2110059171597633,0
2026-06-08T11:18:20.585453,37.1,86.7,6712.98,76.4,92721924.43988141,47255461.147114865,90.42,0,337,SRV003,database-server-01,us-east-1,production,139977385.5869963,0.42303306727480045,-10.600000000000001,-7.8999999999999915,0.26751479289940827,0
2026-06-08T11:32:16.388014,83.5,89.2,6757.16,73.5,123285542.39175299,63495007.234772466,146.12,0,343,SRV003,database-server-01,us-east-1,production,186780549.62652546,0.925720620842572,46.4,2.5,0.4247674418604651,0
2026-06-08T11:13:29.993599,19.8,91.0,6898.87,72.4,91152058.11620846,46006350.195452385,112.48,0,337,SRV001,web-server-01,ap-south-1,production,137158408.31166086,0.21521739130434783,-63.7,1.7999999999999972,0.33278106508875743,0
2026-06-08T11:33:02.565085,25.0,84.0,6738.93,75.5,123530909.02542284,64397780.303138755,131.53,0,344,SRV004,cache-server-01,eu-west-1,staging,187928689.3285616,0.29411764705882354,5.199999999999999,-7.0,0.3812463768115942,0
2026-06-08T11:17:24.385929,55.6,87.4,7005.46,73.4,92524158.0488784,47104371.07519306,112.09,0,336,SRV004,cache-server-01,eu-west-1,staging,139628529.12407148,0.6289592760180995,30.6,3.4000000000000057,0.3326112759643917,0
2026-06-08T11:13:36.117234,14.2,85.7,6874.81,74.4,91168835.85167977,46018496.626760915,128.06,0,336,SRV002,api-server-01,ap-south-1,production,137187332.4784407,0.1637831603229527,-41.400000000000006,-1.7000000000000028,0.38,0
2026-06-08T11:20:54.800941,29.6,96.4,7393.33,75.4,93381199.72130074,48119488.35955387,143.01,0,338,SRV003,database-server-01,us-east-1,production,141500688.0808546,0.30390143737166325,15.400000000000002,10.700000000000003,0.421858407079646,0
2026-06-08T11:32:58.362077,100.0,90.6,6708.72,76.5,123512629.71860823,64323052.72332696,208.94,0,344,SRV003,database-server-01,us-east-1,production,187835682.44193518,1.091703056768559,70.4,-5.800000000000011,0.6056231884057971,1
2026-06-08T11:14:56.193454,30.4,89.4,7080.66,74.4,91710359.3233969,46684130.61254873,159.15,0,336,SRV005,worker-server-01,ap-south-1,development,138394489.93594563,0.33628318584070793,-69.6,-1.1999999999999886,0.4722551928783383,0
2026-06-08T11:32:49.966233,43.3,83.4,6767.8,75.5,123461957.32380036,64134564.73848685,117.49000000000001,0,344,SRV001,web-server-01,ap-south-1,production,187596522.0622872,0.5130331753554501,12.899999999999999,-6.0,0.3405507246376812,0
2026-06-08T11:13:23.850596,36.0,92.6,7257.01,76.4,91132847.99819152,45994597.93904645,118.44999999999999,0,338,SRV005,worker-server-01,ap-south-1,development,137127445.93723798,0.38461538461538464,-7.299999999999997,9.199999999999989,0.34941002949852507,0
2026-06-08T11:16:41.257898,29.6,84.5,6774.29,73.4,92336808.7339658,46994136.155650675,137.66,0,336,SRV002,api-server-01,ap-south-1,production,139330944.8896165,0.34619883040935673,-6.399999999999999,-8.099999999999994,0.408486646884273,0
2026-06-08T11:15:20.974637,27.2,84.2,6594.36,72.4,92011238.64159253,46820789.4881476,74.81,0,338,SRV004,cache-server-01,eu-west-1,staging,138832028.12974012,0.3192488262910798,-2.400000000000002,-0.29999999999999716,0.22067846607669617,0
2026-06-08T11:20:48.656903,22.2,92.8,7352.82,73.4,93357535.22721584,48102644.45027684,71.49,0,338,SRV002,api-server-01,ap-south-1,production,141460179.67749268,0.23667377398720682,-5.0,8.599999999999994,0.21088495575221236,0
2026-06-08T11:20:42.524038,35.4,97.8,7345.92,76.4,93331957.72603069,48084132.904487796,106.46000000000001,0,337,SRV001,web-server-01,ap-south-1,production,141416090.6305185,0.3582995951417004,13.2,5.0,0.31497041420118344,0
2026-06-08T11:18:26.729159,16.2,89.6,6708.41,75.4,92742473.37059803,47266697.51563132,124.99,0,337,SRV004,cache-server-01,eu-west-1,staging,140009170.88622934,0.17880794701986755,-19.2,-8.200000000000003,0.369792899408284,0
2026-06-08T11:20:24.098528,11.0,98.3,7312.16,72.4,93258248.65439934,47706228.463673,89.44,0,337,SRV003,database-server-01,us-east-1,production,140964477.11807233,0.1107754279959718,-5.199999999999999,8.700000000000003,0.2646153846153846,0
2026-06-08T11:14:31.515623,38.7,94.6,7179.52,72.4,91428174.48412363,46520686.38812299,65.32,0,337,SRV001,web-server-01,ap-south-1,production,137948860.87224662,0.4048117154811716,27.700000000000003,-3.700000000000003,0.19325443786982247,0
2026-06-08T11:16:47.504036,10.7,83.2,6752.13,74.4,92355024.24662662,47005455.33601912,151.93,0,336,SRV003,database-server-01,us-east-1,production,139360479.58264574,0.12707838479809974,-28.000000000000004,-11.399999999999991,0.45083086053412463,0
2026-06-08T11:16:22.837154,16.0,84.3,6762.44,72.4,92282444.4963665,46959810.82808432,237.64,0,336,SRV004,cache-server-01,eu-west-1,staging,139242255.32445082,0.18757327080890973,5.300000000000001,1.0999999999999943,0.7051632047477744,0
2026-06-08T11:31:42.532883,99.9,77.0,6425.05,72.5,123100750.87951544,62875580.67074692,85.28,0,344,SRV005,worker-server-01,ap-south-1,development,185976331.55026236,1.2807692307692309,83.9,-7.299999999999997,0.24718840579710144,1
2026-06-08T11:19:09.839761,32.6,93.7,7026.97,75.4,92961985.65019019,47494493.23260244,95.88,0,340,SRV001,web-server-01,ap-south-1,production,140456478.88279262,0.34424498416050686,-67.30000000000001,16.700000000000003,0.2811730205278592,0
2026-06-08T11:17:49.762560,16.9,86.9,7048.01,74.4,92623138.70840909,47183444.41672903,88.32,0,338,SRV003,database-server-01,us-east-1,production,139806583.1251381,0.19226393629124003,-15.700000000000003,-6.799999999999997,0.2605309734513274,0
2026-06-08T11:30:44.012491,57.8,90.6,7252.98,74.5,122762348.43045707,62172135.61148573,147.09,0,342,SRV001,web-server-01,ap-south-1,production,184934484.0419428,0.631004366812227,40.9,3.6999999999999886,0.4288338192419825,0
2026-06-08T11:19:53.257765,43.9,88.8,7038.45,75.4,93136048.44246307,47629108.3865911,144.86,0,339,SRV003,database-server-01,us-east-1,production,140765156.82905418,0.4888641425389755,-13.899999999999999,-1.7999999999999972,0.4260588235294118,0
2026-06-08T11:14:56.193454,34.4,90.4,7080.66,76.4,91710291.45044509,46684150.844418325,165.15,0,336,SRV005,worker-server-01,ap-south-1,development,138394442.2948634,0.37636761487964987,-9.5,1.6000000000000085,0.4900593471810089,0
2026-06-08T11:17:43.618923,18.9,84.4,7005.16,74.4,92603867.92744258,47171645.79880464,94.59,0,338,SRV002,api-server-01,ap-south-1,production,139775513.72624722,0.22131147540983603,-15.5,-6.0,0.2790265486725664,0
2026-06-08T11:33:19.371107,91.9,85.5,6774.47,74.5,123623145.63712586,64522957.38473094,144.16,0,344,SRV003,database-server-01,us-east-1,production,188146103.0218568,1.06242774566474,73.0,1.0999999999999943,0.41785507246376813,1
2026-06-08T11:32:58.362077,92.0,89.6,6708.72,72.5,123512630.94819073,64323052.71735203,199.94,0,344,SRV003,database-server-01,us-east-1,production,187835683.66554278,1.0154525386313467,0.09999999999999432,4.099999999999994,0.579536231884058,1
2026-06-08T11:19:16.006900,14.600000000000001,91.7,7030.89,73.4,92981282.7307246,47509505.87844066,107.31,0,340,SRV002,api-server-01,ap-south-1,production,140490788.60916525,0.1574973031283711,-77.4,2.1000000000000085,0.31469208211143695,0
2026-06-08T11:18:32.975711,20.1,84.1,6827.21,73.4,92782910.27834344,47297882.23259381,247.74,0,340,SRV005,worker-server-01,ap-south-1,development,140080792.51093724,0.23619271445358406,5.5,-7.6000000000000085,0.7265102639296188,0
2026-06-08T11:17:43.618923,13.9,87.4,7005.16,74.4,92603935.54010394,47171670.85198218,115.59,0,338,SRV002,api-server-01,ap-south-1,production,139775606.39208612,0.15723981900452488,-6.200000000000001,3.3000000000000114,0.3409734513274336,0
2026-06-08T11:15:08.686774,48.8,88.0,7284.44,76.4,91819823.6609817,46729707.12348679,154.22,0,338,SRV002,api-server-01,ap-south-1,production,138549530.78446847,0.548314606741573,34.9,0.5999999999999943,0.45492625368731565,0
2026-06-08T11:16:53.647754,27.8,85.1,6746.95,74.4,92369730.2826038,47015490.91820517,108.63,0,336,SRV004,cache-server-01,eu-west-1,staging,139385221.20080897,0.3228803716608595,-20.999999999999996,-2.9000000000000057,0.3223442136498516,0
2026-06-08T11:13:17.694905,8.5,92.5,7245.87,74.4,91115734.82777198,45982247.58012893,114.63,0,337,SRV004,cache-server-01,eu-west-1,staging,137097982.4079009,0.09090909090909091,-19.3,7.400000000000006,0.3391420118343195,0
2026-06-08T11:16:16.602199,24.4,83.5,6777.17,76.4,92267668.43443961,46944286.57321414,52.349999999999994,0,336,SRV003,database-server-01,us-east-1,production,139211955.00765377,0.2887573964497041,15.899999999999999,-9.0,0.15534124629080118,0
2026-06-08T11:18:26.729159,17.2,82.6,6708.41,76.4,92742419.61703947,47266674.32426388,88.99,0,337,SRV004,cache-server-01,eu-west-1,staging,140009093.94130334,0.2057416267942584,-7.199999999999999,-0.9000000000000057,0.263284023668639,0
2026-06-08T11:15:58.145405,21.5,90.7,6790.75,73.4,92181660.4710847,46902485.90586551,142.86,0,338,SRV005,worker-server-01,ap-south-1,development,139084146.3769502,0.23446019629225737,4.300000000000001,8.100000000000009,0.4214159292035399,0
2026-06-08T11:20:42.524038,36.4,91.8,7345.92,72.4,93331925.27065286,48084178.89710503,109.46000000000001,0,337,SRV001,web-server-01,ap-south-1,production,141416104.1677579,0.3922413793103448,14.899999999999999,1.0999999999999943,0.3238461538461539,0
2026-06-08T11:17:55.907061,17.3,93.0,7054.89,76.4,92640228.06772235,47199365.08824289,101.57,0,338,SRV004,cache-server-01,eu-west-1,staging,139839593.15596524,0.18404255319148938,-19.099999999999998,1.2000000000000028,0.29961651917404125,0
2026-06-08T11:18:26.729159,19.2,81.6,6708.41,74.4,92742397.2162805,47266696.4331185,49.989999999999995,0,337,SRV004,cache-server-01,eu-west-1,staging,140009093.649399,0.2324455205811138,1.8999999999999986,-11.400000000000006,0.14789940828402365,0
2026-06-08T11:18:57.564095,35.9,89.1,6979.52,74.4,92876637.46444844,47375810.1282113,76.62,0,340,SRV004,cache-server-01,eu-west-1,staging,140252447.59265974,0.39844617092119866,16.7,7.5,0.22469208211143696,0
2026-06-08T11:18:39.120576,41.3,89.5,6855.0,75.4,92805710.45516124,47321282.507976994,129.82999999999998,0,342,SRV001,web-server-01,ap-south-1,production,140126992.96313822,0.45635359116022095,5.399999999999999,0.4000000000000057,0.3785131195335277,0
2026-06-08T11:19:22.263984,9.5,88.9,7041.53,73.4,93009097.95797944,47546117.71630809,216.92,0,340,SRV003,database-server-01,us-east-1,production,140555215.67428753,0.10567296996662959,-31.799999999999997,-0.5999999999999943,0.6361290322580645,0
2026-06-08T11:32:07.899937,56.8,89.0,6741.8,75.5,123243299.8772112,63241550.65345822,195.29,0,344,SRV001,web-server-01,ap-south-1,production,186484850.53066942,0.6311111111111111,47.3,0.09999999999999432,0.5660579710144927,0
2026-06-08T11:16:47.504036,14.7,87.2,6752.13,76.4,92355017.28525576,47005500.03167204,202.93,0,336,SRV003,database-server-01,us-east-1,production,139360517.3169278,0.16666666666666666,-42.099999999999994,-1.7999999999999972,0.602166172106825,0
2026-06-08T11:13:48.422920,20.8,90.6,6944.96,76.4,91201748.78436916,46048836.71941747,76.78,0,336,SRV004,cache-server-01,eu-west-1,staging,137250585.50378662,0.2270742358078603,6.100000000000001,3.3999999999999915,0.22783382789317508,0
2026-06-08T11:18:14.441285,11.8,83.9,6963.88,72.4,92702834.77255167,47244570.888324656,66.36,0,337,SRV002,api-server-01,ap-south-1,production,139947405.66087633,0.13898704358068315,-9.0,-6.699999999999989,0.19633136094674555,0
2026-06-08T11:31:46.682829,40.5,82.0,6422.06,75.5,123134039.69734627,62924236.464129105,86.7,0,344,SRV001,web-server-01,ap-south-1,production,186058276.16147536,0.4879518072289157,28.7,-1.9000000000000057,0.25130434782608696,0
2026-06-08T11:18:20.585453,37.1,87.7,6712.98,76.4,92721946.70124952,47255427.2512169,116.42,0,337,SRV003,database-server-01,us-east-1,production,139977373.95246643,0.4182638105975197,-3.3999999999999986,5.700000000000003,0.3444378698224852,0
2026-06-08T11:14:00.795334,47.3,91.6,7101.47,72.4,91239765.61829135,46199382.41647781,103.98,0,338,SRV001,web-server-01,ap-south-1,production,137439148.03476915,0.5107991360691144,10.199999999999996,3.8999999999999915,0.30672566371681415,0
2026-06-08T11:33:06.704177,72.5,90.3,6759.52,73.5,123558961.55101398,64442586.18100267,60.349999999999994,0,344,SRV005,worker-server-01,ap-south-1,development,188001547.73201665,0.7940854326396495,25.200000000000003,-1.2999999999999972,0.17492753623188403,0
2026-06-08T11:14:00.795334,56.3,85.6,7101.47,76.4,91239815.96194099,46199392.96646061,78.98,0,338,SRV001,web-server-01,ap-south-1,production,137439208.9284016,0.6501154734411085,-16.200000000000003,-4.700000000000003,0.23297935103244838,0
2026-06-08T11:16:59.791192,24.4,83.2,6751.6,74.4,92389490.03464676,47027996.64298883,88.21,0,336,SRV005,worker-server-01,ap-south-1,development,139417486.6776356,0.2897862232779097,-31.9,-2.3999999999999915,0.2617507418397626,0
2026-06-08T11:32:54.164046,63.9,81.4,6766.25,73.5,123480396.00766325,64243271.82300886,168.18,0,345,SRV002,api-server-01,ap-south-1,production,187723667.83067212,0.7754854368932038,39.5,-1.7999999999999972,0.4860693641618497,0
2026-06-08T11:19:28.479307,40.6,89.0,7051.77,76.4,93026809.04932278,47557731.595147006,174.71,0,340,SRV004,cache-server-01,eu-west-1,staging,140584540.6444698,0.45111111111111113,-23.299999999999997,7.599999999999994,0.5123460410557185,0
2026-06-08T11:14:19.203948,34.2,88.5,6932.37,76.4,91398969.74358049,46499368.540970586,104.44,0,337,SRV004,cache-server-01,eu-west-1,staging,137898338.28455108,0.382122905027933,-6.399999999999999,-0.5,0.30899408284023666,0
2026-06-08T11:19:16.006900,20.6,88.7,7030.89,75.4,92981259.95759834,47509483.92519793,110.31,0,340,SRV002,api-server-01,ap-south-1,production,140490743.8827963,0.22965440356744704,-13.600000000000001,0.20000000000000284,0.32348973607038123,0
2026-06-08T11:32:16.388014,85.5,88.2,6757.16,74.5,123285544.12772052,63495032.31715859,151.12,0,343,SRV003,database-server-01,us-east-1,production,186780576.4448791,0.9585201793721972,64.9,-0.5,0.43930232558139537,1
2026-06-08T11:32:20.576921,53.7,83.3,6765.6,76.5,123305337.349849,63529616.30449934,147.81,0,343,SRV004,cache-server-01,eu-west-1,staging,186834953.65434834,0.6370106761565837,-31.799999999999997,-4.900000000000006,0.42968023255813953,0
2026-06-08T11:16:22.837154,16.0,83.3,6762.44,75.4,92282452.43123707,46959788.9817859,215.64,0,336,SRV004,cache-server-01,eu-west-1,staging,139242241.41302297,0.18979833926453143,-37.7,0.0,0.6398813056379822,0
2026-06-08T11:16:41.257898,33.6,89.5,6774.29,74.4,92336871.67279127,46994078.53264441,157.66,0,336,SRV002,api-server-01,ap-south-1,production,139330950.2054357,0.3712707182320442,17.6,6.200000000000003,0.46783382789317507,0
2026-06-08T11:14:25.371100,29.5,91.3,6997.93,73.4,91412062.02672714,46509698.86201795,185.01,0,337,SRV005,worker-server-01,ap-south-1,development,137921760.8887451,0.3196099674972914,-4.100000000000001,1.7999999999999972,0.5473668639053254,0
2026-06-08T11:13:17.694905,11.5,91.5,7245.87,74.4,91115645.34396738,45982225.18988145,140.63,0,337,SRV004,cache-server-01,eu-west-1,staging,137097870.53384882,0.12432432432432433,-18.0,0.20000000000000284,0.41606508875739645,0
2026-06-08T11:31:38.415692,72.8,80.6,6629.71,76.5,123077295.23579685,62838052.16979855,98.56,0,343,SRV004,cache-server-01,eu-west-1,staging,185915347.40559542,0.8921568627450981,61.3,-10.900000000000006,0.28651162790697676,0
2026-06-08T11:15:14.831093,42.0,88.6,6943.11,73.4,91855876.90252177,46754145.53824093,63.510000000000005,0,338,SRV003,database-server-01,us-east-1,production,138610022.4407627,0.46875000000000006,-30.799999999999997,8.0,0.18734513274336284,0
2026-06-08T11:31:46.682829,44.5,79.0,6422.06,75.5,123134032.75592926,62924208.21294793,83.7,0,344,SRV001,web-server-01,ap-south-1,production,186058240.9688772,0.55625,2.5,-9.599999999999994,0.2426086956521739,0
2026-06-08T11:14:43.803217,27.7,96.5,7166.46,74.4,91480274.48867613,46551528.68508039,80.22,0,336,SRV003,database-server-01,us-east-1,production,138031803.1737565,0.28410256410256407,-16.8,17.5,0.23804154302670621,0
2026-06-08T11:19:03.695792,13.600000000000001,85.1,6977.82,76.4,92903151.18564838,47472604.60482034,126.91,0,340,SRV005,worker-server-01,ap-south-1,development,140375755.79046872,0.15795586527293848,-14.099999999999998,-11.400000000000006,0.37217008797653955,0
2026-06-08T11:16:16.602199,21.4,81.5,6777.17,74.4,92267675.93225013,46944309.02376219,120.35,0,336,SRV003,database-server-01,us-east-1,production,139211984.9560123,0.2593939393939394,7.799999999999997,-3.5999999999999943,0.35712166172106824,0
2026-06-08T11:20:30.224148,28.299999999999997,97.4,7315.95,76.4,93277654.36344454,47718901.872419246,102.2,0,338,SRV004,cache-server-01,eu-west-1,staging,140996556.23586378,0.2876016260162601,6.899999999999999,15.900000000000006,0.3014749262536873,0
2026-06-08T11:18:26.729159,19.2,82.6,6708.41,76.4,92742408.02493589,47266630.8522862,72.99,0,337,SRV004,cache-server-01,eu-west-1,staging,140009038.8772221,0.22966507177033493,-9.099999999999998,-14.800000000000011,0.21594674556213017,0
2026-06-08T11:14:00.795334,53.3,94.6,7101.47,72.4,91239837.05888046,46199436.15107351,43.980000000000004,0,338,SRV001,web-server-01,ap-south-1,production,137439273.20995396,0.5575313807531381,34.099999999999994,12.0,0.1297345132743363,0
2026-06-08T11:15:33.388006,25.1,81.8,6648.07,73.4,92069094.23797938,46847599.76816125,217.4,0,338,SRV001,web-server-01,ap-south-1,production,138916694.00614065,0.3031400966183575,-28.199999999999996,-12.799999999999997,0.6412979351032448,0
2026-06-08T11:31:55.088538,100.7,91.7,6872.24,75.5,123178398.69983229,62977109.99357664,101.51,0,344,SRV003,database-server-01,us-east-1,production,186155508.69340894,1.0862998921251348,75.6,9.900000000000006,0.294231884057971,1
2026-06-08T11:20:11.792144,9.5,97.7,7266.76,74.4,93214714.55689731,47681527.12637768,65.08,0,337,SRV001,web-server-01,ap-south-1,production,140896241.68327498,0.09625126646403243,-91.2,6.0,0.19254437869822486,0
2026-06-08T11:32:24.800675,58.4,91.3,6765.98,73.5,123324987.34422241,63583421.197168194,185.43,0,343,SRV005,worker-server-01,ap-south-1,development,186908408.5413906,0.6327193932827736,48.9,-6.400000000000006,0.5390406976744186,0
2026-06-08T11:31:30.217958,49.2,88.6,7332.95,74.5,122987449.65629773,62700565.485729575,175.29,0,343,SRV002,api-server-01,ap-south-1,production,185688015.14202732,0.5491071428571429,-9.199999999999996,-2.700000000000003,0.509563953488372,0
2026-06-08T11:19:03.695792,15.600000000000001,84.1,6977.82,72.4,92903147.2502306,47472603.52157897,74.91,0,340,SRV005,worker-server-01,ap-south-1,development,140375750.77180958,0.18331374853113985,-33.6,-4.5,0.2196774193548387,0
2026-06-08T11:30:35.647864,51.0,93.0,7285.31,75.5,122713136.16168633,62063705.17891967,51.349999999999994,0,342,SRV004,cache-server-01,eu-west-1,staging,184776841.340606,0.5425531914893617,35.4,8.900000000000006,0.1497084548104956,0
2026-06-08T11:14:25.371100,39.5,86.3,6997.93,76.4,91412037.72751194,46509646.67436113,91.00999999999999,0,337,SRV005,worker-server-01,ap-south-1,development,137921684.40187308,0.4524627720504009,-11.5,-6.700000000000003,0.2692603550295858,0
2026-06-08T11:33:06.704177,77.5,86.3,6759.52,76.5,123558945.18515354,64442529.04170824,105.35,0,344,SRV005,worker-server-01,ap-south-1,development,188001474.22686177,0.8877434135166095,38.0,0.0,0.3053623188405797,0
2026-06-08T11:14:06.934830,41.6,89.1,6823.69,75.4,91310095.94903457,46325201.880352564,135.7,0,337,SRV002,api-server-01,ap-south-1,production,137635297.82938713,0.4617092119866815,-35.9,2.799999999999997,0.4014792899408284,0
2026-06-08T11:15:20.974637,23.2,82.2,6594.36,76.4,92011256.58984977,46820837.71164701,155.81,0,338,SRV004,cache-server-01,eu-west-1,staging,138832094.30149677,0.27884615384615385,-18.400000000000002,-6.8999999999999915,0.4596165191740413,0
2026-06-08T11:18:26.729159,12.2,81.6,6708.41,76.4,92742453.74929667,47266614.16598765,142.99,0,337,SRV004,cache-server-01,eu-west-1,staging,140009067.9152843,0.1476997578692494,-11.0,-0.6000000000000085,0.42304733727810656,0
2026-06-08T11:30:35.647864,42.0,98.0,7285.31,74.5,122713141.76574522,62063627.08164659,113.35,0,342,SRV004,cache-server-01,eu-west-1,staging,184776768.8473918,0.42424242424242425,29.8,16.400000000000006,0.33046647230320697,0
2026-06-08T11:15:33.388006,24.1,82.8,6648.07,72.4,92069072.43900229,46847623.54528484,193.4,0,338,SRV001,web-server-01,ap-south-1,production,138916695.98428714,0.2875894988066826,-17.9,-15.200000000000003,0.5705014749262537,0
2026-06-08T11:32:54.164046,54.9,86.4,6766.25,76.5,123480452.68360893,64243260.24220658,110.18,0,345,SRV002,api-server-01,ap-south-1,production,187723712.92581552,0.6281464530892448,30.799999999999997,3.6000000000000085,0.3184393063583815,0
2026-06-08T11:16:41.257898,32.6,87.5,6774.29,72.4,92336799.46635638,46994063.12175308,163.66,0,336,SRV002,api-server-01,ap-south-1,production,139330862.58810946,0.36836158192090396,-22.299999999999997,1.0999999999999943,0.4856379821958457,0
2026-06-08T11:32:28.975147,45.6,82.3,6765.18,75.5,123347405.86738761,63679734.23329107,154.22,0,343,SRV001,web-server-01,ap-south-1,production,187027140.10067868,0.5474189675870349,13.0,-5.200000000000003,0.4483139534883721,0
2026-06-08T11:14:25.371100,35.5,93.3,6997.93,73.4,91412081.85374431,46509690.48342455,169.01,0,337,SRV005,worker-server-01,ap-south-1,development,137921772.33716887,0.37645811240721105,-10.100000000000001,11.0,0.5000295857988165,0
2026-06-08T11:31:42.532883,96.9,84.0,6425.05,76.5,123100812.92099965,62875669.924124114,77.28,0,344,SRV005,worker-server-01,ap-south-1,development,185976482.84512377,1.1400000000000001,61.400000000000006,-9.299999999999997,0.224,1
2026-06-08T11:16:53.647754,22.8,90.1,6746.95,76.4,92369739.36433338,47015554.92714582,103.63,0,336,SRV004,cache-server-01,eu-west-1,staging,139385294.2914792,0.2502744237102086,-74.10000000000001,6.099999999999994,0.3075074183976261,0
2026-06-08T11:12:59.149714,49.6,86.6,7100.05,75.4,91043776.6367792,45926171.00939563,123.91,0,335,SRV001,web-server-01,ap-south-1,production,136969947.64617485,0.5662100456621005,26.8,-3.5,0.3687797619047619,0
2026-06-08T11:16:28.992223,27.3,86.4,6769.2,74.4,92300413.30786183,46971205.070779376,75.62,0,336,SRV005,worker-server-01,ap-south-1,development,139271618.37864122,0.3123569794050343,-22.3,-0.19999999999998863,0.22439169139465875,0
2026-06-08T11:16:16.602199,23.4,85.5,6777.17,74.4,92267641.50591542,46944263.398100555,78.35,0,336,SRV003,database-server-01,us-east-1,production,139211904.90401596,0.2705202312138728,-3.900000000000002,-0.9000000000000057,0.23249258160237388,0
2026-06-08T11:18:02.152872,5.5,85.9,6966.63,73.4,92659492.5609035,47211021.090641744,227.53,0,338,SRV005,worker-server-01,ap-south-1,development,139870513.65154526,0.06329113924050632,-17.9,0.4000000000000057,0.6711799410029499,0
2026-06-08T11:19:09.839761,37.6,84.7,7026.97,76.4,92961975.95383419,47494580.155974455,91.88,0,340,SRV001,web-server-01,ap-south-1,production,140456556.10980865,0.4387397899649942,32.1,-1.2000000000000028,0.26944281524926683,0
2026-06-08T11:18:39.120576,36.3,92.5,6855.0,72.4,92805728.15633573,47321300.39381817,156.82999999999998,0,342,SRV001,web-server-01,ap-south-1,production,140127028.5501539,0.388235294117647,-1.3000000000000043,7.799999999999997,0.4572303206997084,0
2026-06-08T11:31:09.110406,73.4,93.9,7280.88,74.5,122891232.76494586,62493725.08159323,84.34,0,343,SRV002,api-server-01,ap-south-1,production,185384957.84653908,0.7734457323498419,37.10000000000001,1.4000000000000057,0.24517441860465117,0
2026-06-08T11:14:31.515623,38.7,88.6,7179.52,74.4,91428168.4459906,46520762.418600224,115.32,0,337,SRV001,web-server-01,ap-south-1,production,137948930.86459082,0.4319196428571429,-34.7,-5.300000000000011,0.3411834319526627,0
2026-06-08T11:14:00.795334,48.3,91.6,7101.47,73.4,91239832.77806053,46199393.40216683,124.98,0,338,SRV001,web-server-01,ap-south-1,production,137439226.18022734,0.521598272138229,9.599999999999994,3.0,0.36867256637168144,0
2026-06-08T11:19:28.479307,31.6,86.0,7051.77,74.4,93026849.33145009,47557699.03838259,189.71,0,340,SRV004,cache-server-01,eu-west-1,staging,140584548.3698327,0.3632183908045977,-16.699999999999996,-5.599999999999994,0.5563343108504399,0
2026-06-08T11:18:26.729159,20.2,84.6,6708.41,72.4,92742480.26640806,47266678.42458469,119.99,0,337,SRV004,cache-server-01,eu-west-1,staging,140009158.69099274,0.23598130841121495,-11.400000000000002,-1.4000000000000057,0.355,0
2026-06-08T11:14:31.515623,40.7,91.6,7179.52,76.4,91428220.08467901,46520724.97334408,110.32,0,337,SRV001,web-server-01,ap-south-1,production,137948945.0580231,0.439524838012959,20.500000000000004,7.0,0.32639053254437866,0
2026-06-08T11:19:28.479307,35.6,92.0,7051.77,73.4,93026769.19218794,47557747.99656584,176.71,0,340,SRV004,cache-server-01,eu-west-1,staging,140584517.18875378,0.3827956989247312,-5.100000000000001,0.4000000000000057,0.5182111436950146,0
2026-06-08T11:17:31.333238,14.1,85.1,6980.7,73.4,92548611.38160792,47123589.53946421,896.95,0,337,SRV005,worker-server-01,ap-south-1,development,139672200.92107213,0.1637630662020906,-21.5,-6.900000000000006,2.653698224852071,0
2026-06-08T11:19:47.035267,37.2,89.8,7034.85,72.4,93098801.37906475,47614062.90797269,161.01,0,339,SRV002,api-server-01,ap-south-1,production,140712864.28703743,0.40969162995594716,23.1,4.700000000000003,0.47355882352941175,0
2026-06-08T11:31:55.088538,94.7,87.7,6872.24,74.5,123178383.48798595,62977064.406265065,76.51,0,344,SRV003,database-server-01,us-east-1,production,186155447.89425102,1.0676437429537768,57.5,-2.0999999999999943,0.221768115942029,1
2026-06-08T11:18:39.120576,43.3,85.5,6855.0,72.4,92805719.57400067,47321326.376511835,86.83,0,342,SRV001,web-server-01,ap-south-1,production,140127045.9505125,0.5005780346820808,-51.400000000000006,-2.200000000000003,0.25314868804664725,0
2026-06-08T11:31:42.532883,94.9,87.0,6425.05,74.5,123100829.82461588,62875658.79739653,50.28,0,344,SRV005,worker-server-01,ap-south-1,development,185976488.6220124,1.0784090909090909,51.60000000000001,1.5,0.14573913043478262,1
2026-06-08T11:17:43.618923,16.9,89.4,7005.16,75.4,92603895.63853483,47171611.392791726,104.59,0,338,SRV002,api-server-01,ap-south-1,production,139775507.03132656,0.18694690265486724,-78.0,2.4000000000000057,0.3085250737463127,0
2026-06-08T11:19:40.789986,22.9,89.7,7030.91,73.4,93076711.33742234,47597451.371827126,91.35,0,339,SRV001,web-server-01,ap-south-1,production,140674162.70924947,0.25248070562293273,6.0,0.29999999999999716,0.2686764705882353,0
2026-06-08T11:33:23.564465,29.9,88.6,6783.65,73.5,123649809.08021034,64554307.41040332,162.52,0,344,SRV004,cache-server-01,eu-west-1,staging,188204116.49061367,0.33370535714285715,7.0,-1.1000000000000085,0.47107246376811596,0
2026-06-08T11:31:00.806140,79.2,96.2,7301.48,73.5,122850806.14092657,62388766.410196625,156.34,0,345,SRV005,worker-server-01,ap-south-1,development,185239572.5511232,0.8148148148148148,49.300000000000004,7.6000000000000085,0.45184971098265897,0
2026-06-08T11:33:06.704177,77.5,89.3,6759.52,75.5,123558959.73877545,64442588.145463265,82.35,0,344,SRV005,worker-server-01,ap-south-1,development,188001547.88423872,0.858250276854928,-1.7000000000000028,-6.900000000000006,0.23869565217391303,0
2026-06-08T11:18:26.729159,19.2,89.6,6708.41,74.4,92742491.44006413,47266672.83805147,61.989999999999995,0,337,SRV004,cache-server-01,eu-west-1,staging,140009164.2781156,0.2119205298013245,-58.3,0.29999999999999716,0.18340236686390532,0
2026-06-08T11:31:59.294847,77.0,86.7,6560.95,74.5,123197099.03122157,63063165.11588947,146.82,0,344,SRV004,cache-server-01,eu-west-1,staging,186260264.14711103,0.8779931584948688,57.8,-2.8999999999999915,0.4255652173913043,0
2026-06-08T11:18:57.564095,38.9,92.1,6979.52,75.4,92876654.26611596,47375827.93576486,103.62,0,340,SRV004,cache-server-01,eu-west-1,staging,140252482.2018808,0.4178302900107411,-38.1,5.3999999999999915,0.3038709677419355,0
2026-06-08T11:18:26.729159,17.2,88.6,6708.41,74.4,92742428.45649411,47266669.30245072,97.99,0,337,SRV004,cache-server-01,eu-west-1,staging,140009097.7589448,0.19196428571428573,-21.7,-3.5,0.2899112426035503,0
2026-06-08T11:31:34.311471,96.9,95.7,7422.15,75.5,123034161.92122209,62791340.531186394,26.0,0,343,SRV003,database-server-01,us-east-1,production,185825502.4524085,1.0020682523267839,79.7,7.1000000000000085,0.0755813953488372,1
2026-06-08T11:19:53.257765,37.9,90.8,7038.45,72.4,93136111.81328098,47629041.196673445,185.86,0,339,SRV003,database-server-01,us-east-1,production,140765153.00995442,0.4128540305010893,-59.00000000000001,-4.900000000000006,0.5466470588235295,0
2026-06-08T11:31:50.902397,64.0,80.1,6436.1,76.5,123154918.81459455,62951177.89579161,150.56,0,344,SRV002,api-server-01,ap-south-1,production,186106096.71038616,0.7891491985203453,26.1,-10.700000000000003,0.4364057971014493,0
2026-06-08T11:14:50.020526,64.3,96.6,7178.71,75.4,91535999.77862364,46573725.53752288,100.33,0,336,SRV004,cache-server-01,eu-west-1,staging,138109725.31614652,0.6588114754098361,0.29999999999999716,16.5,0.29771513353115725,0
2026-06-08T11:14:00.795334,48.3,94.6,7101.47,72.4,91239781.50692685,46199386.984786116,81.98,0,338,SRV001,web-server-01,ap-south-1,production,137439168.49171296,0.5052301255230126,-16.0,-2.0,0.24182890855457229,0
2026-06-08T11:31:05.004439,40.3,88.9,7280.51,76.5,122867995.25112505,62432101.38536673,107.84,0,343,SRV001,web-server-01,ap-south-1,production,185300096.63649178,0.44827586206896547,-8.0,-5.699999999999989,0.31348837209302327,0
2026-06-08T11:18:26.729159,12.2,83.6,6708.41,73.4,92742443.58060212,47266706.143988244,87.99,0,337,SRV004,cache-server-01,eu-west-1,staging,140009149.72459036,0.14420803782505912,-28.099999999999998,-5.300000000000011,0.26032544378698225,0
2026-06-08T11:14:00.795334,55.3,89.6,7101.47,73.4,91239765.1470065,46199460.258742966,128.98000000000002,0,338,SRV001,web-server-01,ap-south-1,production,137439225.40574947,0.6103752759381899,43.099999999999994,6.0,0.38047197640117997,0
2026-06-08T11:15:51.919492,31.5,84.0,6734.82,72.4,92138372.91740768,46886177.228578046,252.94,0,338,SRV004,cache-server-01,eu-west-1,staging,139024550.14598572,0.37058823529411766,-23.799999999999997,-5.599999999999994,0.7461356932153392,0
2026-06-08T11:31:38.415692,73.8,82.6,6629.71,73.5,123077239.39621568,62838043.05305579,26.560000000000002,0,343,SRV004,cache-server-01,eu-west-1,staging,185915282.44927147,0.8827751196172249,42.3,-1.4000000000000057,0.0772093023255814,0
2026-06-08T11:16:04.289775,39.7,89.1,6744.16,73.4,92199445.85252918,46914105.647295535,158.11,0,336,SRV001,web-server-01,ap-south-1,production,139113551.4998247,0.44062153163152057,-34.099999999999994,6.5,0.4691691394658754,0
2026-06-08T11:32:41.567763,21.7,89.3,6684.21,76.5,123409119.91648388,63932704.25185841,133.97,0,344,SRV004,cache-server-01,eu-west-1,staging,187341824.1683423,0.24031007751937986,-18.000000000000004,0.20000000000000284,0.38831884057971017,0
2026-06-08T11:17:55.907061,15.3,89.0,7054.89,74.4,92640269.36148545,47199422.96860652,100.57,0,338,SRV004,cache-server-01,eu-west-1,staging,139839692.33009195,0.17,-6.399999999999999,-0.29999999999999716,0.29666666666666663,0
2026-06-08T11:16:10.460365,30.1,84.4,6769.83,74.4,92224658.09413955,46927107.116781734,94.78,0,336,SRV002,api-server-01,ap-south-1,production,139151765.2109213,0.3524590163934426,14.8,-4.599999999999994,0.28124629080118696,0
2026-06-08T11:16:28.992223,26.3,91.4,6769.2,72.4,92300424.9074412,46971125.31622466,73.62,0,336,SRV005,worker-server-01,ap-south-1,development,139271550.22366586,0.2846320346320346,-3.8000000000000007,7.0,0.21845697329376856,0
2026-06-08T11:15:33.388006,21.1,87.8,6648.07,72.4,92069101.61494595,46847622.34460478,239.4,0,338,SRV001,web-server-01,ap-south-1,production,138916723.95955074,0.23761261261261263,-5.199999999999999,-3.6000000000000085,0.7061946902654868,0
2026-06-08T11:19:03.695792,22.6,84.1,6977.82,72.4,92903195.9656199,47472604.891345575,82.91,0,340,SRV005,worker-server-01,ap-south-1,development,140375800.85696548,0.2655699177438308,1.5,-3.700000000000003,0.24313782991202346,0
2026-06-08T11:19:59.504498,38.9,96.6,7257.89,73.4,93162571.78644016,47647298.488337696,190.47,0,339,SRV004,cache-server-01,eu-west-1,staging,140809870.27477786,0.3985655737704918,16.299999999999997,12.5,0.5602058823529412,0
2026-06-08T11:30:48.215012,62.3,93.5,7244.77,74.5,122792618.66810535,62211287.64850527,121.08000000000001,0,343,SRV002,api-server-01,ap-south-1,production,185003906.31661063,0.6592592592592592,23.4,-3.0999999999999943,0.3519767441860466,0
2026-06-08T11:30:48.215012,69.3,93.5,7244.77,74.5,122792586.78419739,62211280.2429276,117.08000000000001,0,343,SRV002,api-server-01,ap-south-1,production,185003867.027125,0.7333333333333333,7.0,0.0,0.34034883720930237,0
2026-06-08T11:13:54.662803,9.6,87.0,6971.2,74.4,91218246.8902239,46067641.20888343,231.41,0,336,SRV005,worker-server-01,ap-south-1,development,137285888.09910733,0.10909090909090909,-59.699999999999996,-6.5,0.6866765578635015,0
2026-06-08T11:14:25.371100,32.5,89.3,6997.93,75.4,91412093.3340468,46509633.578087226,164.01,0,337,SRV005,worker-server-01,ap-south-1,development,137921726.91213402,0.3599114064230343,22.9,2.299999999999997,0.4852366863905325,0
2026-06-08T11:31:46.682829,39.5,81.0,6422.06,75.5,123134049.15827121,62924255.587242104,79.7,0,344,SRV001,web-server-01,ap-south-1,production,186058304.74551332,0.4817073170731707,7.0,-8.299999999999997,0.2310144927536232,0
2026-06-08T11:33:19.371107,94.9,86.5,6774.47,73.5,123623150.13821244,64523017.31648176,166.16,0,344,SRV003,database-server-01,us-east-1,production,188146167.4546942,1.0845714285714287,55.400000000000006,5.5,0.4816231884057971,1
2026-06-08T11:30:56.609152,38.7,91.3,7229.7,73.5,122832023.84529123,62333106.97920116,167.84,0,343,SRV004,cache-server-01,eu-west-1,staging,185165130.8244924,0.419284940411701,-56.2,4.799999999999997,0.48790697674418604,0
2026-06-08T11:14:19.203948,36.2,88.5,6932.37,74.4,91398953.28514346,46499361.921065636,30.439999999999998,0,337,SRV004,cache-server-01,eu-west-1,staging,137898315.2062091,0.4044692737430168,-2.5,-2.799999999999997,0.09005917159763313,0
2026-06-08T11:14:56.193454,33.4,93.4,7080.66,75.4,91710313.11098887,46684104.01794367,129.15,0,336,SRV005,worker-server-01,ap-south-1,development,138394417.12893254,0.35381355932203384,-2.8000000000000043,4.900000000000006,0.3832344213649852,0
2026-06-08T11:13:11.540021,42.9,94.9,7200.05,75.4,91099022.77485624,45970668.18572761,210.59,0,337,SRV003,database-server-01,us-east-1,production,137069690.96058387,0.44734098018769547,9.5,1.5,0.6230473372781066,0
2026-06-08T11:19:59.504498,41.9,92.6,7257.89,75.4,93162644.60202873,47647362.685137704,166.47,0,339,SRV004,cache-server-01,eu-west-1,staging,140810007.28716642,0.44764957264957267,-1.0,-2.3000000000000114,0.48961764705882355,0
2026-06-08T11:32:37.370048,93.3,84.7,6637.72,72.5,123391842.67637469,63894275.009990595,145.56,0,343,SRV003,database-server-01,us-east-1,production,187286117.68636528,1.0886814469078179,51.4,-7.8999999999999915,0.4231395348837209,1
2026-06-08T11:20:30.224148,36.3,94.4,7315.95,73.4,93277686.57875581,47718843.20497563,133.2,0,338,SRV004,cache-server-01,eu-west-1,staging,140996529.78373143,0.380503144654088,-57.0,9.700000000000003,0.39292035398230085,0
2026-06-08T11:16:41.257898,33.6,87.5,6774.29,75.4,92336823.90240294,46994059.98543443,122.66,0,336,SRV002,api-server-01,ap-south-1,production,139330883.88783735,0.37966101694915255,-2.6999999999999957,-6.900000000000006,0.36397626112759646,0
2026-06-08T11:19:34.620600,28.0,93.4,7003.91,76.4,93056126.33845353,47585611.381049246,91.31,0,339,SRV005,worker-server-01,ap-south-1,development,140641737.71950278,0.2966101694915254,-5.600000000000001,5.900000000000006,0.2685588235294118,0
2026-06-08T11:32:45.770343,82.0,82.4,6771.26,72.5,123441026.83154342,64052284.13069959,75.9,0,344,SRV005,worker-server-01,ap-south-1,development,187493310.96224302,0.9832134292565946,54.0,-11.0,0.22000000000000003,0
2026-06-08T11:13:29.993599,25.8,84.0,6898.87,76.4,91152082.0554963,46006312.21480235,95.48,0,337,SRV001,web-server-01,ap-south-1,production,137158394.27029866,0.3035294117647059,-56.2,1.5999999999999943,0.2824852071005917,0
2026-06-08T11:15:08.686774,49.8,93.0,7284.44,72.4,91819872.87129875,46729685.72215984,101.22,0,338,SRV002,api-server-01,ap-south-1,production,138549558.5934586,0.5297872340425531,23.999999999999996,9.0,0.29858407079646015,0
2026-06-08T11:19:40.789986,19.9,90.7,7030.91,73.4,93076645.85956192,47597482.492275074,174.35,0,339,SRV001,web-server-01,ap-south-1,production,140674128.35183698,0.21701199563794982,-29.9,-2.299999999999997,0.5127941176470588,0
2026-06-08T11:20:11.792144,14.5,91.7,7266.76,76.4,93214655.32004578,47681558.659235366,105.08,0,337,SRV001,web-server-01,ap-south-1,production,140896213.97928116,0.1564185544768069,-5.399999999999999,1.0,0.310887573964497,0
2026-06-08T11:32:20.576921,50.7,91.3,6765.6,74.5,123305378.62469041,63529698.65113471,196.81,0,343,SRV004,cache-server-01,eu-west-1,staging,186835077.2758251,0.5492957746478874,36.2,-0.4000000000000057,0.5721220930232558,0
2026-06-08T11:17:43.618923,18.9,90.4,7005.16,75.4,92603946.86870456,47171632.255933136,158.59,0,338,SRV002,api-server-01,ap-south-1,production,139775579.1246377,0.20678336980306342,-31.800000000000004,-0.8999999999999915,0.4678171091445428,0
2026-06-08T11:15:39.510036,48.0,90.4,6691.67,73.4,92096773.6560683,46861916.58289811,67.54,0,338,SRV002,api-server-01,ap-south-1,production,138958690.2389664,0.5251641137855579,29.1,0.0,0.19923303834808262,0
2026-06-08T11:13:42.280798,29.7,84.7,6872.73,75.4,91181161.76170717,46028777.5413589,167.4,0,336,SRV003,database-server-01,us-east-1,production,137209939.30306607,0.3465577596266044,-18.3,-5.700000000000003,0.49673590504451043,0
2026-06-08T11:31:59.294847,80.0,83.7,6560.95,74.5,123197058.12718292,63063201.03217541,195.82,0,344,SRV004,cache-server-01,eu-west-1,staging,186260259.15935832,0.9445100354191263,50.3,-1.0,0.5675942028985507,0
2026-06-08T11:19:22.263984,7.5,89.9,7041.53,72.4,93009157.40610044,47546044.889422946,255.92,0,340,SRV003,database-server-01,us-east-1,production,140555202.29552338,0.08250825082508251,-72.5,6.200000000000003,0.7504985337243402,0
2026-06-08T11:16:04.289775,38.7,91.1,6744.16,72.4,92199365.39496303,46914125.04398865,107.11,0,336,SRV001,web-server-01,ap-south-1,production,139113490.43895167,0.42019543973941376,31.200000000000003,1.1999999999999886,0.31783382789317505,0
2026-06-08T11:30:52.409914,73.3,89.5,7246.98,75.5,122810800.76869981,62233207.8133601,118.47999999999999,0,343,SRV003,database-server-01,us-east-1,production,185044008.58205992,0.8099447513812155,34.599999999999994,-1.5999999999999943,0.34441860465116275,0
2026-06-08T11:18:08.298829,22.0,91.2,6913.36,75.4,92686460.11681157,47231263.22547654,109.68,0,337,SRV001,web-server-01,ap-south-1,production,139917723.3422881,0.23861171366594358,-51.3,1.7000000000000028,0.32449704142011837,0
2026-06-08T11:18:39.120576,43.3,84.5,6855.0,75.4,92805736.08282654,47321316.727474764,101.83,0,342,SRV001,web-server-01,ap-south-1,production,140127052.8103013,0.5064327485380117,21.299999999999997,-6.700000000000003,0.2968804664723032,0
2026-06-08T11:18:39.120576,39.3,88.5,6855.0,75.4,92805721.56706774,47321342.54356317,117.83,0,342,SRV001,web-server-01,ap-south-1,production,140127064.11063093,0.43910614525139663,-4.0,4.0,0.34352769679300293,0
2026-06-08T11:30:39.833669,96.9,95.9,7283.15,72.5,122741363.83984727,62111488.939280964,137.87,0,343,SRV005,worker-server-01,ap-south-1,development,184852852.77912822,1.0,57.60000000000001,7.400000000000006,0.40078488372093024,1
2026-06-08T11:17:24.385929,59.6,86.4,7005.46,76.4,92524123.48908061,47104440.97255296,163.09,0,336,SRV004,cache-server-01,eu-west-1,staging,139628564.46163356,0.6819221967963387,-37.300000000000004,-9.5,0.483946587537092,0
2026-06-08T11:17:31.333238,18.1,93.1,6980.7,73.4,92548523.1508304,47123634.48617612,963.95,0,337,SRV005,worker-server-01,ap-south-1,development,139672157.63700652,0.19234856535600428,-41.5,6.699999999999989,2.851923076923077,0
2026-06-08T11:16:59.791192,21.4,88.2,6751.6,73.4,92389474.21028683,47028013.87067188,94.21,0,336,SRV005,worker-server-01,ap-south-1,development,139417488.08095872,0.23991031390134526,3.299999999999997,-4.8999999999999915,0.27955489614243323,0
2026-06-08T11:31:17.520297,67.0,91.5,7322.6,74.5,122930735.77045754,62632717.48010841,115.68,0,343,SRV004,cache-server-01,eu-west-1,staging,185563453.25056595,0.7243243243243244,45.6,3.299999999999997,0.3362790697674419,0
2026-06-08T11:32:37.370048,91.3,80.7,6637.72,74.5,123391893.4889532,63894341.185401835,103.56,0,343,SRV003,database-server-01,us-east-1,production,187286234.67435503,1.11750305997552,24.299999999999997,-10.799999999999997,0.30104651162790697,1
2026-06-08T11:32:49.966233,51.3,90.4,6767.8,76.5,123461885.13137631,64134498.2123129,162.49,0,344,SRV001,web-server-01,ap-south-1,production,187596383.3436892,0.5612691466083151,-40.0,9.700000000000003,0.47098550724637683,0
2026-06-08T11:17:43.618923,18.9,92.4,7005.16,73.4,92603871.6780625,47171599.81816561,147.59,0,338,SRV002,api-server-01,ap-south-1,production,139775471.4962281,0.20235546038543895,-32.4,2.0,0.4353687315634218,0
2026-06-08T11:17:05.935258,5.0,86.4,6771.88,72.4,92435086.91644716,47048193.922428325,123.86,0,336,SRV001,web-server-01,ap-south-1,production,139483280.83887547,0.05720823798627002,-13.899999999999999,-6.0,0.36753709198813056,0
2026-06-08T11:32:54.164046,53.9,89.4,6766.25,75.5,123480457.18062985,64243295.918727174,195.18,0,345,SRV002,api-server-01,ap-south-1,production,187723753.099357,0.5962389380530972,48.9,3.0,0.5641040462427745,0
2026-06-08T11:31:09.110406,72.4,95.9,7280.88,76.5,122891195.75837211,62493734.155233845,94.34,0,343,SRV002,api-server-01,ap-south-1,production,185384929.91360596,0.7471620227038184,18.500000000000007,6.5,0.27424418604651163,0
2026-06-08T11:13:29.993599,25.8,86.0,6898.87,74.4,91152080.71561326,46006278.76509561,145.48000000000002,0,337,SRV001,web-server-01,ap-south-1,production,137158359.48070887,0.296551724137931,-46.60000000000001,-9.900000000000006,0.430414201183432,0
2026-06-08T11:19:22.263984,10.5,94.9,7041.53,73.4,93009108.087531,47546089.66465768,237.92,0,340,SRV003,database-server-01,us-east-1,production,140555197.75218868,0.1094890510948905,-15.3,8.900000000000006,0.6977126099706744,0
2026-06-08T11:15:51.919492,26.5,82.0,6734.82,72.4,92138345.18582611,46886194.91602135,259.94,0,338,SRV004,cache-server-01,eu-west-1,staging,139024540.10184747,0.3192771084337349,16.0,-12.900000000000006,0.7667846607669616,0
2026-06-08T11:15:33.388006,29.1,85.8,6648.07,74.4,92069122.12548767,46847615.48244961,232.4,0,338,SRV001,web-server-01,ap-south-1,production,138916737.60793728,0.3352534562211982,2.6000000000000014,3.799999999999997,0.6855457227138643,0
2026-06-08T11:33:10.974811,74.6,83.4,6767.39,74.5,123576726.89845699,64454773.48094151,275.11,0,344,SRV001,web-server-01,ap-south-1,production,188031500.3793985,0.8838862559241705,45.49999999999999,-2.3999999999999915,0.7974202898550725,0
2026-06-08T11:15:27.144054,30.1,81.5,6624.39,75.4,92050424.24278027,46835508.58264799,144.2,0,338,SRV005,worker-server-01,ap-south-1,development,138885932.82542825,0.36484848484848487,-44.49999999999999,-1.9000000000000057,0.4253687315634218,0
2026-06-08T11:15:58.145405,17.5,91.7,6790.75,73.4,92181743.58599637,46902478.786338955,169.86,0,338,SRV005,worker-server-01,ap-south-1,development,139084222.3723353,0.18878101402373246,-12.600000000000001,10.200000000000003,0.5010619469026549,0
2026-06-08T11:15:14.831093,47.0,88.6,6943.11,74.4,91855901.47692394,46754104.225919485,123.51,0,338,SRV003,database-server-01,us-east-1,production,138610005.70284343,0.5245535714285715,29.5,-3.1000000000000085,0.3643362831858407,0
2026-06-08T11:20:54.800941,21.6,95.4,7393.33,74.4,93381199.84680997,48119427.19200499,139.01,0,338,SRV003,database-server-01,us-east-1,production,141500627.03881496,0.22406639004149378,-25.4,6.800000000000011,0.4100589970501475,0
2026-06-08T11:19:16.006900,23.6,84.7,7030.89,76.4,92981250.470812,47509524.681151316,142.31,0,340,SRV002,api-server-01,ap-south-1,production,140490775.1519633,0.27537922987164526,2.0,-10.700000000000003,0.41733137829912026,0
2026-06-08T11:32:16.388014,89.5,84.2,6757.16,74.5,123285529.43161163,63494970.98783773,125.12,0,343,SRV003,database-server-01,us-east-1,production,186780500.41944936,1.050469483568075,65.9,-0.5,0.36372093023255814,1
2026-06-08T11:17:05.935258,15.0,86.4,6771.88,75.4,92435040.06550089,47048176.3587586,132.86,0,336,SRV001,web-server-01,ap-south-1,production,139483216.42425948,0.17162471395881007,-74.5,2.200000000000003,0.39424332344213653,0
2026-06-08T11:14:25.371100,30.5,92.3,6997.93,76.4,91412055.31816697,46509701.20562973,184.01,0,337,SRV005,worker-server-01,ap-south-1,development,137921756.5237967,0.32690246516613075,15.5,5.8999999999999915,0.5444082840236686,0
2026-06-08T11:30:39.833669,95.9,96.9,7283.15,76.5,122741304.45616932,62111496.132275455,71.87,0,343,SRV005,worker-server-01,ap-south-1,development,184852800.58844477,0.9795709908069459,65.4,4.6000000000000085,0.20892441860465116,1
2026-06-08T11:31:50.902397,69.0,81.1,6436.1,74.5,123154831.25070684,62951169.116571926,222.56,0,344,SRV002,api-server-01,ap-south-1,production,186106000.36727875,0.8404384896467723,-26.900000000000006,-15.800000000000011,0.6451014492753623,0
2026-06-08T11:19:22.263984,12.5,89.9,7041.53,75.4,93009098.89269467,47546097.96957252,254.92,0,340,SRV003,database-server-01,us-east-1,production,140555196.8622672,0.1375137513751375,-56.5,8.800000000000011,0.7475659824046921,0
2026-06-08T11:20:11.792144,7.5,87.7,7266.76,72.4,93214742.39565355,47681611.996338494,123.08,0,337,SRV001,web-server-01,ap-south-1,production,140896354.39199203,0.08455467869222097,-5.0,-2.200000000000003,0.36414201183431955,0
2026-06-08T11:16:04.289775,39.7,90.1,6744.16,75.4,92199354.48542671,46914045.7010053,103.11,0,336,SRV001,web-server-01,ap-south-1,production,139113400.186432,0.4357848518111965,32.2,2.3999999999999915,0.30596439169139467,0
2026-06-08T11:15:08.686774,57.8,92.0,7284.44,72.4,91819846.66748758,46729627.669573106,148.22,0,338,SRV002,api-server-01,ap-south-1,production,138549474.3370607,0.621505376344086,18.099999999999994,1.9000000000000057,0.43722713864306784,0
2026-06-08T11:32:54.164046,55.9,81.4,6766.25,76.5,123480457.97344641,64243286.66490696,189.18,0,345,SRV002,api-server-01,ap-south-1,production,187723744.63835338,0.6783980582524272,-1.8999999999999986,-10.599999999999994,0.5467630057803469,0
2026-06-08T11:15:02.542413,87.0,85.8,7115.2,72.4,91766286.91851006,46707330.34424249,75.35,0,338,SRV001,web-server-01,ap-south-1,production,138473617.26275256,1.0023041474654377,31.1,4.3999999999999915,0.22227138643067845,1
2026-06-08T11:31:30.217958,52.2,89.6,7332.95,74.5,122987416.22330457,62700530.08938141,138.29,0,343,SRV002,api-server-01,ap-south-1,production,185687946.31268597,0.576158940397351,-34.8,3.799999999999997,0.40200581395348833,0
2026-06-08T11:19:16.006900,23.6,91.7,7030.89,74.4,92981240.10636508,47509534.696791954,77.31,0,340,SRV002,api-server-01,ap-south-1,production,140490774.80315703,0.2545846817691478,-28.6,2.1000000000000085,0.22671554252199413,0
2026-06-08T11:31:05.004439,39.3,88.9,7280.51,72.5,122867953.49588911,62432066.565430015,181.84,0,343,SRV001,web-server-01,ap-south-1,production,185300020.0613191,0.43715239154616237,15.699999999999996,-2.799999999999997,0.5286046511627908,0
2026-06-08T11:20:42.524038,27.4,94.8,7345.92,74.4,93331940.03269273,48084146.63355228,167.46,0,337,SRV001,web-server-01,ap-south-1,production,141416086.666245,0.2860125260960334,-11.899999999999999,5.8999999999999915,0.49544378698224856,0
2026-06-08T11:18:08.298829,12.0,90.2,6913.36,74.4,92686541.82719599,47231344.711874224,96.68,0,337,SRV001,web-server-01,ap-south-1,production,139917886.53907022,0.13157894736842105,-15.399999999999999,-4.599999999999994,0.2860355029585799,0
2026-06-08T11:32:03.675473,63.7,90.8,6726.21,75.5,123217853.58956322,63163750.27071483,105.41,0,344,SRV005,worker-server-01,ap-south-1,development,186381603.86027804,0.6938997821350763,51.7,0.5999999999999943,0.305536231884058,0
2026-06-08T11:32:41.567763,17.7,84.3,6684.21,73.5,123409143.79653762,63932693.607625894,190.97,0,344,SRV004,cache-server-01,eu-west-1,staging,187341837.4041635,0.20750293083235638,-46.0,-6.5,0.553536231884058,0
2026-06-08T11:16:04.289775,35.7,89.1,6744.16,75.4,92199419.28688642,46914074.547996394,86.11,0,336,SRV001,web-server-01,ap-south-1,production,139113493.83488283,0.3962264150943397,18.000000000000004,4.799999999999997,0.2555192878338279,0
2026-06-08T11:18:51.408384,21.9,85.9,6889.67,74.4,92847741.59723008,47350813.12916862,144.70999999999998,0,340,SRV003,database-server-01,us-east-1,production,140198554.7263987,0.25201380897583425,-13.800000000000004,-3.1999999999999886,0.4243695014662756,0
2026-06-08T11:14:06.934830,42.6,84.1,6823.69,74.4,91310096.06683284,46325228.32241163,122.7,0,337,SRV002,api-server-01,ap-south-1,production,137635324.38924447,0.500587544065805,20.700000000000003,-1.8000000000000114,0.36301775147928994,0
2026-06-08T11:18:08.298829,14.0,91.2,6913.36,72.4,92686455.42482811,47231280.34391907,66.68,0,337,SRV001,web-server-01,ap-south-1,production,139917735.76874718,0.15184381778741865,-28.6,7.1000000000000085,0.19727810650887576,0
2026-06-08T11:15:51.919492,30.5,82.0,6734.82,74.4,92138329.55283572,46886197.11430487,231.94,0,338,SRV004,cache-server-01,eu-west-1,staging,139024526.6671406,0.3674698795180723,16.5,-9.200000000000003,0.684188790560472,0
2026-06-08T11:17:31.333238,12.1,94.1,6980.7,72.4,92548550.98626874,47123602.55785425,872.95,0,337,SRV005,worker-server-01,ap-south-1,development,139672153.544123,0.12723449001051526,-18.4,12.099999999999994,2.582692307692308,0
2026-06-08T11:16:28.992223,24.3,90.4,6769.2,73.4,92300403.9266576,46971165.110172614,150.62,0,336,SRV005,worker-server-01,ap-south-1,development,139271569.03683022,0.2658643326039387,12.200000000000001,-3.6999999999999886,0.44694362017804157,0
2026-06-08T11:13:48.422920,24.8,91.6,6944.96,73.4,91201734.85625534,46048760.7147089,87.78,0,336,SRV004,cache-server-01,eu-west-1,staging,137250495.57096425,0.2678185745140389,0.5,1.1999999999999886,0.26047477744807124,0
2026-06-08T11:32:54.164046,63.9,81.4,6766.25,74.5,123480386.90719998,64243332.31945984,144.18,0,345,SRV002,api-server-01,ap-south-1,production,187723719.22665983,0.7754854368932038,39.099999999999994,-10.199999999999989,0.41670520231213876,0
2026-06-08T11:13:36.117234,13.2,91.7,6874.81,74.4,91168873.32660805,46018513.48238864,131.06,0,336,SRV002,api-server-01,ap-south-1,production,137187386.80899668,0.1423948220064725,-50.7,10.299999999999997,0.38890207715133535,0
2026-06-08T11:18:26.729159,12.2,81.6,6708.41,75.4,92742426.6399042,47266670.24238963,67.99,0,337,SRV004,cache-server-01,eu-west-1,staging,140009096.88229382,0.1476997578692494,-1.0,-10.100000000000009,0.20115384615384613,0
2026-06-08T11:19:34.620600,29.0,89.4,7003.91,75.4,93056106.81475614,47585601.01749182,149.31,0,339,SRV005,worker-server-01,ap-south-1,development,140641707.83224797,0.32079646017699115,16.8,7.800000000000011,0.43914705882352945,0
2026-06-08T11:31:59.294847,80.0,85.7,6560.95,74.5,123197085.73923741,63063197.698015235,155.82,0,344,SRV004,cache-server-01,eu-west-1,staging,186260283.43725264,0.922722029988466,51.0,-3.700000000000003,0.45165217391304346,0
2026-06-08T11:13:48.422920,28.8,83.6,6944.96,76.4,91201805.29829542,46048842.61017355,106.78,0,336,SRV004,cache-server-01,eu-west-1,staging,137250647.90846896,0.34042553191489366,-51.2,-2.1000000000000085,0.3168545994065282,0
2026-06-08T11:16:28.992223,20.3,89.4,6769.2,76.4,92300397.77635188,46971132.36634939,163.62,0,336,SRV005,worker-server-01,ap-south-1,development,139271530.14270127,0.2245575221238938,-8.5,5.800000000000011,0.4855192878338279,0
2026-06-08T11:19:59.504498,45.9,87.6,7257.89,72.4,93162588.33804797,47647378.57002599,219.47,0,339,SRV004,cache-server-01,eu-west-1,staging,140809966.90807396,0.5180586907449211,25.599999999999998,-1.8000000000000114,0.6455,0
2026-06-08T11:13:48.422920,24.8,90.6,6944.96,76.4,91201729.14958811,46048829.01540309,79.78,0,336,SRV004,cache-server-01,eu-west-1,staging,137250558.1649912,0.27074235807860264,-21.099999999999998,3.0,0.2367359050445104,0
2026-06-08T11:14:37.650710,18.6,93.8,7117.37,74.4,91443659.3454409,46531846.99323738,143.38,0,336,SRV002,api-server-01,ap-south-1,production,137975506.33867827,0.19620253164556964,-6.199999999999999,3.200000000000003,0.425459940652819,0
2026-06-08T11:15:58.145405,23.5,87.7,6790.75,74.4,92181678.02999286,46902505.242631555,177.86,0,338,SRV005,worker-server-01,ap-south-1,development,139084183.27262443,0.26493799323562567,4.899999999999999,-6.099999999999994,0.524660766961652,0
2026-06-08T11:13:36.117234,10.2,84.7,6874.81,72.4,91168829.18657432,46018490.51212912,123.06,0,336,SRV002,api-server-01,ap-south-1,production,137187319.69870344,0.1190198366394399,-13.3,-3.0,0.3651632047477745,0
2026-06-08T11:30:56.609152,46.7,91.3,7229.7,76.5,122832002.54828711,62333179.74433695,172.84,0,343,SRV004,cache-server-01,eu-west-1,staging,185165182.29262406,0.505958829902492,36.5,6.599999999999994,0.5024418604651163,0
2026-06-08T11:31:05.004439,43.3,88.9,7280.51,73.5,122868022.75754367,62432130.75686011,148.84,0,343,SRV001,web-server-01,ap-south-1,production,185300153.51440376,0.4816462736373748,-3.4000000000000057,-2.3999999999999915,0.43267441860465117,0
2026-06-08T11:33:02.565085,30.0,90.0,6738.93,76.5,123530844.70943195,64397847.481220596,173.53,0,344,SRV004,cache-server-01,eu-west-1,staging,187928692.19065255,0.32967032967032966,-13.299999999999997,1.0999999999999943,0.5029855072463768,0
2026-06-08T11:13:05.314616,30.4,93.0,7129.16,75.4,91071129.77763212,45946279.00161256,93.55000000000001,0,337,SRV002,api-server-01,ap-south-1,production,137017408.77924466,0.3234042553191489,0.3999999999999986,3.0,0.2767751479289941,0
2026-06-08T11:13:42.280798,30.7,83.7,6872.73,76.4,91181154.49304052,46028750.20013854,125.4,0,336,SRV003,database-server-01,us-east-1,production,137209904.69317907,0.3624557260920897,0.3000000000000007,-9.299999999999997,0.37210682492581604,0
2026-06-08T11:15:51.919492,25.5,81.0,6734.82,73.4,92138401.16244227,46886252.34097912,249.94,0,338,SRV004,cache-server-01,eu-west-1,staging,139024653.5034214,0.31097560975609756,-5.199999999999999,-2.700000000000003,0.7372861356932153,0
2026-06-08T11:31:50.902397,64.0,80.1,6436.1,75.5,123154911.54895192,62951115.266459554,199.56,0,344,SRV002,api-server-01,ap-south-1,production,186106026.81541148,0.7891491985203453,38.5,-0.9000000000000057,0.5784347826086956,0
2026-06-08T11:32:37.370048,95.3,87.7,6637.72,74.5,123391920.99543218,63894269.98431968,95.56,0,343,SRV003,database-server-01,us-east-1,production,187286190.97975186,1.0744081172491544,31.299999999999997,7.6000000000000085,0.2777906976744186,1
2026-06-08T11:32:07.899937,50.8,84.0,6741.8,74.5,123243247.99107535,63241579.401330486,186.29,0,344,SRV001,web-server-01,ap-south-1,production,186484827.39240584,0.5976470588235294,-44.5,-3.700000000000003,0.5399710144927536,0
2026-06-08T11:19:40.789986,21.9,90.7,7030.91,75.4,93076680.96055867,47597453.99756839,119.35,0,339,SRV001,web-server-01,ap-south-1,production,140674134.95812705,0.23882224645583422,-28.9,6.700000000000003,0.35102941176470587,0
2026-06-08T11:31:55.088538,98.7,82.7,6872.24,72.5,123178392.42493822,62977044.67569943,123.51,0,344,SRV003,database-server-01,us-east-1,production,186155437.10063764,1.17921146953405,76.80000000000001,-8.0,0.35800000000000004,1
2026-06-08T11:12:59.149714,53.6,94.6,7100.05,73.4,91043785.72362563,45926162.40118735,149.91,0,335,SRV001,web-server-01,ap-south-1,production,136969948.124813,0.5606694560669456,-45.1,11.899999999999991,0.4461607142857143,0
2026-06-08T11:19:53.257765,40.9,94.8,7038.45,72.4,93136119.411332,47629122.60700567,190.86,0,339,SRV003,database-server-01,us-east-1,production,140765242.01833767,0.42693110647181626,-12.700000000000003,0.20000000000000284,0.5613529411764706,0
2026-06-08T11:18:26.729159,13.2,84.6,6708.41,76.4,92742439.70003733,47266679.833616,146.99,0,337,SRV004,cache-server-01,eu-west-1,staging,140009119.53365332,0.1542056074766355,-27.7,-10.200000000000003,0.43488165680473373,0
2026-06-08T11:18:20.585453,32.1,89.7,6712.98,73.4,92721964.42785202,47255390.93035698,151.42000000000002,0,337,SRV003,database-server-01,us-east-1,production,139977355.358209,0.3539140022050717,18.900000000000002,5.1000000000000085,0.4479881656804734,0
2026-06-08T11:31:25.907382,40.6,93.6,7332.55,74.5,122971654.26249008,62676968.17050046,139.05,0,343,SRV001,web-server-01,ap-south-1,production,185648622.43299055,0.4291754756871036,8.5,3.8999999999999915,0.4042151162790698,0
2026-06-08T11:13:17.694905,14.5,96.5,7245.87,73.4,91115720.10751097,45982179.36363222,111.63,0,337,SRV004,cache-server-01,eu-west-1,staging,137097899.4711432,0.14871794871794872,-26.1,2.9000000000000057,0.3302662721893491,0
2026-06-08T11:31:59.294847,76.0,83.7,6560.95,76.5,123197083.78825067,63063204.05152954,207.82,0,344,SRV004,cache-server-01,eu-west-1,staging,186260287.8397802,0.89728453364817,61.5,-12.799999999999997,0.6023768115942029,0
2026-06-08T11:18:14.441285,11.8,85.9,6963.88,72.4,92702837.85700817,47244565.93887817,121.36,0,337,SRV002,api-server-01,ap-south-1,production,139947403.79588634,0.13578826237054084,-64.2,2.200000000000003,0.35905325443786984,0
2026-06-08T11:17:24.385929,55.6,88.4,7005.46,72.4,92524110.01689556,47104404.76499872,102.09,0,336,SRV004,cache-server-01,eu-west-1,staging,139628514.78189427,0.6219239373601789,43.8,2.5,0.30293768545994065,0
2026-06-08T11:31:42.532883,92.9,86.0,6425.05,76.5,123100814.71800455,62875615.45391765,36.28,0,344,SRV005,worker-server-01,ap-south-1,development,185976430.1719222,1.0678160919540232,37.300000000000004,-2.4000000000000057,0.10515942028985507,1
2026-06-08T11:17:43.618923,16.9,86.4,7005.16,75.4,92603856.33784123,47171598.82699799,125.59,0,338,SRV002,api-server-01,ap-south-1,production,139775455.1648392,0.19336384439359264,-76.0,0.4000000000000057,0.37047197640117996,0
2026-06-08T11:20:17.947455,19.6,96.1,7296.84,72.4,93232646.2213501,47692338.246730044,114.12,0,337,SRV002,api-server-01,ap-south-1,production,140924984.46808016,0.20185375901132854,2.700000000000003,9.699999999999989,0.33763313609467455,0
2026-06-08T11:14:06.934830,41.6,92.1,6823.69,72.4,91310057.96329847,46325159.61893637,99.7,0,337,SRV002,api-server-01,ap-south-1,production,137635217.58223483,0.44683136412459723,22.0,-4.0,0.2949704142011834,0
2026-06-08T11:14:50.020526,64.3,93.6,7178.71,74.4,91535991.30376545,46573726.292346194,128.32999999999998,0,336,SRV004,cache-server-01,eu-west-1,staging,138109717.59611166,0.6797040169133193,22.699999999999996,1.5,0.38080118694362014,0
2026-06-08T11:31:09.110406,66.4,93.9,7280.88,76.5,122891196.08683033,62493788.56922779,62.34,0,343,SRV002,api-server-01,ap-south-1,production,185384984.65605813,0.6996838777660696,2.1000000000000085,0.30000000000001137,0.18122093023255814,0
2026-06-08T11:16:16.602199,22.4,83.5,6777.17,74.4,92267637.49198227,46944296.97546506,87.35,0,336,SRV003,database-server-01,us-east-1,production,139211934.46744734,0.2650887573964497,-44.00000000000001,-10.400000000000006,0.2591988130563798,0
2026-06-08T11:13:05.314616,21.4,91.0,7129.16,75.4,91071205.77454242,45946245.595545925,123.55000000000001,0,337,SRV002,api-server-01,ap-south-1,production,137017451.37008834,0.2326086956521739,-1.0,7.5,0.36553254437869825,0
2026-06-08T11:31:17.520297,68.0,90.5,7322.6,76.5,122930700.78374225,62632790.122968316,81.68,0,343,SRV004,cache-server-01,eu-west-1,staging,185563490.90671057,0.7431693989071039,46.6,-0.5,0.2374418604651163,0
2026-06-08T11:31:46.682829,39.5,82.0,6422.06,76.5,123134069.57527362,62924265.76832665,90.7,0,344,SRV001,web-server-01,ap-south-1,production,186058335.34360027,0.4759036144578313,-28.5,-8.5,0.2628985507246377,0
2026-06-08T11:15:51.919492,27.5,82.0,6734.82,75.4,92138365.49450405,46886225.394581184,171.94,0,338,SRV004,cache-server-01,eu-west-1,staging,139024590.88908523,0.3313253012048193,-12.0,0.0,0.5071976401179941,0
2026-06-08T11:31:34.311471,92.9,94.7,7422.15,74.5,123034176.43787205,62791350.02731791,31.0,0,343,SRV003,database-server-01,us-east-1,production,185825526.46518996,0.9707419017763845,65.4,12.700000000000003,0.09011627906976744,1
2026-06-08T11:18:57.564095,40.9,93.1,6979.52,76.4,92876577.30167973,47375764.541196026,109.62,0,340,SRV004,cache-server-01,eu-west-1,staging,140252341.84287575,0.434643995749203,-52.00000000000001,-1.6000000000000085,0.32146627565982405,0
2026-06-08T11:14:50.020526,62.3,88.6,7178.71,72.4,91535950.20930165,46573746.90903875,69.33,0,336,SRV004,cache-server-01,eu-west-1,staging,138109697.1183404,0.6953125,21.4,-4.5,0.20572700296735905,0
2026-06-08T11:31:30.217958,47.2,98.6,7332.95,74.5,122987454.83925381,62700594.85457485,123.28999999999999,0,343,SRV002,api-server-01,ap-south-1,production,185688049.69382867,0.47389558232931733,-15.099999999999994,10.0,0.35840116279069767,0
2026-06-08T11:20:54.800941,20.6,94.4,7393.33,75.4,93381192.20023395,48119454.89855837,108.01,0,338,SRV003,database-server-01,us-east-1,production,141500647.0987923,0.21593291404612158,-26.6,-4.199999999999989,0.31861356932153395,0
2026-06-08T11:17:05.935258,6.0,88.4,6771.88,76.4,92435044.8621077,47048202.758175105,77.86,0,336,SRV001,web-server-01,ap-south-1,production,139483247.6202828,0.06711409395973154,-14.600000000000001,-6.0,0.2310385756676558,0
2026-06-08T11:32:54.164046,56.9,83.4,6766.25,76.5,123480422.25899597,64243286.66767388,161.18,0,345,SRV002,api-server-01,ap-south-1,production,187723708.92666984,0.674170616113744,50.9,-5.0,0.46583815028901737,0
2026-06-08T11:13:17.694905,4.5,96.5,7245.87,74.4,91115684.41755515,45982165.52325984,56.629999999999995,0,337,SRV004,cache-server-01,eu-west-1,staging,137097849.940815,0.046153846153846156,-52.4,13.099999999999994,0.16754437869822483,0
2026-06-08T11:31:55.088538,97.7,88.7,6872.24,76.5,123178327.31811841,62977097.480518654,144.51,0,344,SRV003,database-server-01,us-east-1,production,186155424.79863706,1.089186176142698,93.2,-7.799999999999997,0.41886956521739127,1
2026-06-08T11:18:02.152872,6.5,85.9,6966.63,72.4,92659518.76178642,47210981.76936462,171.53,0,338,SRV005,worker-server-01,ap-south-1,development,139870500.53115103,0.07479861910241657,-91.2,-2.799999999999997,0.5059882005899705,0
2026-06-08T11:14:50.020526,58.3,95.6,7178.71,73.4,91535972.71921884,46573774.46711772,146.32999999999998,0,336,SRV004,cache-server-01,eu-west-1,staging,138109747.18633655,0.6035196687370601,51.8,9.699999999999989,0.434213649851632,0
2026-06-08T11:13:29.993599,19.8,88.0,6898.87,75.4,91152068.89722322,46006288.756051846,60.480000000000004,0,337,SRV001,web-server-01,ap-south-1,production,137158357.65327507,0.22247191011235956,-38.5,-7.599999999999994,0.17893491124260355,0
2026-06-08T11:32:07.899937,56.8,86.0,6741.8,74.5,123243299.32506788,63241562.3297929,206.29,0,344,SRV001,web-server-01,ap-south-1,production,186484861.6548608,0.6528735632183907,37.0,-2.0,0.5979420289855072,0
2026-06-08T11:18:14.441285,10.8,83.9,6963.88,76.4,92702802.95088582,47244573.198458746,84.36,0,337,SRV002,api-server-01,ap-south-1,production,139947376.14934456,0.127208480565371,-46.0,-2.0999999999999943,0.24958579881656803,0
2026-06-08T11:19:47.035267,42.2,87.8,7034.85,72.4,93098875.85732946,47614058.04040855,164.01,0,339,SRV002,api-server-01,ap-south-1,production,140712933.897738,0.47522522522522526,31.400000000000002,3.8999999999999915,0.48238235294117643,0
2026-06-08T11:13:42.280798,25.7,90.7,6872.73,73.4,91181200.7833348,46028769.349652216,114.4,0,336,SRV003,database-server-01,us-east-1,production,137209970.13298702,0.2802617230098146,-16.500000000000004,2.9000000000000057,0.3394658753709199,0
2026-06-08T11:18:51.408384,19.9,89.9,6889.67,75.4,92847762.24660428,47350833.516201206,74.71,0,340,SRV003,database-server-01,us-east-1,production,140198595.7628055,0.2189218921892189,-5.800000000000001,-0.7999999999999972,0.2190909090909091,0
2026-06-08T11:19:53.257765,45.9,92.8,7038.45,72.4,93136100.9573909,47629101.254028775,194.86,0,339,SRV003,database-server-01,us-east-1,production,140765202.21141967,0.48933901918976547,26.0,2.8999999999999915,0.5731176470588236,0
2026-06-08T11:17:12.079570,19.9,86.1,6592.82,75.4,92463617.58542584,47059836.06222907,95.37,0,336,SRV002,api-server-01,ap-south-1,production,139523453.6476549,0.22847301951779564,-26.0,-6.700000000000003,0.28299703264094955,0
2026-06-08T11:32:03.675473,67.7,84.8,6726.21,72.5,123217829.99199477,63163702.73704506,95.41,0,344,SRV005,worker-server-01,ap-south-1,development,186381532.72903982,0.7890442890442891,47.800000000000004,-1.2999999999999972,0.27655072463768116,0
2026-06-08T11:14:43.803217,26.7,94.5,7166.46,73.4,91480371.16977045,46551533.34714764,120.22,0,336,SRV003,database-server-01,us-east-1,production,138031904.5169181,0.27958115183246074,-41.0,9.700000000000003,0.35673590504451036,0
2026-06-08T11:18:02.152872,4.5,85.9,6966.63,74.4,92659478.86122504,47210983.51006831,212.53,0,338,SRV005,worker-server-01,ap-south-1,development,139870462.37129337,0.05178365937859608,-22.2,-8.599999999999994,0.6269321533923304,0
2026-06-08T11:31:59.294847,77.0,78.7,6560.95,72.5,123197079.61164927,63063212.21753118,161.82,0,344,SRV004,cache-server-01,eu-west-1,staging,186260291.82918045,0.9661229611041405,72.5,-7.200000000000003,0.46904347826086956,0
2026-06-08T11:17:05.935258,15.0,89.4,6771.88,74.4,92435129.25595577,47048109.73797148,100.86,0,336,SRV001,web-server-01,ap-south-1,production,139483238.99392724,0.165929203539823,-62.0,10.700000000000003,0.29928783382789315,0
2026-06-08T11:32:03.675473,64.7,84.8,6726.21,76.5,123217820.4619744,63163713.683759704,91.41,0,344,SRV005,worker-server-01,ap-south-1,development,186381534.1457341,0.7540792540792541,49.7,-4.6000000000000085,0.2649565217391304,0
2026-06-08T11:31:21.696076,69.9,93.5,7322.62,75.5,122950976.22278526,62658254.59168074,113.47999999999999,0,343,SRV005,worker-server-01,ap-south-1,development,185609230.814466,0.7396825396825397,5.200000000000003,8.700000000000003,0.32988372093023255,0
2026-06-08T11:13:17.694905,7.5,88.5,7245.87,73.4,91115693.01763673,45982149.5021678,68.63,0,337,SRV004,cache-server-01,eu-west-1,staging,137097842.51980454,0.08379888268156424,-62.400000000000006,-5.0,0.2030473372781065,0
2026-06-08T11:31:46.682829,38.5,77.0,6422.06,72.5,123133997.73108016,62924209.02074681,129.7,0,344,SRV001,web-server-01,ap-south-1,production,186058206.75182697,0.4935897435897436,31.0,-11.5,0.3759420289855072,0
2026-06-08T11:31:00.806140,85.2,93.2,7301.48,76.5,122850721.24415436,62388767.19883139,140.34,0,345,SRV005,worker-server-01,ap-south-1,development,185239488.44298574,0.9044585987261147,46.7,16.200000000000003,0.405606936416185,1
2026-06-08T11:17:24.385929,60.6,88.4,7005.46,74.4,92524102.10659215,47104366.886636965,143.09,0,336,SRV004,cache-server-01,eu-west-1,staging,139628468.99322912,0.6778523489932886,-24.6,-4.799999999999997,0.42459940652818995,0
2026-06-08T11:16:35.112017,37.7,87.6,6710.79,76.4,92318246.40989754,46982390.11581909,100.27,0,336,SRV001,web-server-01,ap-south-1,production,139300636.52571663,0.42550790067720096,-22.9,-0.8000000000000114,0.29753709198813055,0
2026-06-08T11:18:32.975711,22.1,86.1,6827.21,76.4,92782935.50537682,47297949.53053019,181.74,0,340,SRV005,worker-server-01,ap-south-1,development,140080885.035907,0.2537313432835821,-15.600000000000001,-1.5,0.5329618768328446,0
2026-06-08T11:30:52.409914,75.3,89.5,7246.98,76.5,122810806.9859403,62233131.0009501,203.48,0,343,SRV003,database-server-01,us-east-1,production,185043937.9868904,0.8320441988950276,53.199999999999996,3.4000000000000057,0.5915116279069768,0
2026-06-08T11:20:17.947455,16.6,96.1,7296.84,73.4,93232600.75339982,47692403.64022243,131.12,0,337,SRV002,api-server-01,ap-south-1,production,140925004.39362225,0.17095777548918642,-58.699999999999996,6.599999999999994,0.38792899408284026,0
2026-06-08T11:33:10.974811,70.6,81.4,6767.39,74.5,123576760.17241958,64454773.04515997,228.11,0,344,SRV001,web-server-01,ap-south-1,production,188031533.21757954,0.8567961165048542,53.99999999999999,-14.699999999999989,0.6611884057971015,0
2026-06-08T11:15:02.542413,85.0,94.8,7115.2,76.4,91766221.01855445,46707256.0954524,74.35,0,338,SRV001,web-server-01,ap-south-1,production,138473477.11400685,0.8872651356993737,14.400000000000006,13.399999999999991,0.2193215339233038,0
2026-06-08T11:15:51.919492,30.5,90.0,6734.82,76.4,92138350.61933334,46886257.890770935,209.94,0,338,SRV004,cache-server-01,eu-west-1,staging,139024608.51010427,0.33516483516483514,-54.5,-4.799999999999997,0.6192920353982301,0
2026-06-08T11:31:00.806140,85.2,88.2,7301.48,76.5,122850767.53746884,62388791.586011134,148.34,0,345,SRV005,worker-server-01,ap-south-1,development,185239559.12347996,0.9551569506726457,54.7,-1.7999999999999972,0.428728323699422,1
2026-06-08T11:15:02.542413,77.0,87.8,7115.2,76.4,91766263.6750788,46707262.531450294,92.35,0,338,SRV001,web-server-01,ap-south-1,production,138473526.20652908,0.8671171171171171,-8.200000000000003,-0.4000000000000057,0.27241887905604717,0
2026-06-08T11:31:13.299427,86.2,98.3,7313.95,73.5,122914553.16931108,62570882.33218382,197.12,0,343,SRV003,database-server-01,us-east-1,production,185485435.50149488,0.8680765357502518,9.200000000000003,10.5,0.5730232558139535,1
2026-06-08T11:17:31.333238,19.1,88.1,6980.7,73.4,92548563.21168233,47123655.71514188,916.95,0,337,SRV005,worker-server-01,ap-south-1,development,139672218.9268242,0.21436588103254772,-67.1,-10.200000000000003,2.712869822485207,0
2026-06-08T11:31:25.907382,44.6,97.6,7332.55,73.5,122971698.23106198,62677023.27671041,131.05,0,343,SRV001,web-server-01,ap-south-1,production,185648721.5077724,0.4523326572008114,25.5,9.5,0.38095930232558145,0
2026-06-08T11:14:56.193454,36.4,88.4,7080.66,76.4,91710299.3291499,46684088.55055883,81.15,0,336,SRV005,worker-server-01,ap-south-1,development,138394387.87970874,0.407158836689038,-8.200000000000003,-9.199999999999989,0.24080118694362018,0
2026-06-08T11:31:17.520297,66.0,92.5,7322.6,76.5,122930761.7180963,62632758.17830889,76.68,0,343,SRV004,cache-server-01,eu-west-1,staging,185563519.8964052,0.7058823529411765,29.6,4.099999999999994,0.22290697674418605,0
2026-06-08T11:33:15.173880,43.8,87.1,6748.42,75.5,123596300.96596712,64482185.68836679,209.88,0,344,SRV002,api-server-01,ap-south-1,production,188078486.65433392,0.49716231555051077,-22.200000000000003,-5.400000000000006,0.6083478260869565,0
2026-06-08T11:12:59.149714,52.6,90.6,7100.05,73.4,91043827.72079556,45926127.53387309,164.91,0,335,SRV001,web-server-01,ap-south-1,production,136969955.25466865,0.5742358078602621,8.800000000000004,3.5,0.4908035714285714,0
2026-06-08T11:19:40.789986,24.9,86.7,7030.91,74.4,93076692.45480514,47597428.14444786,178.35,0,339,SRV001,web-server-01,ap-south-1,production,140674120.599253,0.2839224629418472,-27.700000000000003,-3.8999999999999915,0.5245588235294117,0
2026-06-08T11:33:02.565085,27.0,83.0,6738.93,73.5,123530894.56089774,64397828.7198513,167.53,0,344,SRV004,cache-server-01,eu-west-1,staging,187928723.28074902,0.32142857142857145,2.1000000000000014,-3.700000000000003,0.4855942028985507,0
2026-06-08T11:33:23.564465,29.9,85.6,6783.65,75.5,123649815.67629397,64554318.044829614,109.52000000000001,0,344,SRV004,cache-server-01,eu-west-1,staging,188204133.72112358,0.34526558891454967,2.8999999999999986,2.5999999999999943,0.3174492753623189,0
2026-06-08T11:19:40.789986,21.9,85.7,7030.91,72.4,93076646.66728964,47597449.854141936,150.35,0,339,SRV001,web-server-01,ap-south-1,production,140674096.52143157,0.25259515570934254,-8.0,0.10000000000000853,0.44220588235294117,0
2026-06-08T11:14:19.203948,30.200000000000003,83.5,6932.37,74.4,91399034.7864911,46499344.66559647,101.44,0,337,SRV004,cache-server-01,eu-west-1,staging,137898379.45208758,0.357396449704142,8.300000000000004,-2.200000000000003,0.30011834319526626,0
2026-06-08T11:18:02.152872,10.5,85.9,6966.63,72.4,92659523.72509377,47210933.39277683,233.53,0,338,SRV005,worker-server-01,ap-south-1,development,139870457.1178706,0.12082853855005753,-19.700000000000003,2.4000000000000057,0.6888790560471977,0
2026-06-08T11:20:48.656903,17.2,98.8,7352.82,73.4,93357547.1993906,48102669.09041026,68.49,0,338,SRV002,api-server-01,ap-south-1,production,141460216.28980088,0.17234468937875752,6.699999999999999,12.899999999999991,0.20203539823008848,0
2026-06-08T11:18:57.564095,38.9,88.1,6979.52,72.4,92876594.04842937,47375742.372090265,59.620000000000005,0,340,SRV004,cache-server-01,eu-west-1,staging,140252336.42051965,0.43658810325476993,21.7,-10.700000000000003,0.17483870967741938,0
2026-06-08T11:18:14.441285,4.800000000000001,93.9,6963.88,72.4,92702842.11813107,47244559.69616069,100.36,0,337,SRV002,api-server-01,ap-south-1,production,139947401.81429178,0.050579557428872504,-34.099999999999994,5.800000000000011,0.2969230769230769,0
2026-06-08T11:18:14.441285,4.800000000000001,91.9,6963.88,73.4,92702840.836609,47244590.40615222,137.36,0,337,SRV002,api-server-01,ap-south-1,production,139947431.24276122,0.05166846071044134,0.0,-2.0,0.40639053254437874,0
2026-06-08T11:17:49.762560,15.9,84.9,7048.01,74.4,92623161.95301804,47183418.529373325,121.32,0,338,SRV003,database-server-01,us-east-1,production,139806580.48239136,0.18509895227008147,11.1,-7.0,0.35787610619469024,0
2026-06-08T11:31:21.696076,75.9,89.5,7322.62,73.5,122950963.10010311,62658315.47290883,189.48,0,343,SRV005,worker-server-01,ap-south-1,development,185609278.57301193,0.8386740331491713,60.00000000000001,4.599999999999994,0.550813953488372,0
2026-06-08T11:20:05.649186,22.6,88.6,7258.12,73.4,93184816.5878374,47661523.72218548,136.7,0,337,SRV005,worker-server-01,ap-south-1,development,140846340.3100229,0.2522321428571429,-53.300000000000004,-0.9000000000000057,0.4044378698224852,0
2026-06-08T11:33:10.974811,79.6,82.4,6767.39,75.5,123576760.95946676,64454799.15466099,222.11,0,344,SRV001,web-server-01,ap-south-1,production,188031560.11412776,0.9544364508393284,56.99999999999999,-6.199999999999989,0.6437971014492754,0
2026-06-08T11:32:45.770343,73.0,88.4,6771.26,72.5,123441015.78140013,64052283.9833073,61.900000000000006,0,344,SRV005,worker-server-01,ap-south-1,development,187493299.76470745,0.8165548098434003,-6.599999999999994,6.0,0.17942028985507247,0
2026-06-08T11:17:12.079570,20.9,80.1,6592.82,73.4,92463643.93746172,47059770.7180986,127.37,0,336,SRV002,api-server-01,ap-south-1,production,139523414.6555603,0.25770653514180025,-52.1,-8.300000000000011,0.3779525222551929,0
2026-06-08T11:31:13.299427,87.2,96.3,7313.95,76.5,122914547.10608183,62570914.38880467,213.12,0,343,SRV003,database-server-01,us-east-1,production,185485461.4948865,0.8961973278520041,66.30000000000001,16.200000000000003,0.6195348837209302,1
2026-06-08T11:32:16.388014,84.5,87.2,6757.16,74.5,123285596.0565695,63494992.6855615,201.12,0,343,SRV003,database-server-01,us-east-1,production,186780588.742131,0.9580498866213152,-2.700000000000003,-9.099999999999994,0.5846511627906977,0
2026-06-08T11:31:59.294847,72.0,83.7,6560.95,73.5,123197031.77600184,63063120.86578238,152.82,0,344,SRV004,cache-server-01,eu-west-1,staging,186260152.64178422,0.8500590318772137,-12.5,-3.5,0.4429565217391304,0
2026-06-08T11:13:48.422920,27.8,91.6,6944.96,75.4,91201717.4066751,46048767.72968083,75.78,0,336,SRV004,cache-server-01,eu-west-1,staging,137250485.13635594,0.30021598272138234,-44.2,7.8999999999999915,0.22486646884272998,0
2026-06-08T11:32:16.388014,93.5,91.2,6757.16,74.5,123285618.82569067,63494938.167919725,211.12,0,343,SRV003,database-server-01,us-east-1,production,186780556.99361038,1.0140997830802603,65.7,-0.3999999999999915,0.6137209302325581,1
2026-06-08T11:17:37.474660,26.0,86.5,7014.91,73.4,92582647.4616567,47155144.68488519,94.45,0,337,SRV001,web-server-01,ap-south-1,production,139737792.1465419,0.29714285714285715,-67.5,-4.700000000000003,0.2794378698224852,0
2026-06-08T11:17:12.079570,21.9,89.1,6592.82,76.4,92463664.95478119,47059850.557948105,114.37,0,336,SRV002,api-server-01,ap-south-1,production,139523515.5127293,0.24306326304106549,-4.100000000000001,2.5999999999999943,0.33937685459940653,0
2026-06-08T11:16:53.647754,24.8,85.1,6746.95,73.4,92369748.0227374,47015523.465962425,89.63,0,336,SRV004,cache-server-01,eu-west-1,staging,139385271.48869982,0.2880371660859466,2.900000000000002,-4.0,0.26596439169139463,0
2026-06-08T11:20:17.947455,19.6,91.1,7296.84,72.4,93232647.04567255,47692425.54778351,69.12,0,337,SRV002,api-server-01,ap-south-1,production,140925072.59345606,0.2128121606948969,-5.199999999999999,6.0,0.20449704142011835,0
2026-06-08T11:16:10.460365,30.1,88.4,6769.83,72.4,92224603.73358537,46927103.8290306,170.78,0,336,SRV002,api-server-01,ap-south-1,production,139151707.562616,0.3366890380313199,10.5,-2.6999999999999886,0.5067655786350148,0
2026-06-08T11:31:34.311471,92.9,91.7,7422.15,73.5,123034144.20146085,62791353.03847826,104.0,0,343,SRV003,database-server-01,us-east-1,production,185825497.23993912,1.0021574973031284,62.800000000000004,3.299999999999997,0.3023255813953488,1
2026-06-08T11:32:37.370048,92.3,80.7,6637.72,74.5,123391908.28217863,63894282.336981766,135.56,0,343,SRV003,database-server-01,us-east-1,production,187286190.61916038,1.1297429620563035,-0.6000000000000085,-11.0,0.39406976744186045,1
2026-06-08T11:31:30.217958,49.2,98.6,7332.95,73.5,122987447.28612673,62700597.104432,173.29,0,343,SRV002,api-server-01,ap-south-1,production,185688044.39055872,0.49397590361445787,-43.099999999999994,17.89999999999999,0.50375,0
2026-06-08T11:19:16.006900,15.600000000000001,88.7,7030.89,76.4,92981250.98420721,47509490.24732146,169.31,0,340,SRV002,api-server-01,ap-south-1,production,140490741.23152867,0.1739130434782609,-33.6,-9.899999999999991,0.4965102639296188,0
2026-06-08T11:31:05.004439,36.3,89.9,7280.51,72.5,122868025.39203544,62432095.01258228,112.84,0,343,SRV001,web-server-01,ap-south-1,production,185300120.40461773,0.3993399339933993,20.699999999999996,1.2000000000000028,0.3280232558139535,0
2026-06-08T11:32:33.174907,53.5,83.3,6605.03,73.5,123365440.56487565,63773692.91174059,120.49000000000001,0,343,SRV002,api-server-01,ap-south-1,production,187139133.47661623,0.634638196915777,17.200000000000003,-6.6000000000000085,0.3502616279069768,0
2026-06-08T11:33:23.564465,25.9,90.6,6783.65,74.5,123649779.67055403,64554284.83077797,193.52,0,344,SRV004,cache-server-01,eu-west-1,staging,188204064.50133198,0.2827510917030568,-27.6,7.299999999999997,0.5609275362318841,0
2026-06-08T11:32:33.174907,57.5,83.3,6605.03,73.5,123365387.3388541,63773675.243189394,213.49,0,343,SRV002,api-server-01,ap-south-1,production,187139062.5820435,0.6820877817319099,31.6,-7.299999999999997,0.620610465116279,0
2026-06-08T11:14:13.096646,68.8,94.2,6993.2,76.4,91362032.64001265,46478806.03108693,135.0,0,339,SRV003,database-server-01,us-east-1,production,137840838.67109957,0.7226890756302521,11.299999999999997,10.900000000000006,0.39705882352941174,0
2026-06-08T11:19:34.620600,27.0,93.4,7003.91,75.4,93056119.58329049,47585645.72302622,139.31,0,339,SRV005,worker-server-01,ap-south-1,development,140641765.3063167,0.28601694915254233,-41.8,-0.7999999999999972,0.4097352941176471,0
2026-06-08T11:14:25.371100,29.5,87.3,6997.93,73.4,91412044.06153998,46509714.40009726,133.01,0,337,SRV005,worker-server-01,ap-south-1,development,137921758.46163723,0.3340883352208381,2.5,-6.1000000000000085,0.39352071005917155,0
2026-06-08T11:15:45.664174,17.1,90.5,6697.25,74.4,92114713.27279219,46873995.9086156,131.20999999999998,0,338,SRV003,database-server-01,us-east-1,production,138988709.18140778,0.18688524590163935,-12.399999999999999,3.200000000000003,0.3870501474926253,0
2026-06-08T11:18:32.975711,19.1,89.1,6827.21,74.4,92782979.6284394,47297916.578585856,195.74,0,340,SRV005,worker-server-01,ap-south-1,development,140080896.20702526,0.21198668146503888,2.0,-1.4000000000000057,0.574017595307918,0
2026-06-08T11:20:11.792144,4.5,93.7,7266.76,72.4,93214671.24798432,47681551.86642509,79.08,0,337,SRV001,web-server-01,ap-south-1,production,140896223.11440942,0.04751847940865892,-14.600000000000001,4.6000000000000085,0.2339644970414201,0
2026-06-08T11:20:11.792144,13.5,91.7,7266.76,74.4,93214716.00475307,47681615.644003004,159.07999999999998,0,337,SRV001,web-server-01,ap-south-1,production,140896331.6487561,0.14563106796116504,9.0,-2.0,0.47065088757396445,0
2026-06-08T11:13:05.314616,26.4,88.0,7129.16,72.4,91071137.72522098,45946224.42879296,103.55000000000001,0,337,SRV002,api-server-01,ap-south-1,production,137017362.15401393,0.296629213483146,12.899999999999999,-3.700000000000003,0.3063609467455622,0
2026-06-08T11:31:30.217958,45.2,89.6,7332.95,74.5,122987427.36384197,62700524.51893884,166.29,0,343,SRV002,api-server-01,ap-south-1,production,185687951.8827808,0.49889624724061815,18.800000000000004,1.5999999999999943,0.48340116279069767,0
2026-06-08T11:20:36.368160,27.0,98.8,7352.41,73.4,93299609.41612086,47731035.676744975,71.52,0,337,SRV005,worker-server-01,ap-south-1,development,141030645.09286582,0.27054108216432865,-18.200000000000003,9.200000000000003,0.21159763313609467,0
2026-06-08T11:16:59.791192,20.4,86.2,6751.6,76.4,92389529.81440185,47027983.812072985,164.20999999999998,0,336,SRV005,worker-server-01,ap-south-1,development,139417513.62647483,0.23394495412844035,-6.600000000000001,-12.599999999999994,0.48727002967359045,0
2026-06-08T11:30:48.215012,69.3,94.5,7244.77,75.5,122792635.95235819,62211288.71566871,141.08,0,343,SRV002,api-server-01,ap-south-1,production,185003924.6680269,0.7256544502617801,48.9,8.299999999999997,0.4101162790697675,0
2026-06-08T11:20:36.368160,29.0,97.8,7352.41,76.4,93299593.146065,47731030.14239396,152.51999999999998,0,337,SRV005,worker-server-01,ap-south-1,development,141030623.28845894,0.2935222672064777,-40.3,3.299999999999997,0.45124260355029583,0
2026-06-08T11:30:39.833669,94.9,97.9,7283.15,72.5,122741337.75961491,62111471.639194645,101.87,0,343,SRV005,worker-server-01,ap-south-1,development,184852809.39880955,0.9595551061678463,65.9,0.10000000000000853,0.29613372093023255,1
2026-06-08T11:14:50.020526,60.3,92.6,7178.71,75.4,91535986.85900444,46573732.001235396,104.33,0,336,SRV004,cache-server-01,eu-west-1,staging,138109718.86023983,0.6442307692307693,-34.60000000000001,-5.300000000000011,0.3095845697329377,0
2026-06-08T11:16:53.647754,27.8,83.1,6746.95,74.4,92369733.00945377,47015532.007992215,108.63,0,336,SRV004,cache-server-01,eu-west-1,staging,139385265.01744598,0.3305588585017836,-32.5,-9.5,0.3223442136498516,0
2026-06-08T11:15:08.686774,58.8,97.0,7284.44,72.4,91819853.53273633,46729676.12048173,154.22,0,338,SRV002,api-server-01,ap-south-1,production,138549529.65321806,0.6,30.999999999999996,13.900000000000006,0.45492625368731565,0
2026-06-08T11:31:30.217958,46.2,88.6,7332.95,76.5,122987378.27529417,62700608.40623793,129.29,0,343,SRV002,api-server-01,ap-south-1,production,185687986.68153208,0.5156250000000001,-12.599999999999994,-8.400000000000006,0.3758430232558139,0
2026-06-08T11:31:05.004439,34.3,94.9,7280.51,75.5,122868019.1176037,62432050.86451827,174.84,0,343,SRV001,web-server-01,ap-south-1,production,185300069.98212197,0.3576642335766423,-11.900000000000006,6.300000000000011,0.5082558139534884,0
2026-06-08T11:19:59.504498,44.9,92.6,7257.89,74.4,93162626.91862951,47647281.03911194,192.47,0,339,SRV004,cache-server-01,eu-west-1,staging,140809907.95774144,0.4797008547008547,10.600000000000001,-2.3000000000000114,0.5660882352941177,0
2026-06-08T11:16:22.837154,18.0,85.3,6762.44,74.4,92282471.5337578,46959719.96585273,230.64,0,336,SRV004,cache-server-01,eu-west-1,staging,139242191.49961054,0.2085747392815759,-26.9,-7.299999999999997,0.6843916913946587,0
2026-06-08T11:19:22.263984,11.5,85.9,7041.53,75.4,93009101.46662425,47546090.5991186,239.92,0,340,SRV003,database-server-01,us-east-1,production,140555192.06574285,0.13233601841196777,-6.5,0.6000000000000085,0.7035777126099706,0
2026-06-08T11:33:06.704177,71.5,84.3,6759.52,73.5,123558940.56511207,64442572.88445354,128.35,0,344,SRV005,worker-server-01,ap-south-1,development,188001513.44956562,0.8382180539273154,60.0,-1.6000000000000085,0.37202898550724633,0
2026-06-08T11:15:08.686774,49.8,94.0,7284.44,73.4,91819804.21841936,46729690.99877504,125.22,0,338,SRV002,api-server-01,ap-south-1,production,138549495.2171944,0.5242105263157895,-21.700000000000003,9.700000000000003,0.3693805309734513,0
2026-06-08T11:30:48.215012,61.3,97.5,7244.77,76.5,122792585.13574812,62211331.39083273,198.08,0,343,SRV002,api-server-01,ap-south-1,production,185003916.52658084,0.6223350253807106,11.5,3.5,0.5758139534883722,0
2026-06-08T11:31:25.907382,45.6,95.6,7332.55,76.5,122971702.63793926,62676944.634566136,204.05,0,343,SRV001,web-server-01,ap-south-1,production,185648647.2725054,0.47204968944099385,-15.699999999999996,-1.9000000000000057,0.5931686046511628,0
2026-06-08T11:20:48.656903,16.2,92.8,7352.82,74.4,93357535.92930467,48102675.99874761,64.49,0,338,SRV002,api-server-01,ap-south-1,production,141460211.92805228,0.17270788912579957,-29.400000000000002,-2.799999999999997,0.19023598820058996,0
2026-06-08T11:31:59.294847,81.0,79.7,6560.95,73.5,123197038.4974316,63063134.332980044,172.82,0,344,SRV004,cache-server-01,eu-west-1,staging,186260172.83041164,1.003717472118959,64.8,-13.099999999999994,0.500927536231884,0
2026-06-08T11:15:08.686774,49.8,88.0,7284.44,74.4,91819834.45950428,46729645.96503044,123.22,0,338,SRV002,api-server-01,ap-south-1,production,138549480.4245347,0.5595505617977528,-31.200000000000003,8.299999999999997,0.36348082595870207,0
2026-06-08T11:20:42.524038,31.4,97.8,7345.92,76.4,93331884.17974502,48084115.759985745,145.46,0,337,SRV001,web-server-01,ap-south-1,production,141415999.93973076,0.31781376518218624,-18.4,9.799999999999997,0.43035502958579885,0
2026-06-08T11:32:41.567763,25.7,81.3,6684.21,72.5,123409133.68242174,63932670.37469157,123.97,0,344,SRV004,cache-server-01,eu-west-1,staging,187341804.05711332,0.31227217496962334,-5.699999999999999,-16.5,0.35933333333333334,0
2026-06-08T11:31:59.294847,77.0,88.7,6560.95,73.5,123197053.45808664,63063132.631433904,217.82,0,344,SRV004,cache-server-01,eu-west-1,staging,186260186.08952054,0.8584169453734671,51.3,7.400000000000006,0.6313623188405797,0
2026-06-08T11:16:16.602199,21.4,87.5,6777.17,72.4,92267681.61375314,46944315.005444154,136.35,0,336,SRV003,database-server-01,us-east-1,production,139211996.6191973,0.24180790960451976,-55.6,-1.2000000000000028,0.4045994065281899,0
2026-06-08T11:31:00.806140,84.2,95.2,7301.48,72.5,122850806.41888016,62388708.27688603,94.34,0,345,SRV005,worker-server-01,ap-south-1,development,185239514.6957662,0.8752598752598753,62.800000000000004,7.700000000000003,0.27265895953757224,0
2026-06-08T11:32:20.576921,50.7,86.3,6765.6,73.5,123305386.9271187,63529645.21212635,158.81,0,343,SRV004,cache-server-01,eu-west-1,staging,186835032.13924506,0.5807560137457045,-33.5,-8.900000000000006,0.46165697674418604,0
2026-06-08T11:17:43.618923,17.9,87.4,7005.16,74.4,92603933.04160891,47171653.523165844,64.59,0,338,SRV002,api-server-01,ap-south-1,production,139775586.56477475,0.2024886877828054,-32.800000000000004,1.1000000000000085,0.19053097345132744,0
2026-06-08T11:16:16.602199,24.4,90.5,6777.17,73.4,92267695.54511835,46944325.56569172,79.35,0,336,SRV003,database-server-01,us-east-1,production,139212021.11081007,0.26666666666666666,6.5,3.0999999999999943,0.23545994065281897,0
2026-06-08T11:31:38.415692,80.8,84.6,6629.71,76.5,123077284.7287192,62838085.66367779,110.56,0,343,SRV004,cache-server-01,eu-west-1,staging,185915370.392397,0.9439252336448598,56.4,-5.900000000000006,0.3213953488372093,0
2026-06-08T11:14:13.096646,63.8,94.2,6993.2,72.4,91361969.24515022,46478740.94934622,137.0,0,339,SRV003,database-server-01,us-east-1,production,137840710.19449645,0.6701680672268907,-17.0,9.600000000000009,0.40294117647058825,0
2026-06-08T11:17:18.223309,10.5,88.4,6615.88,76.4,92502172.59080918,47075493.54100188,78.07,0,335,SRV003,database-server-01,us-east-1,production,139577666.13181105,0.1174496644295302,-53.3,-5.799999999999997,0.23235119047619046,0
2026-06-08T11:32:16.388014,85.5,91.2,6757.16,76.5,123285616.38510981,63494945.32824866,184.12,0,343,SRV003,database-server-01,us-east-1,production,186780561.71335846,0.9273318872017353,75.0,2.799999999999997,0.5352325581395349,1
2026-06-08T11:19:03.695792,19.6,91.1,6977.82,76.4,92903138.94510342,47472642.555162065,105.91,0,340,SRV005,worker-server-01,ap-south-1,development,140375781.50026548,0.2128121606948969,-65.9,-0.10000000000000853,0.3105865102639296,0
2026-06-08T11:20:05.649186,19.6,93.6,7258.12,73.4,93184867.51123862,47661514.15450129,57.7,0,337,SRV005,worker-server-01,ap-south-1,development,140846381.6657399,0.20718816067653278,0.0,2.5,0.17071005917159765,0
2026-06-08T11:15:33.388006,21.1,89.8,6648.07,73.4,92069144.55454111,46847575.42340093,229.4,0,338,SRV001,web-server-01,ap-south-1,production,138916719.97794205,0.2323788546255507,1.5,-3.799999999999997,0.6766961651917405,0
2026-06-08T11:31:30.217958,55.2,90.6,7332.95,74.5,122987434.80881467,62700609.70383228,192.29,0,343,SRV002,api-server-01,ap-south-1,production,185688044.51264697,0.6026200873362446,34.1,0.7999999999999972,0.5589825581395349,0
2026-06-08T11:17:12.079570,20.9,88.1,6592.82,74.4,92463629.5905077,47059821.56246624,114.37,0,336,SRV002,api-server-01,ap-south-1,production,139523451.15297395,0.2345679012345679,-34.300000000000004,-2.5,0.33937685459940653,0
2026-06-08T11:14:06.934830,40.6,91.1,6823.69,75.4,91310064.83499101,46325221.7052601,150.7,0,337,SRV002,api-server-01,ap-south-1,production,137635286.5402511,0.4408251900108578,19.700000000000003,3.0,0.44585798816568045,0
2026-06-08T11:13:42.280798,33.7,89.7,6872.73,75.4,91181224.33533189,46028835.37657131,74.4,0,336,SRV003,database-server-01,us-east-1,production,137210059.7119032,0.3715545755237045,-6.899999999999999,-1.3999999999999915,0.22077151335311573,0
2026-06-08T11:20:24.098528,21.0,94.3,7312.16,76.4,93258304.60968849,47706277.19896341,107.44,0,337,SRV003,database-server-01,us-east-1,production,140964581.8086519,0.22035676810073454,-12.700000000000003,4.599999999999994,0.3178698224852071,0
2026-06-08T11:17:24.385929,57.6,94.4,7005.46,76.4,92524132.73458889,47104407.379710555,126.09,0,336,SRV004,cache-server-01,eu-west-1,staging,139628540.11429945,0.6037735849056604,36.6,0.10000000000000853,0.37415430267062316,0
2026-06-08T11:32:33.174907,55.5,84.3,6605.03,72.5,123365374.12886615,63773717.207233325,177.49,0,343,SRV002,api-server-01,ap-south-1,production,187139091.33609948,0.6506447831184057,-2.1000000000000014,-10.100000000000009,0.5159593023255814,0
2026-06-08T11:17:55.907061,17.3,85.0,7054.89,76.4,92640242.27327059,47199358.54179314,91.57,0,338,SRV004,cache-server-01,eu-west-1,staging,139839600.81506371,0.20116279069767443,-38.2,0.7000000000000028,0.27011799410029497,0
2026-06-08T11:15:51.919492,28.5,85.0,6734.82,72.4,92138317.34206887,46886192.93215413,236.94,0,338,SRV004,cache-server-01,eu-west-1,staging,139024510.274223,0.3313953488372093,11.2,0.0,0.6989380530973451,0
2026-06-08T11:15:14.831093,43.0,90.6,6943.11,72.4,91855874.91382751,46754060.27065549,96.51,0,338,SRV003,database-server-01,us-east-1,production,138609935.184483,0.4694323144104804,14.5,5.599999999999994,0.28469026548672566,0
2026-06-08T11:33:06.704177,81.5,90.3,6759.52,74.5,123558895.01114205,64442558.49915722,70.35,0,344,SRV005,worker-server-01,ap-south-1,development,188001453.51029927,0.8926615553121577,38.5,-0.29999999999999716,0.20391304347826086,0
2026-06-08T11:19:03.695792,20.6,93.1,6977.82,75.4,92903150.46234487,47472631.3834162,64.91,0,340,SRV005,worker-server-01,ap-south-1,development,140375781.84576106,0.2189160467587673,-60.9,2.799999999999997,0.19035190615835776,0
2026-06-08T11:33:06.704177,72.5,89.3,6759.52,75.5,123558963.18089274,64442551.977280796,124.35,0,344,SRV005,worker-server-01,ap-south-1,development,188001515.15817353,0.8028792912513844,51.9,-3.799999999999997,0.36043478260869566,0
2026-06-08T11:33:10.974811,77.6,84.4,6767.39,75.5,123576737.59443067,64454823.6427017,235.11,0,344,SRV001,web-server-01,ap-south-1,production,188031561.23713237,0.9086651053864168,5.099999999999994,-4.8999999999999915,0.6814782608695653,0
2026-06-08T11:20:11.792144,10.5,92.7,7266.76,75.4,93214702.89322415,47681576.70921565,160.07999999999998,0,337,SRV001,web-server-01,ap-south-1,production,140896279.6024398,0.11205976520811099,-67.1,8.299999999999997,0.47360946745562127,0
2026-06-08T11:13:48.422920,29.8,85.6,6944.96,75.4,91201772.79941827,46048808.21452145,84.78,0,336,SRV004,cache-server-01,eu-west-1,staging,137250581.01393974,0.34411085450346424,19.3,-7.1000000000000085,0.2515727002967359,0
2026-06-08T11:15:02.542413,77.0,94.8,7115.2,74.4,91766286.61165805,46707338.3772097,95.35,0,338,SRV001,web-server-01,ap-south-1,production,138473624.98886776,0.8037578288100209,47.2,9.200000000000003,0.2812684365781711,0
2026-06-08T11:13:29.993599,24.8,92.0,6898.87,74.4,91152058.0176089,46006329.73113924,132.48000000000002,0,337,SRV001,web-server-01,ap-south-1,production,137158387.74874812,0.26666666666666666,-52.2,-2.799999999999997,0.39195266272189355,0
2026-06-08T11:32:49.966233,42.3,82.4,6767.8,73.5,123461936.50182843,64134505.383431025,130.49,0,344,SRV001,web-server-01,ap-south-1,production,187596441.88525945,0.5071942446043165,17.499999999999996,-9.599999999999994,0.37823188405797104,0
2026-06-08T11:31:34.311471,88.9,92.7,7422.15,75.5,123034173.17260706,62791332.81530285,81.0,0,343,SRV003,database-server-01,us-east-1,production,185825505.9879099,0.9487726787620064,46.60000000000001,10.299999999999997,0.23546511627906977,1
2026-06-08T11:19:40.789986,22.9,88.7,7030.91,72.4,93076694.12747675,47597457.75643338,101.35,0,339,SRV001,web-server-01,ap-south-1,production,140674151.88391012,0.25529542920847265,-66.0,-4.0,0.29808823529411765,0
2026-06-08T11:30:39.833669,96.9,91.9,7283.15,73.5,122741340.87091708,62111494.04379469,88.87,0,343,SRV005,worker-server-01,ap-south-1,development,184852834.91471177,1.0430570505920345,74.0,3.200000000000003,0.258343023255814,1
2026-06-08T11:19:40.789986,21.9,91.7,7030.91,72.4,93076686.97554445,47597437.67766464,116.35,0,339,SRV001,web-server-01,ap-south-1,production,140674124.6532091,0.2362459546925566,-75.0,-0.20000000000000284,0.34220588235294114,0
2026-06-08T11:18:14.441285,10.8,93.9,6963.88,75.4,92702766.21990907,47244559.04671757,151.36,0,337,SRV002,api-server-01,ap-south-1,production,139947325.26662666,0.11380400421496312,-11.099999999999998,2.200000000000003,0.447810650887574,0
2026-06-08T11:13:17.694905,6.5,91.5,7245.87,74.4,91115670.62294863,45982233.05556391,62.629999999999995,0,337,SRV004,cache-server-01,eu-west-1,staging,137097903.67851254,0.07027027027027027,-4.300000000000001,-2.4000000000000057,0.18529585798816567,0
2026-06-08T11:20:36.368160,27.0,98.8,7352.41,73.4,93299589.14910349,47731005.86349614,119.52,0,337,SRV005,worker-server-01,ap-south-1,development,141030595.01259965,0.27054108216432865,20.5,7.299999999999997,0.3536094674556213,0
2026-06-08T11:19:59.504498,47.9,93.6,7257.89,76.4,93162617.38373488,47647347.51506767,180.47,0,339,SRV004,cache-server-01,eu-west-1,staging,140809964.89880255,0.5063424947145877,20.9,-5.200000000000003,0.5307941176470589,0
2026-06-08T11:30:35.647864,51.0,92.0,7285.31,73.5,122713152.46787284,62063645.12391508,111.35,0,342,SRV004,cache-server-01,eu-west-1,staging,184776797.59178793,0.5483870967741935,3.1000000000000014,-1.5999999999999943,0.32463556851311953,0
2026-06-08T11:17:31.333238,15.1,94.1,6980.7,76.4,92548559.22909664,47123669.41867511,864.95,0,337,SRV005,worker-server-01,ap-south-1,development,139672228.64777175,0.1587802313354364,-35.9,2.0999999999999943,2.5590236686390533,0
2026-06-08T11:31:25.907382,39.6,98.6,7332.55,73.5,122971722.55657358,62676974.55475048,132.05,0,343,SRV001,web-server-01,ap-south-1,production,185648697.11132407,0.3975903614457832,24.5,4.5,0.3838662790697675,0
2026-06-08T11:18:57.564095,43.9,88.1,6979.52,73.4,92876589.59343931,47375739.28022482,135.62,0,340,SRV004,cache-server-01,eu-west-1,staging,140252328.87366414,0.4927048260381594,4.299999999999997,-10.5,0.3977126099706745,0
2026-06-08T11:17:37.474660,24.0,91.5,7014.91,76.4,92582603.88947012,47155223.584191695,79.45,0,337,SRV001,web-server-01,ap-south-1,production,139737827.4736618,0.2594594594594595,-19.9,3.4000000000000057,0.23505917159763315,0
2026-06-08T11:32:16.388014,87.5,83.2,6757.16,73.5,123285589.25366312,63495010.612638876,168.12,0,343,SRV003,database-server-01,us-east-1,production,186780599.866302,1.0391923990498813,63.5,-8.299999999999997,0.48872093023255814,1
2026-06-08T11:20:30.224148,31.299999999999997,94.4,7315.95,76.4,93277699.64296615,47718887.54934783,88.2,0,338,SRV004,cache-server-01,eu-west-1,staging,140996587.19231397,0.32809224318658275,-56.2,11.200000000000003,0.26017699115044246,0
2026-06-08T11:31:55.088538,94.7,83.7,6872.24,76.5,123178373.86042863,62977116.96105431,154.51,0,344,SRV003,database-server-01,us-east-1,production,186155490.82148296,1.1180637544273908,63.400000000000006,-10.700000000000003,0.4478550724637681,1
2026-06-08T11:17:37.474660,31.0,87.5,7014.91,76.4,92582675.79047798,47155169.33309258,109.45,0,337,SRV001,web-server-01,ap-south-1,production,139737845.12357056,0.3502824858757062,-63.7,3.799999999999997,0.32381656804733727,0
2026-06-08T11:17:31.333238,16.1,90.1,6980.7,76.4,92548525.41412696,47123668.88388182,927.95,0,337,SRV005,worker-server-01,ap-south-1,development,139672194.2980088,0.17672886937431398,-14.899999999999999,2.5999999999999943,2.745414201183432,0
2026-06-08T11:14:31.515623,44.7,86.6,7179.52,75.4,91428223.86681414,46520758.7022005,97.32,0,337,SRV001,web-server-01,ap-south-1,production,137948982.56901464,0.5102739726027398,28.6,-3.5,0.28792899408284023,0
2026-06-08T11:13:11.540021,42.9,94.9,7200.05,76.4,91098947.84715189,45970590.30922864,188.59,0,337,SRV003,database-server-01,us-east-1,production,137069538.15638053,0.44734098018769547,-1.8000000000000043,8.300000000000011,0.5579585798816569,0
2026-06-08T11:18:57.564095,35.9,92.1,6979.52,74.4,92876587.13351053,47375819.66965883,130.62,0,340,SRV004,cache-server-01,eu-west-1,staging,140252406.80316937,0.38560687432867885,-7.0,-2.8000000000000114,0.383049853372434,0
2026-06-08T11:16:47.504036,16.7,88.2,6752.13,73.4,92355020.69831418,47005420.259917945,235.93,0,336,SRV003,database-server-01,us-east-1,production,139360440.9582321,0.18721973094170402,-19.2,-3.8999999999999915,0.7000890207715134,0
2026-06-08T11:20:36.368160,34.0,88.8,7352.41,73.4,93299535.16516136,47731001.41590243,110.52,0,337,SRV005,worker-server-01,ap-south-1,development,141030536.58106378,0.37861915367483295,17.3,0.5999999999999943,0.32698224852071006,0
2026-06-08T11:15:45.664174,22.1,85.5,6697.25,72.4,92114695.98453738,46873985.73779867,124.21,0,338,SRV003,database-server-01,us-east-1,production,138988681.72233605,0.2554913294797688,-11.899999999999999,-3.299999999999997,0.3664011799410029,0
2026-06-08T11:16:53.647754,24.8,83.1,6746.95,75.4,92369652.86083205,47015518.327408105,71.63,0,336,SRV004,cache-server-01,eu-west-1,staging,139385171.18824017,0.2948870392390012,2.6999999999999993,-2.4000000000000057,0.21255192878338278,0
2026-06-08T11:16:10.460365,29.1,81.4,6769.83,75.4,92224696.46089512,46927127.81682753,155.78,0,336,SRV002,api-server-01,ap-south-1,production,139151824.27772266,0.35315533980582525,4.300000000000001,-1.6999999999999886,0.4622551928783383,0
2026-06-08T11:30:48.215012,63.3,93.5,7244.77,76.5,122792644.85378832,62211337.30318685,201.08,0,343,SRV002,api-server-01,ap-south-1,production,185003982.15697515,0.6698412698412698,34.199999999999996,12.099999999999994,0.5845348837209303,0
2026-06-08T11:18:45.282146,37.1,83.7,6871.71,72.4,92822694.68577687,47332550.21699531,115.19,0,340,SRV002,api-server-01,ap-south-1,production,140155244.9027722,0.4380165289256198,-26.199999999999996,-9.799999999999997,0.3378005865102639,0
2026-06-08T11:19:09.839761,28.6,87.7,7026.97,72.4,92961916.26706605,47494541.34913882,99.88,0,340,SRV001,web-server-01,ap-south-1,production,140456457.61620486,0.322435174746336,-8.5,4.0,0.2929032258064516,0
2026-06-08T11:32:54.164046,60.9,88.4,6766.25,73.5,123480375.50991987,64243281.08890415,139.18,0,345,SRV002,api-server-01,ap-south-1,production,187723656.59882402,0.6812080536912751,32.3,0.7000000000000028,0.4022543352601156,0
2026-06-08T11:15:33.388006,19.1,80.8,6648.07,73.4,92069120.78428826,46847596.51662676,194.4,0,338,SRV001,web-server-01,ap-south-1,production,138916717.300915,0.23349633251833743,-41.8,-7.6000000000000085,0.5734513274336284,0
2026-06-08T11:15:33.388006,27.1,83.8,6648.07,75.4,92069166.02959594,46847576.45314578,238.4,0,338,SRV001,web-server-01,ap-south-1,production,138916742.4827417,0.31957547169811323,8.0,3.0,0.7032448377581121,0
2026-06-08T11:31:34.311471,97.9,89.7,7422.15,72.5,123034107.83274929,62791365.01048561,65.0,0,343,SRV003,database-server-01,us-east-1,production,185825472.8432349,1.079382579933848,70.80000000000001,5.900000000000006,0.18895348837209303,1
2026-06-08T11:31:09.110406,67.4,95.9,7280.88,75.5,122891152.41037689,62493792.50843561,29.340000000000003,0,343,SRV002,api-server-01,ap-south-1,production,185384944.9188125,0.695562435500516,-30.5,6.200000000000003,0.08529069767441862,0
2026-06-08T11:18:45.282146,28.1,82.7,6871.71,75.4,92822674.08016823,47332509.03346743,160.19,0,340,SRV002,api-server-01,ap-south-1,production,140155183.11363566,0.33572281959378736,-39.300000000000004,-13.200000000000003,0.4697653958944282,0
2026-06-08T11:13:17.694905,12.5,94.5,7245.87,75.4,91115652.84315635,45982169.55569817,150.63,0,337,SRV004,cache-server-01,eu-west-1,staging,137097822.39885452,0.13089005235602094,-15.600000000000001,11.799999999999997,0.4456508875739645,0
2026-06-08T11:31:42.532883,100.9,79.0,6425.05,76.5,123100835.52292408,62875594.2671526,30.28,0,344,SRV005,worker-server-01,ap-south-1,development,185976429.79007667,1.26125,88.4,-15.5,0.08776811594202899,1
2026-06-08T11:16:22.837154,16.0,82.3,6762.44,75.4,92282439.20566264,46959788.39382183,184.64,0,336,SRV004,cache-server-01,eu-west-1,staging,139242227.59948447,0.19207683073229292,-84.9,3.299999999999997,0.5478931750741839,0
2026-06-08T11:32:03.675473,67.7,89.8,6726.21,76.5,123217811.37020794,63163768.911703855,169.41,0,344,SRV005,worker-server-01,ap-south-1,development,186381580.2819118,0.7455947136563877,51.7,7.5,0.4910434782608696,0
2026-06-08T11:16:53.647754,26.8,85.1,6746.95,74.4,92369664.73403946,47015570.14724103,104.63,0,336,SRV004,cache-server-01,eu-west-1,staging,139385234.88128048,0.3112659698025552,-40.900000000000006,-4.700000000000003,0.3104747774480712,0
2026-06-08T11:32:20.576921,57.7,90.3,6765.6,74.5,123305403.66642557,63529648.10535263,157.81,0,343,SRV004,cache-server-01,eu-west-1,staging,186835051.7717782,0.6319824753559694,30.900000000000002,5.200000000000003,0.45875,0
2026-06-08T11:30:39.833669,100.9,89.9,7283.15,76.5,122741380.3434498,62111477.80069804,84.87,0,343,SRV005,worker-server-01,ap-south-1,development,184852858.14414784,1.11001100110011,43.2,-0.3999999999999915,0.24671511627906978,1
2026-06-08T11:30:44.012491,57.8,94.6,7252.98,75.5,122762354.58460458,62172223.79791494,178.09,0,342,SRV001,web-server-01,ap-south-1,production,184934578.3825195,0.604602510460251,-43.10000000000001,4.699999999999989,0.5192128279883382,0
2026-06-08T11:33:19.371107,91.9,90.5,6774.47,72.5,123623152.82405761,64523025.308015496,95.16,0,344,SRV003,database-server-01,us-east-1,production,188146178.1320731,1.0043715846994536,34.10000000000001,-4.099999999999994,0.2758260869565217,1
2026-06-08T11:18:20.585453,33.1,85.7,6712.98,72.4,92721938.75217788,47255432.03551503,110.42,0,337,SRV003,database-server-01,us-east-1,production,139977370.7876929,0.3817762399077278,-58.800000000000004,-4.799999999999997,0.3266863905325444,0
2026-06-08T11:17:05.935258,15.0,82.4,6771.88,72.4,92435096.30630834,47048174.5267734,132.86,0,336,SRV001,web-server-01,ap-south-1,production,139483270.83308175,0.17985611510791366,-18.1,-3.299999999999997,0.39424332344213653,0
2026-06-08T11:15:14.831093,46.0,85.6,6943.11,76.4,91855876.80776015,46754085.57186602,67.51,0,338,SRV003,database-server-01,us-east-1,production,138609962.37962615,0.5311778290993072,31.0,3.1999999999999886,0.19914454277286137,0
2026-06-08T11:32:45.770343,76.0,83.4,6771.26,76.5,123441006.27248119,64052299.225943245,129.9,0,344,SRV005,worker-server-01,ap-south-1,development,187493305.49842444,0.9004739336492891,30.0,-2.1999999999999886,0.3765217391304348,0
2026-06-08T11:16:35.112017,39.7,86.6,6710.79,75.4,92318239.85171169,46982383.92402763,132.26999999999998,0,336,SRV001,web-server-01,ap-south-1,production,139300623.7757393,0.45319634703196354,-36.3,3.1999999999999886,0.3924925816023738,0
2026-06-08T11:31:38.415692,72.8,80.6,6629.71,73.5,123077285.84436543,62838071.1655674,14.560000000000002,0,343,SRV004,cache-server-01,eu-west-1,staging,185915357.00993282,0.8921568627450981,33.099999999999994,-6.0,0.042325581395348845,0
2026-06-08T11:13:48.422920,20.8,91.6,6944.96,72.4,91201723.07331878,46048766.962093934,85.78,0,336,SRV004,cache-server-01,eu-west-1,staging,137250490.03541273,0.224622030237581,-52.0,11.0,0.254540059347181,0
2026-06-08T11:19:28.479307,35.6,95.0,7051.77,76.4,93026853.8019768,47557735.23223703,181.71,0,340,SRV004,cache-server-01,eu-west-1,staging,140584589.03421384,0.37083333333333335,14.8,3.4000000000000057,0.5328739002932552,0
2026-06-08T11:30:39.833669,101.9,94.9,7283.15,76.5,122741358.84562032,62111465.53958143,83.87,0,343,SRV005,worker-server-01,ap-south-1,development,184852824.38520175,1.062565172054223,66.30000000000001,-0.09999999999999432,0.24380813953488373,1
2026-06-08T11:20:54.800941,26.6,99.4,7393.33,73.4,93381134.62845057,48119433.02735231,114.01,0,338,SRV003,database-server-01,us-east-1,production,141500567.65580288,0.2649402390438247,-75.30000000000001,4.5,0.3363126843657817,0
2026-06-08T11:33:19.371107,92.9,91.5,6774.47,74.5,123623173.21034227,64522958.45768134,154.16,0,344,SRV003,database-server-01,us-east-1,production,188146131.66802362,1.0043243243243243,66.30000000000001,-7.900000000000006,0.4468405797101449,1
2026-06-08T11:31:50.902397,68.0,84.1,6436.1,75.5,123154868.72365959,62951116.81351263,205.56,0,344,SRV002,api-server-01,ap-south-1,production,186105985.53717223,0.7990599294947122,-24.900000000000006,-7.400000000000006,0.5958260869565217,0
2026-06-08T11:31:59.294847,75.0,81.7,6560.95,74.5,123197040.1906769,63063176.5701142,183.82,0,344,SRV004,cache-server-01,eu-west-1,staging,186260216.7607911,0.9068923821039903,7.0,-2.3999999999999915,0.5328115942028986,0
2026-06-08T11:19:16.006900,23.6,89.7,7030.89,74.4,92981245.46024875,47509494.72182065,84.31,0,340,SRV002,api-server-01,ap-south-1,production,140490740.18206942,0.26019845644983464,-51.4,8.0,0.2472434017595308,0
2026-06-08T11:31:25.907382,44.6,91.6,7332.55,73.5,122971723.68516664,62677019.65971538,150.05,0,343,SRV001,web-server-01,ap-south-1,production,185648743.344882,0.48164146868250546,21.0,1.8999999999999915,0.4361918604651163,0
2026-06-08T11:31:00.806140,78.2,91.2,7301.48,74.5,122850772.30299026,62388763.71256111,78.34,0,345,SRV005,worker-server-01,ap-south-1,development,185239536.01555136,0.8481561822125814,33.6,-0.3999999999999915,0.22641618497109828,0
2026-06-08T11:17:24.385929,59.6,89.4,7005.46,74.4,92524123.471081,47104351.688268125,156.09,0,336,SRV004,cache-server-01,eu-west-1,staging,139628475.15934914,0.6592920353982301,-18.6,-1.7999999999999972,0.4631750741839763,0
2026-06-08T11:14:31.515623,41.7,94.6,7179.52,74.4,91428203.4389565,46520726.74276484,129.32,0,337,SRV001,web-server-01,ap-south-1,production,137948930.18172133,0.43619246861924693,-17.9,5.199999999999989,0.38260355029585796,0
2026-06-08T11:31:13.299427,82.2,97.3,7313.95,73.5,122914513.4617882,62570915.0700091,185.12,0,343,SRV003,database-server-01,us-east-1,production,185485428.5317973,0.8362156663275687,40.5,2.700000000000003,0.5381395348837209,0
2026-06-08T11:31:34.311471,91.9,96.7,7422.15,72.5,123034098.14051738,62791362.38433743,67.0,0,343,SRV003,database-server-01,us-east-1,production,185825460.5248548,0.940634595701126,9.700000000000003,-0.5999999999999943,0.19476744186046513,1
2026-06-08T11:32:41.567763,25.7,80.3,6684.21,75.5,123409148.86604618,63932649.727045946,168.97,0,344,SRV004,cache-server-01,eu-west-1,staging,187341798.5930921,0.3161131611316113,-66.2,-16.400000000000006,0.48976811594202896,0
2026-06-08T11:13:54.662803,11.6,85.0,6971.2,76.4,91218305.93884677,46067696.67529676,189.41,0,336,SRV005,worker-server-01,ap-south-1,development,137286002.61414352,0.13488372093023254,-14.1,4.700000000000003,0.5620474777448071,0
2026-06-08T11:31:38.415692,81.8,83.6,6629.71,72.5,123077298.43772987,62838028.15524899,46.56,0,343,SRV004,cache-server-01,eu-west-1,staging,185915326.59297886,0.9669030732860521,70.2,-1.4000000000000057,0.13534883720930233,0
2026-06-08T11:16:41.257898,29.6,86.5,6774.29,72.4,92336811.78904824,46994128.7819366,88.66,0,336,SRV002,api-server-01,ap-south-1,production,139330940.57098484,0.3382857142857143,-52.199999999999996,2.9000000000000057,0.2630860534124629,0
2026-06-08T11:14:25.371100,38.5,92.3,6997.93,75.4,91412013.4024438,46509650.28140301,186.01,0,337,SRV005,worker-server-01,ap-south-1,development,137921663.6838468,0.41264737406216506,8.899999999999999,5.799999999999997,0.5503254437869822,0
2026-06-08T11:15:08.686774,48.8,91.0,7284.44,73.4,91819821.22311509,46729656.585967414,74.22,0,338,SRV002,api-server-01,ap-south-1,production,138549477.8090825,0.5304347826086956,10.299999999999997,-1.2999999999999972,0.21893805309734513,0
2026-06-08T11:32:33.174907,54.5,89.3,6605.03,75.5,123365400.63379784,63773710.90256609,135.49,0,343,SRV002,api-server-01,ap-south-1,production,187139111.53636393,0.6035437430786268,5.700000000000003,-1.7000000000000028,0.39386627906976746,0
2026-06-08T11:19:34.620600,22.0,91.4,7003.91,75.4,93056158.12096976,47585574.80310063,104.31,0,339,SRV005,worker-server-01,ap-south-1,development,140641732.9240704,0.23809523809523808,-32.5,2.1000000000000085,0.30679411764705883,0
2026-06-08T11:32:49.966233,43.3,89.4,6767.8,74.5,123461936.57620552,64134543.44283805,182.49,0,344,SRV001,web-server-01,ap-south-1,production,187596480.01904356,0.4789823008849557,21.299999999999997,-2.0,0.5289565217391304,0
2026-06-08T11:30:56.609152,42.7,89.3,7229.7,73.5,122832041.5980004,62333187.24292294,133.84,0,343,SRV004,cache-server-01,eu-west-1,staging,185165228.84092334,0.47286821705426363,-0.5999999999999943,-0.10000000000000853,0.38906976744186045,0
2026-06-08T11:31:09.110406,71.4,95.9,7280.88,75.5,122891224.24549013,62493747.01041271,92.34,0,343,SRV002,api-server-01,ap-south-1,production,185384971.25590283,0.736842105263158,28.700000000000003,6.6000000000000085,0.2684302325581395,0
2026-06-08T11:20:24.098528,15.0,90.3,7312.16,76.4,93258265.26622592,47706194.243919864,83.44,0,337,SRV003,database-server-01,us-east-1,production,140964459.51014578,0.16429353778751368,-56.400000000000006,-5.6000000000000085,0.24686390532544378,0
2026-06-08T11:14:00.795334,56.3,94.6,7101.47,72.4,91239823.0541511,46199379.02494148,78.98,0,338,SRV001,web-server-01,ap-south-1,production,137439202.0790926,0.5889121338912134,41.3,4.299999999999997,0.23297935103244838,0
2026-06-08T11:32:28.975147,48.6,86.3,6765.18,74.5,123347438.03871396,63679719.74663039,114.22,0,343,SRV001,web-server-01,ap-south-1,production,187027157.78534436,0.5567010309278351,-7.699999999999996,-8.299999999999997,0.3320348837209302,0
2026-06-08T11:16:10.460365,27.1,84.4,6769.83,72.4,92224618.59008306,46927107.96780317,171.78,0,336,SRV002,api-server-01,ap-south-1,production,139151726.55788624,0.31733021077283374,-21.5,-1.8999999999999915,0.5097329376854599,0
