timestamp,cpu_usage_percent,memory_usage_percent,memory_used_mb,disk_usage_percent,bytes_sent,bytes_received,request_latency_ms,error_count,active_processes,server_id,server_name,region,environment,network_total,cpu_memory_ratio,cpu_change,memory_change,latency_per_process,anomaly
2026-06-08T11:12:59.149714,48.6,90.6,7100.05,74.4,91043804,45926142,147.91,0,335,SRV001,web-server-01,ap-south-1,production,136969946.0,0.5305676855895197,0.0,0.0,0.4402083333333333,1
2026-06-08T11:13:05.314616,26.4,91.0,7129.16,74.4,91071166,45946253,136.55,0,337,SRV002,api-server-01,ap-south-1,production,137017419.0,0.2869565217391304,-22.200000000000003,0.4000000000000057,0.4039940828402367,1
2026-06-08T11:13:11.540021,47.9,91.9,7200.05,74.4,91098973,45970633,170.59,0,337,SRV003,database-server-01,us-east-1,production,137069606.0,0.5156081808396125,21.5,0.9000000000000057,0.5047041420118343,1
2026-06-08T11:13:17.694905,9.5,92.5,7245.87,74.4,91115694,45982198,103.63,0,337,SRV004,cache-server-01,eu-west-1,staging,137097892.0,0.1016042780748663,-38.4,0.5999999999999943,0.3065976331360946,1
2026-06-08T11:13:23.850596,33.0,92.6,7257.01,74.4,91132833,45994622,129.45,0,338,SRV005,worker-server-01,ap-south-1,development,137127455.0,0.3525641025641026,23.5,0.0999999999999943,0.3818584070796459,1
2026-06-08T11:13:29.993599,24.8,88.0,6898.87,74.4,91152075,46006314,108.48,0,337,SRV001,web-server-01,ap-south-1,production,137158389.0,0.2786516853932584,-8.2,-4.599999999999994,0.3209467455621302,0
2026-06-08T11:13:36.117234,13.2,87.7,6874.81,74.4,91168862,46018511,96.06,0,336,SRV002,api-server-01,ap-south-1,production,137187373.0,0.1488162344983088,-11.6,-0.2999999999999971,0.2850445103857567,0
2026-06-08T11:13:42.280798,28.7,87.7,6872.73,74.4,91181185,46028794,119.4,0,336,SRV003,database-server-01,us-east-1,production,137209979.0,0.3235625704622322,15.5,0.0,0.3543026706231454,0
2026-06-08T11:13:48.422920,25.8,88.6,6944.96,74.4,91201761,46048808,106.78,0,336,SRV004,cache-server-01,eu-west-1,staging,137250569.0,0.2879464285714286,-2.8999999999999986,0.8999999999999915,0.3168545994065282,0
2026-06-08T11:13:54.662803,13.6,89.0,6971.2,74.4,91218270,46067689,202.41,0,336,SRV005,worker-server-01,ap-south-1,development,137285959.0,0.1511111111111111,-12.2,0.4000000000000057,0.6006231454005935,0
2026-06-08T11:14:00.795334,52.3,90.6,7101.47,74.4,91239788,46199425,90.98,0,338,SRV001,web-server-01,ap-south-1,production,137439213.0,0.5709606986899564,38.7,1.5999999999999943,0.2683775811209439,1
2026-06-08T11:14:06.934830,45.6,87.1,6823.69,74.4,91310075,46325200,124.7,0,337,SRV002,api-server-01,ap-south-1,production,137635275.0,0.5175936435868332,-6.699999999999996,-3.5,0.3689349112426036,0
2026-06-08T11:14:13.096646,68.8,89.2,6993.2,74.4,91362013,46478788,124.0,0,339,SRV003,database-server-01,us-east-1,production,137840801.0,0.7627494456762749,23.2,2.1000000000000085,0.3647058823529411,0
2026-06-08T11:14:19.203948,32.2,88.5,6932.37,74.4,91398989,46499361,78.44,0,337,SRV004,cache-server-01,eu-west-1,staging,137898350.0,0.3597765363128491,-36.6,-0.7000000000000028,0.2320710059171597,0
2026-06-08T11:14:25.371100,34.5,89.3,6997.93,74.4,91412052,46509678,137.01,0,337,SRV005,worker-server-01,ap-south-1,development,137921730.0,0.3820598006644518,2.299999999999997,0.7999999999999972,0.4053550295857988,0
2026-06-08T11:14:31.515623,43.7,91.6,7179.52,74.4,91428205,46520735,102.32,0,337,SRV001,web-server-01,ap-south-1,production,137948940.0,0.4719222462203024,9.200000000000005,2.299999999999997,0.3027218934911242,1
2026-06-08T11:14:37.650710,17.6,90.8,7117.37,74.4,91443684,46531894,105.38,0,336,SRV002,api-server-01,ap-south-1,production,137975578.0,0.1917211328976035,-26.1,-0.7999999999999972,0.312700296735905,1
2026-06-08T11:14:43.803217,30.7,91.5,7166.46,74.4,91480323,46551568,122.22,0,336,SRV003,database-server-01,us-east-1,production,138031891.0,0.3318918918918919,13.099999999999998,0.7000000000000028,0.3626706231454006,1
2026-06-08T11:14:50.020526,62.3,91.6,7178.71,74.4,91535975,46573727,111.33,0,336,SRV004,cache-server-01,eu-west-1,staging,138109702.0,0.6727861771058316,31.6,0.0999999999999943,0.3303560830860534,1
2026-06-08T11:14:56.193454,35.4,90.4,7080.66,74.4,91710325,46684108,117.15,0,336,SRV005,worker-server-01,ap-south-1,development,138394433.0,0.387308533916849,-26.9,-1.1999999999999886,0.3476261127596439,1
2026-06-08T11:15:02.542413,82.0,90.8,7115.2,74.4,91766263,46707296,100.35,0,338,SRV001,web-server-01,ap-south-1,production,138473559.0,0.8932461873638344,46.6,0.3999999999999915,0.2960176991150442,1
2026-06-08T11:15:08.686774,53.8,93.0,7284.44,74.4,91819835,46729666,113.22,0,338,SRV002,api-server-01,ap-south-1,production,138549501.0,0.5723404255319149,-28.200000000000003,2.200000000000003,0.3339823008849557,1
2026-06-08T11:15:14.831093,43.0,88.6,6943.11,74.4,91855901,46754100,106.51,0,338,SRV003,database-server-01,us-east-1,production,138610001.0,0.4799107142857143,-10.799999999999995,-4.400000000000006,0.314188790560472,0
2026-06-08T11:15:20.974637,27.2,84.2,6594.36,74.4,92011208,46820800,110.81,0,338,SRV004,cache-server-01,eu-west-1,staging,138832008.0,0.3192488262910798,-15.8,-4.399999999999992,0.3268731563421829,0
2026-06-08T11:15:27.144054,30.1,84.5,6624.39,74.4,92050410,46835498,141.2,0,338,SRV005,worker-server-01,ap-south-1,development,138885908.0,0.352046783625731,2.900000000000002,0.2999999999999971,0.4165191740412979,0
2026-06-08T11:15:33.388006,24.1,84.8,6648.07,74.4,92069122,46847578,197.4,0,338,SRV001,web-server-01,ap-south-1,production,138916700.0,0.2808857808857809,-6.0,0.2999999999999971,0.5823008849557523,0
2026-06-08T11:15:39.510036,43.0,85.4,6691.67,74.4,92096755,46861913,87.54,0,338,SRV002,api-server-01,ap-south-1,production,138958668.0,0.4976851851851852,18.9,0.6000000000000085,0.2582300884955752,0
2026-06-08T11:15:45.664174,21.1,85.5,6697.25,74.4,92114735,46873976,122.21,0,338,SRV003,database-server-01,us-east-1,production,138988711.0,0.2439306358381503,-21.9,0.0999999999999943,0.3605014749262537,0
2026-06-08T11:15:51.919492,30.5,86.0,6734.82,74.4,92138355,46886226,217.94,0,338,SRV004,cache-server-01,eu-west-1,staging,139024581.0,0.3505747126436782,9.4,0.5,0.6428908554572271,0
2026-06-08T11:15:58.145405,19.5,86.7,6790.75,74.4,92181695,46902466,182.86,0,338,SRV005,worker-server-01,ap-south-1,development,139084161.0,0.2223489167616875,-11.0,0.7000000000000028,0.5394100294985251,0
2026-06-08T11:16:04.289775,35.7,86.1,6744.16,74.4,92199403,46914079,113.11,0,336,SRV001,web-server-01,ap-south-1,production,139113482.0,0.4098737083811711,16.200000000000003,-0.6000000000000085,0.3356379821958457,0
2026-06-08T11:16:10.460365,27.1,86.4,6769.83,74.4,92224651,46927105,138.78,0,336,SRV002,api-server-01,ap-south-1,production,139151756.0,0.3100686498855835,-8.600000000000001,0.3000000000000113,0.4118100890207715,0
2026-06-08T11:16:16.602199,22.4,86.5,6777.17,74.4,92267654,46944309,92.35,0,336,SRV003,database-server-01,us-east-1,production,139211963.0,0.256,-4.700000000000003,0.0999999999999943,0.2740356083086053,0
2026-06-08T11:16:22.837154,16.0,86.3,6762.44,74.4,92282454,46959767,200.64,0,336,SRV004,cache-server-01,eu-west-1,staging,139242221.0,0.1832760595647193,-6.399999999999999,-0.2000000000000028,0.5953709198813056,0
2026-06-08T11:16:28.992223,22.3,86.4,6769.2,74.4,92300417,46971160,122.62,0,336,SRV005,worker-server-01,ap-south-1,development,139271577.0,0.2551487414187643,6.300000000000001,0.1000000000000085,0.3638575667655786,0
2026-06-08T11:16:35.112017,36.7,85.6,6710.79,74.4,92318275,46982427,83.27,0,336,SRV001,web-server-01,ap-south-1,production,139300702.0,0.4237875288683603,14.400000000000002,-0.8000000000000114,0.2470919881305638,0
2026-06-08T11:16:41.257898,31.6,86.5,6774.29,74.4,92336825,46994096,117.66,0,336,SRV002,api-server-01,ap-south-1,production,139330921.0,0.3611428571428571,-5.100000000000001,0.9000000000000057,0.3491394658753709,0
2026-06-08T11:16:47.504036,12.7,86.2,6752.13,74.4,92354975,47005463,199.93,0,336,SRV003,database-server-01,us-east-1,production,139360438.0,0.1456422018348623,-18.9,-0.2999999999999971,0.5932640949554896,0
2026-06-08T11:16:53.647754,23.8,86.1,6746.95,74.4,92369699,47015525,115.63,0,336,SRV004,cache-server-01,eu-west-1,staging,139385224.0,0.2732491389207807,11.1,-0.1000000000000085,0.3431157270029673,0
2026-06-08T11:16:59.791192,19.4,86.2,6751.6,74.4,92389506,47027987,119.21,0,336,SRV005,worker-server-01,ap-south-1,development,139417493.0,0.2224770642201834,-4.400000000000002,0.1000000000000085,0.3537388724035608,0
2026-06-08T11:17:05.935258,10.0,86.4,6771.88,74.4,92435082,47048159,97.86,0,336,SRV001,web-server-01,ap-south-1,production,139483241.0,0.11441647597254,-9.4,0.2000000000000028,0.2903857566765578,0
2026-06-08T11:17:12.079570,18.9,84.1,6592.82,74.4,92463626,47059812,120.37,0,336,SRV002,api-server-01,ap-south-1,production,139523438.0,0.2220916568742655,8.899999999999999,-2.300000000000012,0.3571810089020771,0
2026-06-08T11:17:18.223309,15.5,84.4,6615.88,74.4,92502200,47075516,116.07,0,335,SRV003,database-server-01,us-east-1,production,139577716.0,0.1814988290398126,-3.3999999999999986,0.3000000000000113,0.3454464285714285,0
2026-06-08T11:17:24.385929,55.6,89.4,7005.46,74.4,92524129,47104396,133.09,0,336,SRV004,cache-server-01,eu-west-1,staging,139628525.0,0.6150442477876106,40.1,5.0,0.3949258160237389,0
2026-06-08T11:17:31.333238,14.1,89.1,6980.7,74.4,92548569,47123637,914.95,0,337,SRV005,worker-server-01,ap-south-1,development,139672206.0,0.1564927857935627,-41.5,-0.3000000000000113,2.7069526627218936,0
2026-06-08T11:17:37.474660,28.0,89.5,7014.91,74.4,92582628,47155186,102.45,0,337,SRV001,web-server-01,ap-south-1,production,139737814.0,0.3093922651933701,13.9,0.4000000000000057,0.3031065088757396,0
2026-06-08T11:17:43.618923,15.9,89.4,7005.16,74.4,92603901,47171633,109.59,0,338,SRV002,api-server-01,ap-south-1,production,139775534.0,0.1758849557522123,-12.1,-0.0999999999999943,0.3232743362831858,0
2026-06-08T11:17:49.762560,11.9,89.9,7048.01,74.4,92623122,47183412,107.32,0,338,SRV003,database-server-01,us-east-1,production,139806534.0,0.1309130913091309,-4.0,0.5,0.3165781710914454,0
2026-06-08T11:17:55.907061,18.3,90.0,7054.89,74.4,92640227,47199373,108.57,0,338,SRV004,cache-server-01,eu-west-1,staging,139839600.0,0.2010989010989011,6.4,0.0999999999999943,0.3202654867256637,0
2026-06-08T11:18:02.152872,6.5,88.9,6966.63,74.4,92659485,47210974,205.53,0,338,SRV005,worker-server-01,ap-south-1,development,139870459.0,0.0723025583982202,-11.8,-1.0999999999999943,0.606283185840708,0
2026-06-08T11:18:08.298829,17.0,88.2,6913.36,74.4,92686497,47231295,100.68,0,337,SRV001,web-server-01,ap-south-1,production,139917792.0,0.1905829596412556,10.5,-0.7000000000000028,0.2978698224852071,0
2026-06-08T11:18:14.441285,8.8,88.9,6963.88,74.4,92702808,47244587,101.36,0,337,SRV002,api-server-01,ap-south-1,production,139947395.0,0.0978865406006674,-8.2,0.7000000000000028,0.2998816568047337,0
2026-06-08T11:18:20.585453,35.1,85.7,6712.98,74.4,92721960,47255427,113.42,0,337,SRV003,database-server-01,us-east-1,production,139977387.0,0.4048442906574394,26.3,-3.200000000000003,0.3355621301775148,0
2026-06-08T11:18:26.729159,17.2,85.6,6708.41,74.4,92742447,47266662,99.99,0,337,SRV004,cache-server-01,eu-west-1,staging,140009109.0,0.1986143187066974,-17.900000000000002,-0.1000000000000085,0.2958284023668638,0
2026-06-08T11:18:32.975711,17.1,87.1,6827.21,74.4,92782931,47297903,203.74,0,340,SRV005,worker-server-01,ap-south-1,development,140080834.0,0.1940976163450624,-0.0999999999999978,1.5,0.5974780058651027,0
2026-06-08T11:18:39.120576,39.3,87.5,6855.0,74.4,92805699,47321315,113.83,0,342,SRV001,web-server-01,ap-south-1,production,140127014.0,0.4440677966101695,22.2,0.4000000000000057,0.331865889212828,0
2026-06-08T11:18:45.282146,32.1,87.7,6871.71,74.4,92822712,47332528,124.19,0,340,SRV002,api-server-01,ap-south-1,production,140155240.0,0.3618940248027057,-7.199999999999996,0.2000000000000028,0.3641935483870968,0
2026-06-08T11:18:51.408384,16.9,87.9,6889.67,74.4,92847790,47350793,97.71,0,340,SRV003,database-server-01,us-east-1,production,140198583.0,0.1901012373453318,-15.200000000000005,0.2000000000000028,0.2865395894428152,0
2026-06-08T11:18:57.564095,40.9,89.1,6979.52,74.4,92876622,47375778,108.62,0,340,SRV004,cache-server-01,eu-west-1,staging,140252400.0,0.4539400665926748,24.0,1.1999999999999886,0.3185337243401759,0
2026-06-08T11:19:03.695792,18.6,89.1,6977.82,74.4,92903185,47472636,91.91,0,340,SRV005,worker-server-01,ap-south-1,development,140375821.0,0.2064372918978912,-22.3,0.0,0.2695307917888563,0
2026-06-08T11:19:09.839761,33.6,89.7,7026.97,74.4,92961957,47494540,108.88,0,340,SRV001,web-server-01,ap-south-1,production,140456497.0,0.37045203969129,15.0,0.6000000000000085,0.3192961876832844,0
2026-06-08T11:19:16.006900,19.6,89.7,7030.89,74.4,92981258,47509532,126.31,0,340,SRV002,api-server-01,ap-south-1,production,140490790.0,0.2160970231532525,-14.0,0.0,0.3704105571847507,0
2026-06-08T11:19:22.263984,11.5,89.9,7041.53,74.4,93009124,47546089,220.92,0,340,SRV003,database-server-01,us-east-1,production,140555213.0,0.1265126512651265,-8.100000000000001,0.2000000000000028,0.6478592375366569,0
2026-06-08T11:19:28.479307,35.6,90.0,7051.77,74.4,93026812,47557716,170.71,0,340,SRV004,cache-server-01,eu-west-1,staging,140584528.0,0.3912087912087912,24.1,0.0999999999999943,0.5006158357771261,0
2026-06-08T11:19:34.620600,26.0,89.4,7003.91,74.4,93056139,47585621,100.31,0,339,SRV005,worker-server-01,ap-south-1,development,140641760.0,0.2876106194690265,-9.6,-0.5999999999999943,0.2950294117647059,0
2026-06-08T11:19:40.789986,23.9,89.7,7030.91,74.4,93076684,47597455,140.35,0,339,SRV001,web-server-01,ap-south-1,production,140674139.0,0.2635060639470782,-2.1000000000000014,0.2999999999999971,0.4127941176470588,0
2026-06-08T11:19:47.035267,38.2,89.8,7034.85,74.4,93098837,47614060,202.01,0,339,SRV002,api-server-01,ap-south-1,production,140712897.0,0.420704845814978,14.300000000000004,0.0999999999999943,0.5941470588235294,0
2026-06-08T11:19:53.257765,41.9,89.8,7038.45,74.4,93136085,47629083,149.86,0,339,SRV003,database-server-01,us-east-1,production,140765168.0,0.461453744493392,3.699999999999996,0.0,0.440764705882353,0
2026-06-08T11:19:59.504498,42.9,92.6,7257.89,74.4,93162595,47647329,197.47,0,339,SRV004,cache-server-01,eu-west-1,staging,140809924.0,0.4583333333333333,1.0,2.799999999999997,0.5807941176470588,1
2026-06-08T11:20:05.649186,23.6,92.6,7258.12,74.4,93184863,47661539,98.7,0,337,SRV005,worker-server-01,ap-south-1,development,140846402.0,0.2521367521367522,-19.3,0.0,0.2920118343195266,1
2026-06-08T11:20:11.792144,9.5,92.7,7266.76,74.4,93214699,47681568,111.08,0,337,SRV001,web-server-01,ap-south-1,production,140896267.0,0.1013874066168623,-14.1,0.1000000000000085,0.3286390532544379,1
2026-06-08T11:20:17.947455,14.6,93.1,7296.84,74.4,93232627,47692382,109.12,0,337,SRV002,api-server-01,ap-south-1,production,140925009.0,0.155154091392136,5.1,0.3999999999999915,0.3228402366863905,1
2026-06-08T11:20:24.098528,16.0,93.3,7312.16,74.4,93258296,47706231,127.44,0,337,SRV003,database-server-01,us-east-1,production,140964527.0,0.1696712619300106,1.4000000000000004,0.2000000000000028,0.3770414201183432,1
2026-06-08T11:20:30.224148,33.3,93.4,7315.95,74.4,93277671,47718867,96.2,0,338,SRV004,cache-server-01,eu-west-1,staging,140996538.0,0.3527542372881355,17.299999999999997,0.1000000000000085,0.2837758112094395,1
2026-06-08T11:20:36.368160,32.0,93.8,7352.41,74.4,93299560,47731010,120.52,0,337,SRV005,worker-server-01,ap-south-1,development,141030570.0,0.3375527426160337,-1.2999999999999972,0.3999999999999915,0.3565680473372781,1
2026-06-08T11:20:42.524038,32.4,93.8,7345.92,74.4,93331911,48084154,134.46,0,337,SRV001,web-server-01,ap-south-1,production,141416065.0,0.3417721518987341,0.3999999999999986,0.0,0.397810650887574,1
2026-06-08T11:20:48.656903,17.2,93.8,7352.82,74.4,93357570,48102662,89.49,0,338,SRV002,api-server-01,ap-south-1,production,141460232.0,0.1814345991561181,-15.2,0.0,0.2639823008849557,1
2026-06-08T11:20:54.800941,24.6,94.4,7393.33,74.4,93381171,48119443,111.01,0,338,SRV003,database-server-01,us-east-1,production,141500614.0,0.2578616352201258,7.400000000000002,0.6000000000000085,0.3274631268436578,1
2026-06-08T11:30:35.647864,46.0,93.0,7285.31,74.5,122713138,62063674,87.35,0,342,SRV004,cache-server-01,eu-west-1,staging,184776812.0,0.4893617021276595,21.4,-1.4000000000000057,0.2546647230320699,1
2026-06-08T11:30:39.833669,98.9,92.9,7283.15,74.5,122741354,62111451,91.87,0,343,SRV005,worker-server-01,ap-south-1,development,184852805.0,1.053248136315229,52.900000000000006,-0.0999999999999943,0.2670639534883721,1
2026-06-08T11:30:44.012491,53.8,92.6,7252.98,74.5,122762316,62172183,158.09,0,342,SRV001,web-server-01,ap-south-1,production,184934499.0,0.5747863247863247,-45.10000000000001,-0.3000000000000113,0.4609037900874635,1
2026-06-08T11:30:48.215012,64.3,92.5,7244.77,74.5,122792602,62211313,162.08,0,343,SRV002,api-server-01,ap-south-1,production,185003915.0,0.6877005347593582,10.5,-0.0999999999999943,0.4711627906976744,1
2026-06-08T11:30:52.409914,71.3,92.5,7246.98,74.5,122810789,62233168,158.48,0,343,SRV003,database-server-01,us-east-1,production,185043957.0,0.7625668449197861,7.0,0.0,0.4606976744186046,1
2026-06-08T11:30:56.609152,41.7,92.3,7229.7,74.5,122832024,62333146,163.84,0,343,SRV004,cache-server-01,eu-west-1,staging,185165170.0,0.4469453376205788,-29.599999999999994,-0.2000000000000028,0.4762790697674419,1
2026-06-08T11:31:00.806140,80.2,93.2,7301.48,74.5,122850757,62388746,110.34,0,345,SRV005,worker-server-01,ap-south-1,development,185239503.0,0.851380042462845,38.5,0.9000000000000057,0.3189017341040462,1
2026-06-08T11:31:05.004439,39.3,92.9,7280.51,74.5,122867986,62432082,157.84,0,343,SRV001,web-server-01,ap-south-1,production,185300068.0,0.4185303514376996,-40.900000000000006,-0.2999999999999971,0.4588372093023256,1
2026-06-08T11:31:09.110406,68.4,92.9,7280.88,74.5,122891188,62493768,78.34,0,343,SRV002,api-server-01,ap-south-1,production,185384956.0,0.7284345047923323,29.10000000000001,0.0,0.2277325581395348,1
2026-06-08T11:31:13.299427,86.2,93.3,7313.95,74.5,122914542,62570882,163.12,0,343,SRV003,database-server-01,us-east-1,production,185485424.0,0.914103923647932,17.799999999999997,0.3999999999999915,0.4741860465116279,1
2026-06-08T11:31:17.520297,67.0,93.5,7322.6,74.5,122930747,62632755,114.68,0,343,SRV004,cache-server-01,eu-west-1,staging,185563502.0,0.708994708994709,-19.200000000000003,0.2000000000000028,0.3333720930232558,1
2026-06-08T11:31:21.696076,71.9,93.5,7322.62,74.5,122950936,62658302,144.48,0,343,SRV005,worker-server-01,ap-south-1,development,185609238.0,0.7608465608465609,4.900000000000006,0.0,0.42,1
2026-06-08T11:31:25.907382,41.6,93.6,7332.55,74.5,122971678,62676994,180.05,0,343,SRV001,web-server-01,ap-south-1,production,185648672.0,0.4397463002114165,-30.300000000000004,0.0999999999999943,0.5234011627906977,1
2026-06-08T11:31:30.217958,50.2,93.6,7332.95,74.5,122987424,62700565,172.29,0,343,SRV002,api-server-01,ap-south-1,production,185687989.0,0.5306553911205074,8.600000000000001,0.0,0.500843023255814,1
2026-06-08T11:31:34.311471,92.9,94.7,7422.15,74.5,123034136,62791362,67.0,0,343,SRV003,database-server-01,us-east-1,production,185825498.0,0.9707419017763844,42.7,1.1000000000000083,0.1947674418604651,1
2026-06-08T11:31:38.415692,76.8,84.6,6629.71,74.5,123077280,62838072,60.56,0,343,SRV004,cache-server-01,eu-west-1,staging,185915352.0,0.897196261682243,-16.10000000000001,-10.100000000000009,0.176046511627907,0
2026-06-08T11:31:42.532883,96.9,82.0,6425.05,74.5,123100787,62875623,57.28,0,344,SRV005,worker-server-01,ap-south-1,development,185976410.0,1.1674698795180725,20.10000000000001,-2.5999999999999943,0.1660289855072463,1
2026-06-08T11:31:46.682829,40.5,82.0,6422.06,74.5,123134035,62924234,107.7,0,344,SRV001,web-server-01,ap-south-1,production,186058269.0,0.4879518072289157,-56.400000000000006,0.0,0.3121739130434782,0
2026-06-08T11:31:50.902397,68.0,82.1,6436.1,74.5,123154879,62951134,189.56,0,344,SRV002,api-server-01,ap-south-1,production,186106013.0,0.8182912154031288,27.5,0.0999999999999943,0.5494492753623188,0
2026-06-08T11:31:55.088538,96.7,87.7,6872.24,74.5,123178364,62977072,121.51,0,344,SRV003,database-server-01,us-east-1,production,186155436.0,1.0901916572717023,28.700000000000003,5.6000000000000085,0.3522028985507247,1
2026-06-08T11:31:59.294847,77.0,83.7,6560.95,74.5,123197071,63063170,177.82,0,344,SRV004,cache-server-01,eu-west-1,staging,186260241.0,0.9090909090909092,-19.700000000000003,-4.0,0.5154202898550725,0
2026-06-08T11:32:03.675473,66.7,85.8,6726.21,74.5,123217811,63163739,130.41,0,344,SRV005,worker-server-01,ap-south-1,development,186381550.0,0.7684331797235023,-10.299999999999995,2.0999999999999943,0.378,0
2026-06-08T11:32:07.899937,53.8,86.0,6741.8,74.5,123243255,63241537,189.29,0,344,SRV001,web-server-01,ap-south-1,production,186484792.0,0.6183908045977011,-12.900000000000006,0.2000000000000028,0.5486666666666666,0
2026-06-08T11:32:12.077588,51.7,85.1,6665.66,74.5,123260520,63352172,154.57,0,344,SRV002,api-server-01,ap-south-1,production,186612692.0,0.6004645760743322,-2.0999999999999943,-0.9000000000000057,0.4480289855072463,0
2026-06-08T11:32:16.388014,88.5,86.2,6757.16,74.5,123285575,63494984,162.12,0,343,SRV003,database-server-01,us-east-1,production,186780559.0,1.014908256880734,36.8,1.1000000000000083,0.4712790697674419,0
2026-06-08T11:32:20.576921,52.7,86.3,6765.6,74.5,123305354,63529661,153.81,0,343,SRV004,cache-server-01,eu-west-1,staging,186835015.0,0.6036655211912945,-35.8,0.0999999999999943,0.4471220930232558,0
2026-06-08T11:32:24.800675,61.4,86.3,6765.98,74.5,123324938,63583381,161.43,0,343,SRV005,worker-server-01,ap-south-1,development,186908319.0,0.7033218785796106,8.699999999999996,0.0,0.4692732558139535,0
2026-06-08T11:32:28.975147,45.6,86.3,6765.18,74.5,123347407,63679753,126.22,0,343,SRV001,web-server-01,ap-south-1,production,187027160.0,0.5223367697594502,-15.799999999999995,0.0,0.3669186046511627,0
2026-06-08T11:32:33.174907,55.5,84.3,6605.03,74.5,123365416,63773682,163.49,0,343,SRV002,api-server-01,ap-south-1,production,187139098.0,0.6506447831184057,9.9,-2.0,0.4752616279069768,0
2026-06-08T11:32:37.370048,90.3,84.7,6637.72,74.5,123391873,63894318,96.56,0,343,SRV003,database-server-01,us-east-1,production,187286191.0,1.0536756126021003,34.8,0.4000000000000057,0.2806976744186046,1
2026-06-08T11:32:41.567763,22.7,85.3,6684.21,74.5,123409099,63932696,143.97,0,344,SRV004,cache-server-01,eu-west-1,staging,187341795.0,0.2630359212050985,-67.6,0.5999999999999943,0.4173043478260869,0
2026-06-08T11:32:45.770343,77.0,86.4,6771.26,74.5,123441047,64052264,103.9,0,344,SRV005,worker-server-01,ap-south-1,development,187493311.0,0.8810068649885583,54.3,1.1000000000000083,0.3011594202898551,0
2026-06-08T11:32:49.966233,47.3,86.4,6767.8,74.5,123461918,64134536,157.49,0,344,SRV001,web-server-01,ap-south-1,production,187596454.0,0.5411899313501144,-29.700000000000003,0.0,0.4564927536231884,0
2026-06-08T11:32:54.164046,58.9,86.4,6766.25,74.5,123480415,64243303,158.18,0,345,SRV002,api-server-01,ap-south-1,production,187723718.0,0.6739130434782609,11.6,0.0,0.4571676300578035,0
2026-06-08T11:32:58.362077,95.0,85.6,6708.72,74.5,123512584,64323053,166.94,0,344,SRV003,database-server-01,us-east-1,production,187835637.0,1.0969976905311778,36.1,-0.8000000000000114,0.4838840579710144,1
2026-06-08T11:33:02.565085,26.0,86.0,6738.93,74.5,123530867,64397800,136.53,0,344,SRV004,cache-server-01,eu-west-1,staging,187928667.0,0.2988505747126437,-69.0,0.4000000000000057,0.3957391304347826,0
2026-06-08T11:33:06.704177,76.5,86.3,6759.52,74.5,123558923,64442561,89.35,0,344,SRV005,worker-server-01,ap-south-1,development,188001484.0,0.8762886597938144,50.5,0.2999999999999971,0.2589855072463768,0
2026-06-08T11:33:10.974811,74.6,86.4,6767.39,74.5,123576736,64454808,230.11,0,344,SRV001,web-server-01,ap-south-1,production,188031544.0,0.8535469107551487,-1.9000000000000057,0.1000000000000085,0.6669855072463768,0
2026-06-08T11:33:15.173880,44.8,86.1,6748.42,74.5,123596304,64482183,174.88,0,344,SRV002,api-server-01,ap-south-1,production,188078487.0,0.5143513203214696,-29.8,-0.3000000000000113,0.5068985507246376,0
2026-06-08T11:33:19.371107,90.9,86.5,6774.47,74.5,123623178,64522985,137.16,0,344,SRV003,database-server-01,us-east-1,production,188146163.0,1.038857142857143,46.10000000000001,0.4000000000000057,0.3975652173913043,1
2026-06-08T11:33:23.564465,29.9,86.6,6783.65,74.5,123649803,64554328,153.52,0,344,SRV004,cache-server-01,eu-west-1,staging,188204131.0,0.341324200913242,-61.00000000000001,0.0999999999999943,0.4449855072463768,0
2026-06-08T11:17:49.762560,16.9,85.9,7048.01,74.4,92623122,47183412,107.32,0,338,SRV003,database-server-01,us-east-1,production,139806534.34086424,0.1309130913091309,-4.0,0.5,0.3165781710914454,0
2026-06-08T11:16:28.992223,26.3,89.4,6769.2,74.4,92300417,46971160,122.62,0,336,SRV005,worker-server-01,ap-south-1,development,139271575.21099925,0.2551487414187643,6.300000000000001,0.1000000000000085,0.3638575667655786,0
2026-06-08T11:31:17.520297,60.0,89.5,7322.6,74.5,122930747,62632755,114.68,0,343,SRV004,cache-server-01,eu-west-1,staging,185563502.19811717,0.708994708994709,-19.200000000000003,0.2000000000000028,0.3333720930232558,1
2026-06-08T11:13:29.993599,18.8,89.0,6898.87,74.4,91152075,46006314,108.48,0,337,SRV001,web-server-01,ap-south-1,production,137158390.24982733,0.2786516853932584,-8.2,-4.599999999999994,0.3209467455621302,0
2026-06-08T11:18:57.564095,45.9,93.1,6979.52,74.4,92876622,47375778,108.62,0,340,SRV004,cache-server-01,eu-west-1,staging,140252399.30165744,0.4539400665926748,24.0,1.1999999999999886,0.3185337243401759,0
2026-06-08T11:17:12.079570,24.9,80.1,6592.82,74.4,92463626,47059812,120.37,0,336,SRV002,api-server-01,ap-south-1,production,139523437.5655542,0.2220916568742655,8.899999999999999,-2.300000000000012,0.3571810089020771,0
2026-06-08T11:32:58.362077,88.0,86.6,6708.72,74.5,123512584,64323053,166.94,0,344,SRV003,database-server-01,us-east-1,production,187835638.1302821,1.0969976905311778,36.1,-0.8000000000000114,0.4838840579710144,1
2026-06-08T11:20:24.098528,6.0,89.3,7312.16,74.4,93258296,47706231,127.44,0,337,SRV003,database-server-01,us-east-1,production,140964527.7508749,0.1696712619300106,1.4000000000000004,0.2000000000000028,0.3770414201183432,1
2026-06-08T11:20:48.656903,24.2,92.8,7352.82,74.4,93357570,48102662,89.49,0,338,SRV002,api-server-01,ap-south-1,production,141460231.04539865,0.1814345991561181,-15.2,0.0,0.2639823008849557,1
2026-06-08T11:19:22.263984,20.5,88.9,7041.53,74.4,93009124,47546089,220.92,0,340,SRV003,database-server-01,us-east-1,production,140555212.69392464,0.1265126512651265,-8.100000000000001,0.2000000000000028,0.6478592375366569,0
2026-06-08T11:16:35.112017,42.7,89.6,6710.79,74.4,92318275,46982427,83.27,0,336,SRV001,web-server-01,ap-south-1,production,139300700.87696138,0.4237875288683603,14.400000000000002,-0.8000000000000114,0.2470919881305638,0
2026-06-08T11:31:42.532883,102.9,85.0,6425.05,74.5,123100787,62875623,57.28,0,344,SRV005,worker-server-01,ap-south-1,development,185976408.15573677,1.1674698795180725,20.10000000000001,-2.5999999999999943,0.1660289855072463,1
2026-06-08T11:14:00.795334,49.3,87.6,7101.47,74.4,91239788,46199425,90.98,0,338,SRV001,web-server-01,ap-south-1,production,137439212.56136248,0.5709606986899564,38.7,1.5999999999999943,0.2683775811209439,1
2026-06-08T11:32:16.388014,90.5,81.2,6757.16,74.5,123285575,63494984,162.12,0,343,SRV003,database-server-01,us-east-1,production,186780558.19843504,1.014908256880734,36.8,1.1000000000000083,0.4712790697674419,0
2026-06-08T11:19:59.504498,39.9,95.6,7257.89,74.4,93162595,47647329,197.47,0,339,SRV004,cache-server-01,eu-west-1,staging,140809923.69835162,0.4583333333333333,1.0,2.799999999999997,0.5807941176470588,1
2026-06-08T11:18:57.564095,49.9,88.1,6979.52,74.4,92876622,47375778,108.62,0,340,SRV004,cache-server-01,eu-west-1,staging,140252399.3140041,0.4539400665926748,24.0,1.1999999999999886,0.3185337243401759,0
2026-06-08T11:18:39.120576,31.299999999999997,86.5,6855.0,74.4,92805699,47321315,113.83,0,342,SRV001,web-server-01,ap-south-1,production,140127015.7852983,0.4440677966101695,22.2,0.4000000000000057,0.331865889212828,0
2026-06-08T11:14:56.193454,40.4,89.4,7080.66,74.4,91710325,46684108,117.15,0,336,SRV005,worker-server-01,ap-south-1,development,138394434.2424336,0.387308533916849,-26.9,-1.1999999999999886,0.3476261127596439,1
2026-06-08T11:13:29.993599,32.8,92.0,6898.87,74.4,91152075,46006314,108.48,0,337,SRV001,web-server-01,ap-south-1,production,137158387.43739566,0.2786516853932584,-8.2,-4.599999999999994,0.3209467455621302,0
2026-06-08T11:18:14.441285,16.8,91.9,6963.88,74.4,92702808,47244587,101.36,0,337,SRV002,api-server-01,ap-south-1,production,139947396.1522231,0.0978865406006674,-8.2,0.7000000000000028,0.2998816568047337,0
2026-06-08T11:30:48.215012,62.3,92.5,7244.77,74.5,122792602,62211313,162.08,0,343,SRV002,api-server-01,ap-south-1,production,185003914.6410033,0.6877005347593582,10.5,-0.0999999999999943,0.4711627906976744,1
2026-06-08T11:20:48.656903,26.2,88.8,7352.82,74.4,93357570,48102662,89.49,0,338,SRV002,api-server-01,ap-south-1,production,141460230.9216742,0.1814345991561181,-15.2,0.0,0.2639823008849557,1
2026-06-08T11:20:42.524038,25.4,95.8,7345.92,74.4,93331911,48084154,134.46,0,337,SRV001,web-server-01,ap-south-1,production,141416064.90334043,0.3417721518987341,0.3999999999999986,0.0,0.397810650887574,1
2026-06-08T11:17:31.333238,15.1,85.1,6980.7,74.4,92548569,47123637,914.95,0,337,SRV005,worker-server-01,ap-south-1,development,139672207.27356985,0.1564927857935627,-41.5,-0.3000000000000113,2.7069526627218936,0
2026-06-08T11:12:59.149714,56.6,86.6,7100.05,74.4,91043804,45926142,147.91,0,335,SRV001,web-server-01,ap-south-1,production,136969947.14736354,0.5305676855895197,0.0,0.0,0.4402083333333333,1
2026-06-08T11:31:17.520297,59.0,88.5,7322.6,74.5,122930747,62632755,114.68,0,343,SRV004,cache-server-01,eu-west-1,staging,185563500.56282064,0.708994708994709,-19.200000000000003,0.2000000000000028,0.3333720930232558,1
2026-06-08T11:16:04.289775,34.7,86.1,6744.16,74.4,92199403,46914079,113.11,0,336,SRV001,web-server-01,ap-south-1,production,139113481.00577015,0.4098737083811711,16.200000000000003,-0.6000000000000085,0.3356379821958457,0
2026-06-08T11:16:41.257898,39.6,84.5,6774.29,74.4,92336825,46994096,117.66,0,336,SRV002,api-server-01,ap-south-1,production,139330922.78971952,0.3611428571428571,-5.100000000000001,0.9000000000000057,0.3491394658753709,0
2026-06-08T11:16:22.837154,16.0,83.3,6762.44,74.4,92282454,46959767,200.64,0,336,SRV004,cache-server-01,eu-west-1,staging,139242220.97847947,0.1832760595647193,-6.399999999999999,-0.2000000000000028,0.5953709198813056,0
2026-06-08T11:32:49.966233,40.3,89.4,6767.8,74.5,123461918,64134536,157.49,0,344,SRV001,web-server-01,ap-south-1,production,187596453.5837753,0.5411899313501144,-29.700000000000003,0.0,0.4564927536231884,0
2026-06-08T11:16:10.460365,19.1,83.4,6769.83,74.4,92224651,46927105,138.78,0,336,SRV002,api-server-01,ap-south-1,production,139151757.22801846,0.3100686498855835,-8.600000000000001,0.3000000000000113,0.4118100890207715,0
2026-06-08T11:15:58.145405,9.5,83.7,6790.75,74.4,92181695,46902466,182.86,0,338,SRV005,worker-server-01,ap-south-1,development,139084161.01503518,0.2223489167616875,-11.0,0.7000000000000028,0.5394100294985251,0
2026-06-08T11:20:05.649186,28.6,94.6,7258.12,74.4,93184863,47661539,98.7,0,337,SRV005,worker-server-01,ap-south-1,development,140846402.14743558,0.2521367521367522,-19.3,0.0,0.2920118343195266,1
2026-06-08T11:31:05.004439,38.3,96.9,7280.51,74.5,122867986,62432082,157.84,0,343,SRV001,web-server-01,ap-south-1,production,185300066.95810235,0.4185303514376996,-40.900000000000006,-0.2999999999999971,0.4588372093023256,1
2026-06-08T11:15:08.686774,58.8,93.0,7284.44,74.4,91819835,46729666,113.22,0,338,SRV002,api-server-01,ap-south-1,production,138549500.49760014,0.5723404255319149,-28.200000000000003,2.200000000000003,0.3339823008849557,1
2026-06-08T11:16:22.837154,11.0,84.3,6762.44,74.4,92282454,46959767,200.64,0,336,SRV004,cache-server-01,eu-west-1,staging,139242220.88928458,0.1832760595647193,-6.399999999999999,-0.2000000000000028,0.5953709198813056,0
2026-06-08T11:16:22.837154,15.0,88.3,6762.44,74.4,92282454,46959767,200.64,0,336,SRV004,cache-server-01,eu-west-1,staging,139242221.83565426,0.1832760595647193,-6.399999999999999,-0.2000000000000028,0.5953709198813056,0
2026-06-08T11:19:09.839761,34.6,89.7,7026.97,74.4,92961957,47494540,108.88,0,340,SRV001,web-server-01,ap-south-1,production,140456498.1967252,0.37045203969129,15.0,0.6000000000000085,0.3192961876832844,0
2026-06-08T11:32:58.362077,99.0,84.6,6708.72,74.5,123512584,64323053,166.94,0,344,SRV003,database-server-01,us-east-1,production,187835636.37318274,1.0969976905311778,36.1,-0.8000000000000114,0.4838840579710144,1
2026-06-08T11:31:05.004439,29.299999999999997,91.9,7280.51,74.5,122867986,62432082,157.84,0,343,SRV001,web-server-01,ap-south-1,production,185300068.7217366,0.4185303514376996,-40.900000000000006,-0.2999999999999971,0.4588372093023256,1
2026-06-08T11:31:05.004439,33.3,91.9,7280.51,74.5,122867986,62432082,157.84,0,343,SRV001,web-server-01,ap-south-1,production,185300066.62965706,0.4185303514376996,-40.900000000000006,-0.2999999999999971,0.4588372093023256,1
2026-06-08T11:13:54.662803,10.6,92.0,6971.2,74.4,91218270,46067689,202.41,0,336,SRV005,worker-server-01,ap-south-1,development,137285959.18125215,0.1511111111111111,-12.2,0.4000000000000057,0.6006231454005935,0
2026-06-08T11:14:56.193454,30.4,87.4,7080.66,74.4,91710325,46684108,117.15,0,336,SRV005,worker-server-01,ap-south-1,development,138394433.5906021,0.387308533916849,-26.9,-1.1999999999999886,0.3476261127596439,1
2026-06-08T11:31:42.532883,105.9,81.0,6425.05,74.5,123100787,62875623,57.28,0,344,SRV005,worker-server-01,ap-south-1,development,185976409.0018616,1.1674698795180725,20.10000000000001,-2.5999999999999943,0.1660289855072463,1
2026-06-08T11:15:39.510036,35.0,81.4,6691.67,74.4,92096755,46861913,87.54,0,338,SRV002,api-server-01,ap-south-1,production,138958667.85220262,0.4976851851851852,18.9,0.6000000000000085,0.2582300884955752,0
2026-06-08T11:17:49.762560,11.9,93.9,7048.01,74.4,92623122,47183412,107.32,0,338,SRV003,database-server-01,us-east-1,production,139806533.53241524,0.1309130913091309,-4.0,0.5,0.3165781710914454,0
2026-06-08T11:17:12.079570,19.9,81.1,6592.82,74.4,92463626,47059812,120.37,0,336,SRV002,api-server-01,ap-south-1,production,139523439.95592985,0.2220916568742655,8.899999999999999,-2.300000000000012,0.3571810089020771,0
2026-06-08T11:15:20.974637,27.2,82.2,6594.36,74.4,92011208,46820800,110.81,0,338,SRV004,cache-server-01,eu-west-1,staging,138832008.15799353,0.3192488262910798,-15.8,-4.399999999999992,0.3268731563421829,0
2026-06-08T11:32:07.899937,45.8,90.0,6741.8,74.5,123243255,63241537,189.29,0,344,SRV001,web-server-01,ap-south-1,production,186484790.93837464,0.6183908045977011,-12.900000000000006,0.2000000000000028,0.5486666666666666,0
2026-06-08T11:33:15.173880,48.8,82.1,6748.42,74.5,123596304,64482183,174.88,0,344,SRV002,api-server-01,ap-south-1,production,188078486.6655097,0.5143513203214696,-29.8,-0.3000000000000113,0.5068985507246376,0
2026-06-08T11:19:22.263984,3.5,85.9,7041.53,74.4,93009124,47546089,220.92,0,340,SRV003,database-server-01,us-east-1,production,140555211.1366032,0.1265126512651265,-8.100000000000001,0.2000000000000028,0.6478592375366569,0
2026-06-08T11:17:49.762560,3.9000000000000004,90.9,7048.01,74.4,92623122,47183412,107.32,0,338,SRV003,database-server-01,us-east-1,production,139806532.71298495,0.1309130913091309,-4.0,0.5,0.3165781710914454,0
2026-06-08T11:18:39.120576,32.3,86.5,6855.0,74.4,92805699,47321315,113.83,0,342,SRV001,web-server-01,ap-south-1,production,140127014.91435856,0.4440677966101695,22.2,0.4000000000000057,0.331865889212828,0
2026-06-08T11:17:37.474660,20.0,85.5,7014.91,74.4,92582628,47155186,102.45,0,337,SRV001,web-server-01,ap-south-1,production,139737813.24526814,0.3093922651933701,13.9,0.4000000000000057,0.3031065088757396,0
2026-06-08T11:20:24.098528,6.0,95.3,7312.16,74.4,93258296,47706231,127.44,0,337,SRV003,database-server-01,us-east-1,production,140964528.4370235,0.1696712619300106,1.4000000000000004,0.2000000000000028,0.3770414201183432,1
2026-06-08T11:31:38.415692,76.8,79.6,6629.71,74.5,123077280,62838072,60.56,0,343,SRV004,cache-server-01,eu-west-1,staging,185915350.6161575,0.897196261682243,-16.10000000000001,-10.100000000000009,0.176046511627907,0
2026-06-08T11:17:24.385929,55.6,90.4,7005.46,74.4,92524129,47104396,133.09,0,336,SRV004,cache-server-01,eu-west-1,staging,139628525.3573302,0.6150442477876106,40.1,5.0,0.3949258160237389,0
2026-06-08T11:17:31.333238,15.1,88.1,6980.7,74.4,92548569,47123637,914.95,0,337,SRV005,worker-server-01,ap-south-1,development,139672207.0693845,0.1564927857935627,-41.5,-0.3000000000000113,2.7069526627218936,0
2026-06-08T11:31:38.415692,68.8,79.6,6629.71,74.5,123077280,62838072,60.56,0,343,SRV004,cache-server-01,eu-west-1,staging,185915353.62726292,0.897196261682243,-16.10000000000001,-10.100000000000009,0.176046511627907,0
2026-06-08T11:13:17.694905,17.5,96.5,7245.87,74.4,91115694,45982198,103.63,0,337,SRV004,cache-server-01,eu-west-1,staging,137097890.5947656,0.1016042780748663,-38.4,0.5999999999999943,0.3065976331360946,1
2026-06-08T11:32:33.174907,45.5,79.3,6605.03,74.5,123365416,63773682,163.49,0,343,SRV002,api-server-01,ap-south-1,production,187139098.53654078,0.6506447831184057,9.9,-2.0,0.4752616279069768,0
2026-06-08T11:12:59.149714,56.6,92.6,7100.05,74.4,91043804,45926142,147.91,0,335,SRV001,web-server-01,ap-south-1,production,136969947.64724532,0.5305676855895197,0.0,0.0,0.4402083333333333,1
2026-06-08T11:13:54.662803,19.6,85.0,6971.2,74.4,91218270,46067689,202.41,0,336,SRV005,worker-server-01,ap-south-1,development,137285957.795609,0.1511111111111111,-12.2,0.4000000000000057,0.6006231454005935,0
2026-06-08T11:32:37.370048,88.3,86.7,6637.72,74.5,123391873,63894318,96.56,0,343,SRV003,database-server-01,us-east-1,production,187286190.75060937,1.0536756126021003,34.8,0.4000000000000057,0.2806976744186046,1
2026-06-08T11:33:15.173880,37.8,81.1,6748.42,74.5,123596304,64482183,174.88,0,344,SRV002,api-server-01,ap-south-1,production,188078485.2289602,0.5143513203214696,-29.8,-0.3000000000000113,0.5068985507246376,0
2026-06-08T11:17:49.762560,1.9000000000000004,93.9,7048.01,74.4,92623122,47183412,107.32,0,338,SRV003,database-server-01,us-east-1,production,139806532.7911419,0.1309130913091309,-4.0,0.5,0.3165781710914454,0
2026-06-08T11:13:23.850596,34.0,88.6,7257.01,74.4,91132833,45994622,129.45,0,338,SRV005,worker-server-01,ap-south-1,development,137127454.7915056,0.3525641025641026,23.5,0.0999999999999943,0.3818584070796459,1
2026-06-08T11:13:36.117234,3.1999999999999993,88.7,6874.81,74.4,91168862,46018511,96.06,0,336,SRV002,api-server-01,ap-south-1,production,137187371.42333257,0.1488162344983088,-11.6,-0.2999999999999971,0.2850445103857567,0
2026-06-08T11:17:37.474660,30.0,93.5,7014.91,74.4,92582628,47155186,102.45,0,337,SRV001,web-server-01,ap-south-1,production,139737815.86277682,0.3093922651933701,13.9,0.4000000000000057,0.3031065088757396,0
2026-06-08T11:19:09.839761,35.6,93.7,7026.97,74.4,92961957,47494540,108.88,0,340,SRV001,web-server-01,ap-south-1,production,140456498.90603223,0.37045203969129,15.0,0.6000000000000085,0.3192961876832844,0
2026-06-08T11:19:40.789986,30.9,84.7,7030.91,74.4,93076684,47597455,140.35,0,339,SRV001,web-server-01,ap-south-1,production,140674140.8334165,0.2635060639470782,-2.1000000000000014,0.2999999999999971,0.4127941176470588,0
2026-06-08T11:18:26.729159,14.2,88.6,6708.41,74.4,92742447,47266662,99.99,0,337,SRV004,cache-server-01,eu-west-1,staging,140009107.3044991,0.1986143187066974,-17.900000000000002,-0.1000000000000085,0.2958284023668638,0
2026-06-08T11:31:17.520297,58.0,97.5,7322.6,74.5,122930747,62632755,114.68,0,343,SRV004,cache-server-01,eu-west-1,staging,185563503.00300333,0.708994708994709,-19.200000000000003,0.2000000000000028,0.3333720930232558,1
2026-06-08T11:19:03.695792,14.600000000000001,85.1,6977.82,74.4,92903185,47472636,91.91,0,340,SRV005,worker-server-01,ap-south-1,development,140375821.8488214,0.2064372918978912,-22.3,0.0,0.2695307917888563,0
2026-06-08T11:19:34.620600,27.0,87.4,7003.91,74.4,93056139,47585621,100.31,0,339,SRV005,worker-server-01,ap-south-1,development,140641760.79384455,0.2876106194690265,-9.6,-0.5999999999999943,0.2950294117647059,0
2026-06-08T11:13:11.540021,49.9,92.9,7200.05,74.4,91098973,45970633,170.59,0,337,SRV003,database-server-01,us-east-1,production,137069607.24937806,0.5156081808396125,21.5,0.9000000000000057,0.5047041420118343,1
2026-06-08T11:31:55.088538,98.7,87.7,6872.24,74.5,123178364,62977072,121.51,0,344,SRV003,database-server-01,us-east-1,production,186155436.12520477,1.0901916572717023,28.700000000000003,5.6000000000000085,0.3522028985507247,1
2026-06-08T11:14:43.803217,35.7,95.5,7166.46,74.4,91480323,46551568,122.22,0,336,SRV003,database-server-01,us-east-1,production,138031891.30787316,0.3318918918918919,13.099999999999998,0.7000000000000028,0.3626706231454006,1
2026-06-08T11:31:17.520297,75.0,95.5,7322.6,74.5,122930747,62632755,114.68,0,343,SRV004,cache-server-01,eu-west-1,staging,185563503.66191536,0.708994708994709,-19.200000000000003,0.2000000000000028,0.3333720930232558,1
2026-06-08T11:19:53.257765,46.9,89.8,7038.45,74.4,93136085,47629083,149.86,0,339,SRV003,database-server-01,us-east-1,production,140765168.62225035,0.461453744493392,3.699999999999996,0.0,0.440764705882353,0
2026-06-08T11:30:48.215012,69.3,91.5,7244.77,74.5,122792602,62211313,162.08,0,343,SRV002,api-server-01,ap-south-1,production,185003916.62571156,0.6877005347593582,10.5,-0.0999999999999943,0.4711627906976744,1
2026-06-08T11:32:24.800675,64.4,87.3,6765.98,74.5,123324938,63583381,161.43,0,343,SRV005,worker-server-01,ap-south-1,development,186908318.05141196,0.7033218785796106,8.699999999999996,0.0,0.4692732558139535,0
2026-06-08T11:19:34.620600,29.0,86.4,7003.91,74.4,93056139,47585621,100.31,0,339,SRV005,worker-server-01,ap-south-1,development,140641758.0739696,0.2876106194690265,-9.6,-0.5999999999999943,0.2950294117647059,0
2026-06-08T11:18:08.298829,18.0,87.2,6913.36,74.4,92686497,47231295,100.68,0,337,SRV001,web-server-01,ap-south-1,production,139917793.50478956,0.1905829596412556,10.5,-0.7000000000000028,0.2978698224852071,0
2026-06-08T11:31:25.907382,45.6,94.6,7332.55,74.5,122971678,62676994,180.05,0,343,SRV001,web-server-01,ap-south-1,production,185648670.9431243,0.4397463002114165,-30.300000000000004,0.0999999999999943,0.5234011627906977,1
2026-06-08T11:18:51.408384,11.899999999999999,83.9,6889.67,74.4,92847790,47350793,97.71,0,340,SRV003,database-server-01,us-east-1,production,140198581.0767176,0.1901012373453318,-15.200000000000005,0.2000000000000028,0.2865395894428152,0
2026-06-08T11:16:10.460365,28.1,86.4,6769.83,74.4,92224651,46927105,138.78,0,336,SRV002,api-server-01,ap-south-1,production,139151757.57751948,0.3100686498855835,-8.600000000000001,0.3000000000000113,0.4118100890207715,0
2026-06-08T11:31:55.088538,98.7,90.7,6872.24,74.5,123178364,62977072,121.51,0,344,SRV003,database-server-01,us-east-1,production,186155437.39759213,1.0901916572717023,28.700000000000003,5.6000000000000085,0.3522028985507247,1
2026-06-08T11:31:13.299427,81.2,92.3,7313.95,74.5,122914542,62570882,163.12,0,343,SRV003,database-server-01,us-east-1,production,185485423.96947274,0.914103923647932,17.799999999999997,0.3999999999999915,0.4741860465116279,1
2026-06-08T11:33:06.704177,79.5,87.3,6759.52,74.5,123558923,64442561,89.35,0,344,SRV005,worker-server-01,ap-south-1,development,188001483.8485085,0.8762886597938144,50.5,0.2999999999999971,0.2589855072463768,0
2026-06-08T11:16:22.837154,21.0,85.3,6762.44,74.4,92282454,46959767,200.64,0,336,SRV004,cache-server-01,eu-west-1,staging,139242220.22954512,0.1832760595647193,-6.399999999999999,-0.2000000000000028,0.5953709198813056,0
2026-06-08T11:14:43.803217,39.7,95.5,7166.46,74.4,91480323,46551568,122.22,0,336,SRV003,database-server-01,us-east-1,production,138031891.2863502,0.3318918918918919,13.099999999999998,0.7000000000000028,0.3626706231454006,1
2026-06-08T11:31:21.696076,67.9,89.5,7322.62,74.5,122950936,62658302,144.48,0,343,SRV005,worker-server-01,ap-south-1,development,185609238.92043912,0.7608465608465609,4.900000000000006,0.0,0.42,1
2026-06-08T11:31:46.682829,31.5,78.0,6422.06,74.5,123134035,62924234,107.7,0,344,SRV001,web-server-01,ap-south-1,production,186058268.22601187,0.4879518072289157,-56.400000000000006,0.0,0.3121739130434782,0
2026-06-08T11:14:19.203948,23.200000000000003,84.5,6932.37,74.4,91398989,46499361,78.44,0,337,SRV004,cache-server-01,eu-west-1,staging,137898349.31352362,0.3597765363128491,-36.6,-0.7000000000000028,0.2320710059171597,0
2026-06-08T11:17:49.762560,8.9,87.9,7048.01,74.4,92623122,47183412,107.32,0,338,SRV003,database-server-01,us-east-1,production,139806532.71459407,0.1309130913091309,-4.0,0.5,0.3165781710914454,0
2026-06-08T11:31:30.217958,58.2,95.6,7332.95,74.5,122987424,62700565,172.29,0,343,SRV002,api-server-01,ap-south-1,production,185687988.84542668,0.5306553911205074,8.600000000000001,0.0,0.500843023255814,1
2026-06-08T11:16:22.837154,11.0,88.3,6762.44,74.4,92282454,46959767,200.64,0,336,SRV004,cache-server-01,eu-west-1,staging,139242220.64401037,0.1832760595647193,-6.399999999999999,-0.2000000000000028,0.5953709198813056,0
2026-06-08T11:33:10.974811,76.6,86.4,6767.39,74.5,123576736,64454808,230.11,0,344,SRV001,web-server-01,ap-south-1,production,188031543.51856366,0.8535469107551487,-1.9000000000000057,0.1000000000000085,0.6669855072463768,0
2026-06-08T11:30:56.609152,32.7,93.3,7229.7,74.5,122832024,62333146,163.84,0,343,SRV004,cache-server-01,eu-west-1,staging,185165168.37928647,0.4469453376205788,-29.599999999999994,-0.2000000000000028,0.4762790697674419,1
2026-06-08T11:15:58.145405,12.5,81.7,6790.75,74.4,92181695,46902466,182.86,0,338,SRV005,worker-server-01,ap-south-1,development,139084161.6933849,0.2223489167616875,-11.0,0.7000000000000028,0.5394100294985251,0
2026-06-08T11:15:33.388006,27.1,82.8,6648.07,74.4,92069122,46847578,197.4,0,338,SRV001,web-server-01,ap-south-1,production,138916700.19184357,0.2808857808857809,-6.0,0.2999999999999971,0.5823008849557523,0
2026-06-08T11:33:06.704177,69.5,83.3,6759.52,74.5,123558923,64442561,89.35,0,344,SRV005,worker-server-01,ap-south-1,development,188001482.21606633,0.8762886597938144,50.5,0.2999999999999971,0.2589855072463768,0
2026-06-08T11:33:23.564465,38.9,81.6,6783.65,74.5,123649803,64554328,153.52,0,344,SRV004,cache-server-01,eu-west-1,staging,188204131.22186133,0.341324200913242,-61.00000000000001,0.0999999999999943,0.4449855072463768,0
2026-06-08T11:17:05.935258,13.0,82.4,6771.88,74.4,92435082,47048159,97.86,0,336,SRV001,web-server-01,ap-south-1,production,139483240.33012643,0.11441647597254,-9.4,0.2000000000000028,0.2903857566765578,0
2026-06-08T11:14:56.193454,29.4,89.4,7080.66,74.4,91710325,46684108,117.15,0,336,SRV005,worker-server-01,ap-south-1,development,138394432.14596874,0.387308533916849,-26.9,-1.1999999999999886,0.3476261127596439,1
2026-06-08T11:15:27.144054,34.1,82.5,6624.39,74.4,92050410,46835498,141.2,0,338,SRV005,worker-server-01,ap-south-1,development,138885906.17573062,0.352046783625731,2.900000000000002,0.2999999999999971,0.4165191740412979,0
2026-06-08T11:16:35.112017,39.7,87.6,6710.79,74.4,92318275,46982427,83.27,0,336,SRV001,web-server-01,ap-south-1,production,139300703.31238663,0.4237875288683603,14.400000000000002,-0.8000000000000114,0.2470919881305638,0
2026-06-08T11:14:56.193454,37.4,89.4,7080.66,74.4,91710325,46684108,117.15,0,336,SRV005,worker-server-01,ap-south-1,development,138394431.6749299,0.387308533916849,-26.9,-1.1999999999999886,0.3476261127596439,1
2026-06-08T11:33:02.565085,21.0,83.0,6738.93,74.5,123530867,64397800,136.53,0,344,SRV004,cache-server-01,eu-west-1,staging,187928668.17784292,0.2988505747126437,-69.0,0.4000000000000057,0.3957391304347826,0
2026-06-08T11:32:33.174907,55.5,83.3,6605.03,74.5,123365416,63773682,163.49,0,343,SRV002,api-server-01,ap-south-1,production,187139098.45842543,0.6506447831184057,9.9,-2.0,0.4752616279069768,0
2026-06-08T11:15:51.919492,25.5,89.0,6734.82,74.4,92138355,46886226,217.94,0,338,SRV004,cache-server-01,eu-west-1,staging,139024579.28176475,0.3505747126436782,9.4,0.5,0.6428908554572271,0
2026-06-08T11:16:59.791192,10.399999999999999,86.2,6751.6,74.4,92389506,47027987,119.21,0,336,SRV005,worker-server-01,ap-south-1,development,139417491.64118922,0.2224770642201834,-4.400000000000002,0.1000000000000085,0.3537388724035608,0
2026-06-08T11:18:08.298829,7.0,91.2,6913.36,74.4,92686497,47231295,100.68,0,337,SRV001,web-server-01,ap-south-1,production,139917792.90637,0.1905829596412556,10.5,-0.7000000000000028,0.2978698224852071,0
2026-06-08T11:18:32.975711,26.1,86.1,6827.21,74.4,92782931,47297903,203.74,0,340,SRV005,worker-server-01,ap-south-1,development,140080832.6818756,0.1940976163450624,-0.0999999999999978,1.5,0.5974780058651027,0
2026-06-08T11:20:54.800941,23.6,91.4,7393.33,74.4,93381171,48119443,111.01,0,338,SRV003,database-server-01,us-east-1,production,141500613.04001853,0.2578616352201258,7.400000000000002,0.6000000000000085,0.3274631268436578,1
2026-06-08T11:32:24.800675,58.4,84.3,6765.98,74.5,123324938,63583381,161.43,0,343,SRV005,worker-server-01,ap-south-1,development,186908317.8803075,0.7033218785796106,8.699999999999996,0.0,0.4692732558139535,0
2026-06-08T11:32:58.362077,95.0,85.6,6708.72,74.5,123512584,64323053,166.94,0,344,SRV003,database-server-01,us-east-1,production,187835637.66969988,1.0969976905311778,36.1,-0.8000000000000114,0.4838840579710144,1
2026-06-08T11:15:14.831093,36.0,85.6,6943.11,74.4,91855901,46754100,106.51,0,338,SRV003,database-server-01,us-east-1,production,138610001.36692166,0.4799107142857143,-10.799999999999995,-4.400000000000006,0.314188790560472,0
2026-06-08T11:15:33.388006,16.1,79.8,6648.07,74.4,92069122,46847578,197.4,0,338,SRV001,web-server-01,ap-south-1,production,138916698.0649539,0.2808857808857809,-6.0,0.2999999999999971,0.5823008849557523,0
2026-06-08T11:32:16.388014,95.5,83.2,6757.16,74.5,123285575,63494984,162.12,0,343,SRV003,database-server-01,us-east-1,production,186780560.3799281,1.014908256880734,36.8,1.1000000000000083,0.4712790697674419,0
2026-06-08T11:13:11.540021,38.9,95.9,7200.05,74.4,91098973,45970633,170.59,0,337,SRV003,database-server-01,us-east-1,production,137069604.57061338,0.5156081808396125,21.5,0.9000000000000057,0.5047041420118343,1
2026-06-08T11:18:32.975711,23.1,90.1,6827.21,74.4,92782931,47297903,203.74,0,340,SRV005,worker-server-01,ap-south-1,development,140080832.25687197,0.1940976163450624,-0.0999999999999978,1.5,0.5974780058651027,0
2026-06-08T11:19:53.257765,36.9,84.8,7038.45,74.4,93136085,47629083,149.86,0,339,SRV003,database-server-01,us-east-1,production,140765168.37090728,0.461453744493392,3.699999999999996,0.0,0.440764705882353,0
2026-06-08T11:14:43.803217,24.7,91.5,7166.46,74.4,91480323,46551568,122.22,0,336,SRV003,database-server-01,us-east-1,production,138031890.4197546,0.3318918918918919,13.099999999999998,0.7000000000000028,0.3626706231454006,1
2026-06-08T11:19:16.006900,17.6,91.7,7030.89,74.4,92981258,47509532,126.31,0,340,SRV002,api-server-01,ap-south-1,production,140490789.42638242,0.2160970231532525,-14.0,0.0,0.3704105571847507,0
2026-06-08T11:32:54.164046,63.9,86.4,6766.25,74.5,123480415,64243303,158.18,0,345,SRV002,api-server-01,ap-south-1,production,187723716.2662351,0.6739130434782609,11.6,0.0,0.4571676300578035,0
2026-06-08T11:31:46.682829,36.5,83.0,6422.06,74.5,123134035,62924234,107.7,0,344,SRV001,web-server-01,ap-south-1,production,186058270.00402784,0.4879518072289157,-56.400000000000006,0.0,0.3121739130434782,0
2026-06-08T11:16:59.791192,25.4,86.2,6751.6,74.4,92389506,47027987,119.21,0,336,SRV005,worker-server-01,ap-south-1,development,139417494.19537166,0.2224770642201834,-4.400000000000002,0.1000000000000085,0.3537388724035608,0
2026-06-08T11:16:16.602199,30.4,85.5,6777.17,74.4,92267654,46944309,92.35,0,336,SRV003,database-server-01,us-east-1,production,139211964.25941116,0.256,-4.700000000000003,0.0999999999999943,0.2740356083086053,0
2026-06-08T11:32:37.370048,99.3,85.7,6637.72,74.5,123391873,63894318,96.56,0,343,SRV003,database-server-01,us-east-1,production,187286189.03805622,1.0536756126021003,34.8,0.4000000000000057,0.2806976744186046,1
2026-06-08T11:16:41.257898,37.6,87.5,6774.29,74.4,92336825,46994096,117.66,0,336,SRV002,api-server-01,ap-south-1,production,139330921.39314562,0.3611428571428571,-5.100000000000001,0.9000000000000057,0.3491394658753709,0
2026-06-08T11:18:32.975711,19.1,82.1,6827.21,74.4,92782931,47297903,203.74,0,340,SRV005,worker-server-01,ap-south-1,development,140080834.1428054,0.1940976163450624,-0.0999999999999978,1.5,0.5974780058651027,0
2026-06-08T11:19:47.035267,41.2,90.8,7034.85,74.4,93098837,47614060,202.01,0,339,SRV002,api-server-01,ap-south-1,production,140712897.1442826,0.420704845814978,14.300000000000004,0.0999999999999943,0.5941470588235294,0
2026-06-08T11:19:40.789986,27.9,84.7,7030.91,74.4,93076684,47597455,140.35,0,339,SRV001,web-server-01,ap-south-1,production,140674138.17461768,0.2635060639470782,-2.1000000000000014,0.2999999999999971,0.4127941176470588,0
2026-06-08T11:17:24.385929,61.6,87.4,7005.46,74.4,92524129,47104396,133.09,0,336,SRV004,cache-server-01,eu-west-1,staging,139628525.57530165,0.6150442477876106,40.1,5.0,0.3949258160237389,0
2026-06-08T11:18:14.441285,7.800000000000001,86.9,6963.88,74.4,92702808,47244587,101.36,0,337,SRV002,api-server-01,ap-south-1,production,139947393.65993124,0.0978865406006674,-8.2,0.7000000000000028,0.2998816568047337,0
2026-06-08T11:33:15.173880,48.8,81.1,6748.42,74.5,123596304,64482183,174.88,0,344,SRV002,api-server-01,ap-south-1,production,188078487.5995505,0.5143513203214696,-29.8,-0.3000000000000113,0.5068985507246376,0
2026-06-08T11:31:46.682829,48.5,82.0,6422.06,74.5,123134035,62924234,107.7,0,344,SRV001,web-server-01,ap-south-1,production,186058268.19941637,0.4879518072289157,-56.400000000000006,0.0,0.3121739130434782,0
2026-06-08T11:20:24.098528,20.0,95.3,7312.16,74.4,93258296,47706231,127.44,0,337,SRV003,database-server-01,us-east-1,production,140964525.2598709,0.1696712619300106,1.4000000000000004,0.2000000000000028,0.3770414201183432,1
2026-06-08T11:19:40.789986,15.899999999999999,90.7,7030.91,74.4,93076684,47597455,140.35,0,339,SRV001,web-server-01,ap-south-1,production,140674139.05403802,0.2635060639470782,-2.1000000000000014,0.2999999999999971,0.4127941176470588,0
2026-06-08T11:14:19.203948,24.200000000000003,92.5,6932.37,74.4,91398989,46499361,78.44,0,337,SRV004,cache-server-01,eu-west-1,staging,137898348.14248472,0.3597765363128491,-36.6,-0.7000000000000028,0.2320710059171597,0
2026-06-08T11:17:31.333238,15.1,90.1,6980.7,74.4,92548569,47123637,914.95,0,337,SRV005,worker-server-01,ap-south-1,development,139672207.97964343,0.1564927857935627,-41.5,-0.3000000000000113,2.7069526627218936,0
2026-06-08T11:18:14.441285,5.800000000000001,92.9,6963.88,74.4,92702808,47244587,101.36,0,337,SRV002,api-server-01,ap-south-1,production,139947396.71026686,0.0978865406006674,-8.2,0.7000000000000028,0.2998816568047337,0
2026-06-08T11:19:03.695792,9.600000000000001,91.1,6977.82,74.4,92903185,47472636,91.91,0,340,SRV005,worker-server-01,ap-south-1,development,140375819.4760706,0.2064372918978912,-22.3,0.0,0.2695307917888563,0
2026-06-08T11:20:42.524038,26.4,91.8,7345.92,74.4,93331911,48084154,134.46,0,337,SRV001,web-server-01,ap-south-1,production,141416063.73457453,0.3417721518987341,0.3999999999999986,0.0,0.397810650887574,1
2026-06-08T11:30:35.647864,38.0,89.0,7285.31,74.5,122713138,62063674,87.35,0,342,SRV004,cache-server-01,eu-west-1,staging,184776810.0020237,0.4893617021276595,21.4,-1.4000000000000057,0.2546647230320699,1
2026-06-08T11:33:06.704177,71.5,90.3,6759.52,74.5,123558923,64442561,89.35,0,344,SRV005,worker-server-01,ap-south-1,development,188001485.16092852,0.8762886597938144,50.5,0.2999999999999971,0.2589855072463768,0
2026-06-08T11:31:17.520297,69.0,93.5,7322.6,74.5,122930747,62632755,114.68,0,343,SRV004,cache-server-01,eu-west-1,staging,185563500.44545493,0.708994708994709,-19.200000000000003,0.2000000000000028,0.3333720930232558,1
2026-06-08T11:31:42.532883,92.9,81.0,6425.05,74.5,123100787,62875623,57.28,0,344,SRV005,worker-server-01,ap-south-1,development,185976411.25775808,1.1674698795180725,20.10000000000001,-2.5999999999999943,0.1660289855072463,1
2026-06-08T11:16:16.602199,20.4,86.5,6777.17,74.4,92267654,46944309,92.35,0,336,SRV003,database-server-01,us-east-1,production,139211961.13216484,0.256,-4.700000000000003,0.0999999999999943,0.2740356083086053,0
2026-06-08T11:17:43.618923,9.9,87.4,7005.16,74.4,92603901,47171633,109.59,0,338,SRV002,api-server-01,ap-south-1,production,139775532.98380882,0.1758849557522123,-12.1,-0.0999999999999943,0.3232743362831858,0
2026-06-08T11:31:38.415692,83.8,88.6,6629.71,74.5,123077280,62838072,60.56,0,343,SRV004,cache-server-01,eu-west-1,staging,185915353.56367198,0.897196261682243,-16.10000000000001,-10.100000000000009,0.176046511627907,0
2026-06-08T11:30:35.647864,36.0,89.0,7285.31,74.5,122713138,62063674,87.35,0,342,SRV004,cache-server-01,eu-west-1,staging,184776813.3850066,0.4893617021276595,21.4,-1.4000000000000057,0.2546647230320699,1
2026-06-08T11:33:02.565085,31.0,86.0,6738.93,74.5,123530867,64397800,136.53,0,344,SRV004,cache-server-01,eu-west-1,staging,187928666.18734068,0.2988505747126437,-69.0,0.4000000000000057,0.3957391304347826,0
2026-06-08T11:31:21.696076,66.9,91.5,7322.62,74.5,122950936,62658302,144.48,0,343,SRV005,worker-server-01,ap-south-1,development,185609239.03291667,0.7608465608465609,4.900000000000006,0.0,0.42,1
2026-06-08T11:19:34.620600,18.0,93.4,7003.91,74.4,93056139,47585621,100.31,0,339,SRV005,worker-server-01,ap-south-1,development,140641758.92947698,0.2876106194690265,-9.6,-0.5999999999999943,0.2950294117647059,0
2026-06-08T11:13:36.117234,6.199999999999999,86.7,6874.81,74.4,91168862,46018511,96.06,0,336,SRV002,api-server-01,ap-south-1,production,137187374.63935146,0.1488162344983088,-11.6,-0.2999999999999971,0.2850445103857567,0
2026-06-08T11:31:21.696076,78.9,94.5,7322.62,74.5,122950936,62658302,144.48,0,343,SRV005,worker-server-01,ap-south-1,development,185609239.3023159,0.7608465608465609,4.900000000000006,0.0,0.42,1
2026-06-08T11:14:25.371100,41.5,89.3,6997.93,74.4,91412052,46509678,137.01,0,337,SRV005,worker-server-01,ap-south-1,development,137921731.25031456,0.3820598006644518,2.299999999999997,0.7999999999999972,0.4053550295857988,0
2026-06-08T11:30:48.215012,58.3,88.5,7244.77,74.5,122792602,62211313,162.08,0,343,SRV002,api-server-01,ap-south-1,production,185003914.62728617,0.6877005347593582,10.5,-0.0999999999999943,0.4711627906976744,1
2026-06-08T11:17:31.333238,22.1,89.1,6980.7,74.4,92548569,47123637,914.95,0,337,SRV005,worker-server-01,ap-south-1,development,139672206.97746283,0.1564927857935627,-41.5,-0.3000000000000113,2.7069526627218936,0
2026-06-08T11:20:54.800941,14.600000000000001,95.4,7393.33,74.4,93381171,48119443,111.01,0,338,SRV003,database-server-01,us-east-1,production,141500614.32150733,0.2578616352201258,7.400000000000002,0.6000000000000085,0.3274631268436578,1
2026-06-08T11:32:45.770343,71.0,90.4,6771.26,74.5,123441047,64052264,103.9,0,344,SRV005,worker-server-01,ap-south-1,development,187493311.876113,0.8810068649885583,54.3,1.1000000000000083,0.3011594202898551,0
2026-06-08T11:13:42.280798,34.7,84.7,6872.73,74.4,91181185,46028794,119.4,0,336,SRV003,database-server-01,us-east-1,production,137209980.3302183,0.3235625704622322,15.5,0.0,0.3543026706231454,0
2026-06-08T11:32:33.174907,62.5,85.3,6605.03,74.5,123365416,63773682,163.49,0,343,SRV002,api-server-01,ap-south-1,production,187139099.91943207,0.6506447831184057,9.9,-2.0,0.4752616279069768,0
2026-06-08T11:30:56.609152,39.7,89.3,7229.7,74.5,122832024,62333146,163.84,0,343,SRV004,cache-server-01,eu-west-1,staging,185165169.3032687,0.4469453376205788,-29.599999999999994,-0.2000000000000028,0.4762790697674419,1
2026-06-08T11:15:39.510036,41.0,87.4,6691.67,74.4,92096755,46861913,87.54,0,338,SRV002,api-server-01,ap-south-1,production,138958666.01142406,0.4976851851851852,18.9,0.6000000000000085,0.2582300884955752,0
2026-06-08T11:31:55.088538,91.7,85.7,6872.24,74.5,123178364,62977072,121.51,0,344,SRV003,database-server-01,us-east-1,production,186155437.24247378,1.0901916572717023,28.700000000000003,5.6000000000000085,0.3522028985507247,1
2026-06-08T11:19:09.839761,37.6,87.7,7026.97,74.4,92961957,47494540,108.88,0,340,SRV001,web-server-01,ap-south-1,production,140456497.8210531,0.37045203969129,15.0,0.6000000000000085,0.3192961876832844,0
2026-06-08T11:18:57.564095,48.9,85.1,6979.52,74.4,92876622,47375778,108.62,0,340,SRV004,cache-server-01,eu-west-1,staging,140252400.68480605,0.4539400665926748,24.0,1.1999999999999886,0.3185337243401759,0
2026-06-08T11:32:16.388014,89.5,88.2,6757.16,74.5,123285575,63494984,162.12,0,343,SRV003,database-server-01,us-east-1,production,186780557.42776942,1.014908256880734,36.8,1.1000000000000083,0.4712790697674419,0
2026-06-08T11:20:48.656903,9.2,96.8,7352.82,74.4,93357570,48102662,89.49,0,338,SRV002,api-server-01,ap-south-1,production,141460231.02207336,0.1814345991561181,-15.2,0.0,0.2639823008849557,1
2026-06-08T11:31:30.217958,43.2,90.6,7332.95,74.5,122987424,62700565,172.29,0,343,SRV002,api-server-01,ap-south-1,production,185687990.98662555,0.5306553911205074,8.600000000000001,0.0,0.500843023255814,1
2026-06-08T11:19:40.789986,31.9,84.7,7030.91,74.4,93076684,47597455,140.35,0,339,SRV001,web-server-01,ap-south-1,production,140674138.02196378,0.2635060639470782,-2.1000000000000014,0.2999999999999971,0.4127941176470588,0
2026-06-08T11:15:51.919492,31.5,85.0,6734.82,74.4,92138355,46886226,217.94,0,338,SRV004,cache-server-01,eu-west-1,staging,139024579.43623284,0.3505747126436782,9.4,0.5,0.6428908554572271,0
2026-06-08T11:18:26.729159,9.2,85.6,6708.41,74.4,92742447,47266662,99.99,0,337,SRV004,cache-server-01,eu-west-1,staging,140009107.76638883,0.1986143187066974,-17.900000000000002,-0.1000000000000085,0.2958284023668638,0
2026-06-08T11:13:23.850596,30.0,89.6,7257.01,74.4,91132833,45994622,129.45,0,338,SRV005,worker-server-01,ap-south-1,development,137127453.47448584,0.3525641025641026,23.5,0.0999999999999943,0.3818584070796459,1
2026-06-08T11:13:17.694905,10.5,93.5,7245.87,74.4,91115694,45982198,103.63,0,337,SRV004,cache-server-01,eu-west-1,staging,137097892.3327942,0.1016042780748663,-38.4,0.5999999999999943,0.3065976331360946,1
2026-06-08T11:30:39.833669,93.9,89.9,7283.15,74.5,122741354,62111451,91.87,0,343,SRV005,worker-server-01,ap-south-1,development,184852806.84035376,1.053248136315229,52.900000000000006,-0.0999999999999943,0.2670639534883721,1
2026-06-08T11:16:16.602199,19.4,82.5,6777.17,74.4,92267654,46944309,92.35,0,336,SRV003,database-server-01,us-east-1,production,139211964.58501545,0.256,-4.700000000000003,0.0999999999999943,0.2740356083086053,0
2026-06-08T11:16:41.257898,25.6,89.5,6774.29,74.4,92336825,46994096,117.66,0,336,SRV002,api-server-01,ap-south-1,production,139330919.89793205,0.3611428571428571,-5.100000000000001,0.9000000000000057,0.3491394658753709,0
2026-06-08T11:14:06.934830,51.6,90.1,6823.69,74.4,91310075,46325200,124.7,0,337,SRV002,api-server-01,ap-south-1,production,137635276.71071106,0.5175936435868332,-6.699999999999996,-3.5,0.3689349112426036,0
2026-06-08T11:20:54.800941,20.6,95.4,7393.33,74.4,93381171,48119443,111.01,0,338,SRV003,database-server-01,us-east-1,production,141500612.23728183,0.2578616352201258,7.400000000000002,0.6000000000000085,0.3274631268436578,1
2026-06-08T11:15:27.144054,30.1,86.5,6624.39,74.4,92050410,46835498,141.2,0,338,SRV005,worker-server-01,ap-south-1,development,138885908.76171303,0.352046783625731,2.900000000000002,0.2999999999999971,0.4165191740412979,0
2026-06-08T11:13:42.280798,25.7,90.7,6872.73,74.4,91181185,46028794,119.4,0,336,SRV003,database-server-01,us-east-1,production,137209978.13652802,0.3235625704622322,15.5,0.0,0.3543026706231454,0
2026-06-08T11:20:11.792144,13.5,91.7,7266.76,74.4,93214699,47681568,111.08,0,337,SRV001,web-server-01,ap-south-1,production,140896266.48543692,0.1013874066168623,-14.1,0.1000000000000085,0.3286390532544379,1
2026-06-08T11:15:27.144054,36.1,87.5,6624.39,74.4,92050410,46835498,141.2,0,338,SRV005,worker-server-01,ap-south-1,development,138885908.7907947,0.352046783625731,2.900000000000002,0.2999999999999971,0.4165191740412979,0
2026-06-08T11:14:37.650710,17.6,92.8,7117.37,74.4,91443684,46531894,105.38,0,336,SRV002,api-server-01,ap-south-1,production,137975579.70511222,0.1917211328976035,-26.1,-0.7999999999999972,0.312700296735905,1
2026-06-08T11:14:50.020526,60.3,90.6,7178.71,74.4,91535975,46573727,111.33,0,336,SRV004,cache-server-01,eu-west-1,staging,138109700.17711356,0.6727861771058316,31.6,0.0999999999999943,0.3303560830860534,1
2026-06-08T11:31:55.088538,91.7,82.7,6872.24,74.5,123178364,62977072,121.51,0,344,SRV003,database-server-01,us-east-1,production,186155437.68968996,1.0901916572717023,28.700000000000003,5.6000000000000085,0.3522028985507247,1
2026-06-08T11:15:51.919492,23.5,87.0,6734.82,74.4,92138355,46886226,217.94,0,338,SRV004,cache-server-01,eu-west-1,staging,139024580.30364352,0.3505747126436782,9.4,0.5,0.6428908554572271,0
2026-06-08T11:16:41.257898,27.6,85.5,6774.29,74.4,92336825,46994096,117.66,0,336,SRV002,api-server-01,ap-south-1,production,139330921.4514191,0.3611428571428571,-5.100000000000001,0.9000000000000057,0.3491394658753709,0
2026-06-08T11:31:21.696076,69.9,91.5,7322.62,74.5,122950936,62658302,144.48,0,343,SRV005,worker-server-01,ap-south-1,development,185609239.70505115,0.7608465608465609,4.900000000000006,0.0,0.42,1
2026-06-08T11:32:49.966233,56.3,81.4,6767.8,74.5,123461918,64134536,157.49,0,344,SRV001,web-server-01,ap-south-1,production,187596453.80933577,0.5411899313501144,-29.700000000000003,0.0,0.4564927536231884,0
2026-06-08T11:30:56.609152,41.7,92.3,7229.7,74.5,122832024,62333146,163.84,0,343,SRV004,cache-server-01,eu-west-1,staging,185165169.37206954,0.4469453376205788,-29.599999999999994,-0.2000000000000028,0.4762790697674419,1
2026-06-08T11:18:39.120576,37.3,86.5,6855.0,74.4,92805699,47321315,113.83,0,342,SRV001,web-server-01,ap-south-1,production,140127015.70925963,0.4440677966101695,22.2,0.4000000000000057,0.331865889212828,0
2026-06-08T11:14:19.203948,26.200000000000003,92.5,6932.37,74.4,91398989,46499361,78.44,0,337,SRV004,cache-server-01,eu-west-1,staging,137898348.61232644,0.3597765363128491,-36.6,-0.7000000000000028,0.2320710059171597,0
2026-06-08T11:14:37.650710,25.6,92.8,7117.37,74.4,91443684,46531894,105.38,0,336,SRV002,api-server-01,ap-south-1,production,137975578.7626581,0.1917211328976035,-26.1,-0.7999999999999972,0.312700296735905,1
2026-06-08T11:13:11.540021,39.9,90.9,7200.05,74.4,91098973,45970633,170.59,0,337,SRV003,database-server-01,us-east-1,production,137069605.98479974,0.5156081808396125,21.5,0.9000000000000057,0.5047041420118343,1
2026-06-08T11:31:09.110406,75.4,90.9,7280.88,74.5,122891188,62493768,78.34,0,343,SRV002,api-server-01,ap-south-1,production,185384956.26498517,0.7284345047923323,29.10000000000001,0.0,0.2277325581395348,1
2026-06-08T11:17:18.223309,15.5,84.4,6615.88,74.4,92502200,47075516,116.07,0,335,SRV003,database-server-01,us-east-1,production,139577714.84311077,0.1814988290398126,-3.3999999999999986,0.3000000000000113,0.3454464285714285,0
2026-06-08T11:16:10.460365,23.1,81.4,6769.83,74.4,92224651,46927105,138.78,0,336,SRV002,api-server-01,ap-south-1,production,139151754.04974166,0.3100686498855835,-8.600000000000001,0.3000000000000113,0.4118100890207715,0
2026-06-08T11:16:10.460365,19.1,84.4,6769.83,74.4,92224651,46927105,138.78,0,336,SRV002,api-server-01,ap-south-1,production,139151754.9558872,0.3100686498855835,-8.600000000000001,0.3000000000000113,0.4118100890207715,0
2026-06-08T11:14:56.193454,28.4,93.4,7080.66,74.4,91710325,46684108,117.15,0,336,SRV005,worker-server-01,ap-south-1,development,138394434.47818953,0.387308533916849,-26.9,-1.1999999999999886,0.3476261127596439,1
2026-06-08T11:15:45.664174,23.1,87.5,6697.25,74.4,92114735,46873976,122.21,0,338,SRV003,database-server-01,us-east-1,production,138988709.4575625,0.2439306358381503,-21.9,0.0999999999999943,0.3605014749262537,0
2026-06-08T11:14:37.650710,10.600000000000001,94.8,7117.37,74.4,91443684,46531894,105.38,0,336,SRV002,api-server-01,ap-south-1,production,137975577.6121907,0.1917211328976035,-26.1,-0.7999999999999972,0.312700296735905,1
2026-06-08T11:13:05.314616,17.4,88.0,7129.16,74.4,91071166,45946253,136.55,0,337,SRV002,api-server-01,ap-south-1,production,137017417.86220765,0.2869565217391304,-22.200000000000003,0.4000000000000057,0.4039940828402367,1
2026-06-08T11:18:26.729159,26.2,83.6,6708.41,74.4,92742447,47266662,99.99,0,337,SRV004,cache-server-01,eu-west-1,staging,140009108.00534648,0.1986143187066974,-17.900000000000002,-0.1000000000000085,0.2958284023668638,0
2026-06-08T11:18:20.585453,40.1,81.7,6712.98,74.4,92721960,47255427,113.42,0,337,SRV003,database-server-01,us-east-1,production,139977385.17793834,0.4048442906574394,26.3,-3.200000000000003,0.3355621301775148,0
2026-06-08T11:32:54.164046,65.9,90.4,6766.25,74.5,123480415,64243303,158.18,0,345,SRV002,api-server-01,ap-south-1,production,187723719.06795353,0.6739130434782609,11.6,0.0,0.4571676300578035,0
2026-06-08T11:13:29.993599,15.8,92.0,6898.87,74.4,91152075,46006314,108.48,0,337,SRV001,web-server-01,ap-south-1,production,137158389.98909995,0.2786516853932584,-8.2,-4.599999999999994,0.3209467455621302,0
2026-06-08T11:31:09.110406,67.4,89.9,7280.88,74.5,122891188,62493768,78.34,0,343,SRV002,api-server-01,ap-south-1,production,185384956.14210102,0.7284345047923323,29.10000000000001,0.0,0.2277325581395348,1
2026-06-08T11:16:10.460365,30.1,89.4,6769.83,74.4,92224651,46927105,138.78,0,336,SRV002,api-server-01,ap-south-1,production,139151754.5138012,0.3100686498855835,-8.600000000000001,0.3000000000000113,0.4118100890207715,0
2026-06-08T11:19:34.620600,17.0,91.4,7003.91,74.4,93056139,47585621,100.31,0,339,SRV005,worker-server-01,ap-south-1,development,140641761.0896162,0.2876106194690265,-9.6,-0.5999999999999943,0.2950294117647059,0
2026-06-08T11:19:28.479307,30.6,91.0,7051.77,74.4,93026812,47557716,170.71,0,340,SRV004,cache-server-01,eu-west-1,staging,140584529.59807488,0.3912087912087912,24.1,0.0999999999999943,0.5006158357771261,0
2026-06-08T11:32:58.362077,96.0,85.6,6708.72,74.5,123512584,64323053,166.94,0,344,SRV003,database-server-01,us-east-1,production,187835637.9027597,1.0969976905311778,36.1,-0.8000000000000114,0.4838840579710144,1
2026-06-08T11:33:23.564465,23.9,88.6,6783.65,74.5,123649803,64554328,153.52,0,344,SRV004,cache-server-01,eu-west-1,staging,188204130.26215923,0.341324200913242,-61.00000000000001,0.0999999999999943,0.4449855072463768,0
2026-06-08T11:30:44.012491,55.8,92.6,7252.98,74.5,122762316,62172183,158.09,0,342,SRV001,web-server-01,ap-south-1,production,184934500.51391605,0.5747863247863247,-45.10000000000001,-0.3000000000000113,0.4609037900874635,1
2026-06-08T11:19:16.006900,23.6,90.7,7030.89,74.4,92981258,47509532,126.31,0,340,SRV002,api-server-01,ap-south-1,production,140490789.18209085,0.2160970231532525,-14.0,0.0,0.3704105571847507,0
2026-06-08T11:19:34.620600,27.0,87.4,7003.91,74.4,93056139,47585621,100.31,0,339,SRV005,worker-server-01,ap-south-1,development,140641761.6033807,0.2876106194690265,-9.6,-0.5999999999999943,0.2950294117647059,0
2026-06-08T11:15:27.144054,23.1,87.5,6624.39,74.4,92050410,46835498,141.2,0,338,SRV005,worker-server-01,ap-south-1,development,138885907.31218848,0.352046783625731,2.900000000000002,0.2999999999999971,0.4165191740412979,0
2026-06-08T11:15:08.686774,47.8,88.0,7284.44,74.4,91819835,46729666,113.22,0,338,SRV002,api-server-01,ap-south-1,production,138549502.7616852,0.5723404255319149,-28.200000000000003,2.200000000000003,0.3339823008849557,1
2026-06-08T11:18:02.152872,3.5,83.9,6966.63,74.4,92659485,47210974,205.53,0,338,SRV005,worker-server-01,ap-south-1,development,139870460.14540437,0.0723025583982202,-11.8,-1.0999999999999943,0.606283185840708,0
2026-06-08T11:19:59.504498,50.9,94.6,7257.89,74.4,93162595,47647329,197.47,0,339,SRV004,cache-server-01,eu-west-1,staging,140809924.1250702,0.4583333333333333,1.0,2.799999999999997,0.5807941176470588,1
2026-06-08T11:15:20.974637,29.2,80.2,6594.36,74.4,92011208,46820800,110.81,0,338,SRV004,cache-server-01,eu-west-1,staging,138832006.42776987,0.3192488262910798,-15.8,-4.399999999999992,0.3268731563421829,0
2026-06-08T11:31:00.806140,86.2,97.2,7301.48,74.5,122850757,62388746,110.34,0,345,SRV005,worker-server-01,ap-south-1,development,185239503.75428241,0.851380042462845,38.5,0.9000000000000057,0.3189017341040462,1
2026-06-08T11:32:12.077588,53.7,88.1,6665.66,74.5,123260520,63352172,154.57,0,344,SRV002,api-server-01,ap-south-1,production,186612690.59590822,0.6004645760743322,-2.0999999999999943,-0.9000000000000057,0.4480289855072463,0
2026-06-08T11:13:42.280798,30.7,91.7,6872.73,74.4,91181185,46028794,119.4,0,336,SRV003,database-server-01,us-east-1,production,137209978.90013,0.3235625704622322,15.5,0.0,0.3543026706231454,0
2026-06-08T11:33:02.565085,17.0,89.0,6738.93,74.5,123530867,64397800,136.53,0,344,SRV004,cache-server-01,eu-west-1,staging,187928666.76700658,0.2988505747126437,-69.0,0.4000000000000057,0.3957391304347826,0
2026-06-08T11:18:14.441285,1.8000000000000007,90.9,6963.88,74.4,92702808,47244587,101.36,0,337,SRV002,api-server-01,ap-south-1,production,139947394.7625257,0.0978865406006674,-8.2,0.7000000000000028,0.2998816568047337,0
2026-06-08T11:18:08.298829,11.0,83.2,6913.36,74.4,92686497,47231295,100.68,0,337,SRV001,web-server-01,ap-south-1,production,139917790.30487332,0.1905829596412556,10.5,-0.7000000000000028,0.2978698224852071,0
2026-06-08T11:19:53.257765,32.9,89.8,7038.45,74.4,93136085,47629083,149.86,0,339,SRV003,database-server-01,us-east-1,production,140765168.12502056,0.461453744493392,3.699999999999996,0.0,0.440764705882353,0
2026-06-08T11:14:56.193454,27.4,94.4,7080.66,74.4,91710325,46684108,117.15,0,336,SRV005,worker-server-01,ap-south-1,development,138394431.7593515,0.387308533916849,-26.9,-1.1999999999999886,0.3476261127596439,1
2026-06-08T11:18:51.408384,16.9,90.9,6889.67,74.4,92847790,47350793,97.71,0,340,SRV003,database-server-01,us-east-1,production,140198581.84155026,0.1901012373453318,-15.200000000000005,0.2000000000000028,0.2865395894428152,0
2026-06-08T11:17:37.474660,31.0,90.5,7014.91,74.4,92582628,47155186,102.45,0,337,SRV001,web-server-01,ap-south-1,production,139737814.37473872,0.3093922651933701,13.9,0.4000000000000057,0.3031065088757396,0
2026-06-08T11:30:52.409914,75.3,87.5,7246.98,74.5,122810789,62233168,158.48,0,343,SRV003,database-server-01,us-east-1,production,185043956.25957626,0.7625668449197861,7.0,0.0,0.4606976744186046,1
2026-06-08T11:20:11.792144,11.5,93.7,7266.76,74.4,93214699,47681568,111.08,0,337,SRV001,web-server-01,ap-south-1,production,140896267.0700938,0.1013874066168623,-14.1,0.1000000000000085,0.3286390532544379,1
2026-06-08T11:13:54.662803,22.6,93.0,6971.2,74.4,91218270,46067689,202.41,0,336,SRV005,worker-server-01,ap-south-1,development,137285960.19567668,0.1511111111111111,-12.2,0.4000000000000057,0.6006231454005935,0
2026-06-08T11:31:38.415692,85.8,79.6,6629.71,74.5,123077280,62838072,60.56,0,343,SRV004,cache-server-01,eu-west-1,staging,185915350.4990125,0.897196261682243,-16.10000000000001,-10.100000000000009,0.176046511627907,0
2026-06-08T11:18:45.282146,34.1,91.7,6871.71,74.4,92822712,47332528,124.19,0,340,SRV002,api-server-01,ap-south-1,production,140155241.4756415,0.3618940248027057,-7.199999999999996,0.2000000000000028,0.3641935483870968,0
2026-06-08T11:31:42.532883,90.9,79.0,6425.05,74.5,123100787,62875623,57.28,0,344,SRV005,worker-server-01,ap-south-1,development,185976411.64146924,1.1674698795180725,20.10000000000001,-2.5999999999999943,0.1660289855072463,1
2026-06-08T11:18:57.564095,35.9,93.1,6979.52,74.4,92876622,47375778,108.62,0,340,SRV004,cache-server-01,eu-west-1,staging,140252398.20702115,0.4539400665926748,24.0,1.1999999999999886,0.3185337243401759,0
2026-06-08T11:31:34.311471,85.9,89.7,7422.15,74.5,123034136,62791362,67.0,0,343,SRV003,database-server-01,us-east-1,production,185825498.00338057,0.9707419017763844,42.7,1.1000000000000083,0.1947674418604651,1
2026-06-08T11:32:28.975147,36.6,89.3,6765.18,74.5,123347407,63679753,126.22,0,343,SRV001,web-server-01,ap-south-1,production,187027161.23874992,0.5223367697594502,-15.799999999999995,0.0,0.3669186046511627,0
2026-06-08T11:18:57.564095,43.9,90.1,6979.52,74.4,92876622,47375778,108.62,0,340,SRV004,cache-server-01,eu-west-1,staging,140252399.21143892,0.4539400665926748,24.0,1.1999999999999886,0.3185337243401759,0
2026-06-08T11:31:59.294847,84.0,87.7,6560.95,74.5,123197071,63063170,177.82,0,344,SRV004,cache-server-01,eu-west-1,staging,186260242.81277272,0.9090909090909092,-19.700000000000003,-4.0,0.5154202898550725,0
2026-06-08T11:19:22.263984,5.5,89.9,7041.53,74.4,93009124,47546089,220.92,0,340,SRV003,database-server-01,us-east-1,production,140555212.58986565,0.1265126512651265,-8.100000000000001,0.2000000000000028,0.6478592375366569,0
2026-06-08T11:32:03.675473,59.7,80.8,6726.21,74.5,123217811,63163739,130.41,0,344,SRV005,worker-server-01,ap-south-1,development,186381551.08104345,0.7684331797235023,-10.299999999999995,2.0999999999999943,0.378,0
2026-06-08T11:31:13.299427,89.2,95.3,7313.95,74.5,122914542,62570882,163.12,0,343,SRV003,database-server-01,us-east-1,production,185485423.6268395,0.914103923647932,17.799999999999997,0.3999999999999915,0.4741860465116279,1
2026-06-08T11:33:02.565085,23.0,81.0,6738.93,74.5,123530867,64397800,136.53,0,344,SRV004,cache-server-01,eu-west-1,staging,187928665.9572192,0.2988505747126437,-69.0,0.4000000000000057,0.3957391304347826,0
2026-06-08T11:13:11.540021,50.9,90.9,7200.05,74.4,91098973,45970633,170.59,0,337,SRV003,database-server-01,us-east-1,production,137069607.51099154,0.5156081808396125,21.5,0.9000000000000057,0.5047041420118343,1
2026-06-08T11:33:15.173880,38.8,90.1,6748.42,74.5,123596304,64482183,174.88,0,344,SRV002,api-server-01,ap-south-1,production,188078486.94540143,0.5143513203214696,-29.8,-0.3000000000000113,0.5068985507246376,0
2026-06-08T11:31:09.110406,65.4,92.9,7280.88,74.5,122891188,62493768,78.34,0,343,SRV002,api-server-01,ap-south-1,production,185384957.4182139,0.7284345047923323,29.10000000000001,0.0,0.2277325581395348,1
2026-06-08T11:12:59.149714,40.6,92.6,7100.05,74.4,91043804,45926142,147.91,0,335,SRV001,web-server-01,ap-south-1,production,136969946.5215032,0.5305676855895197,0.0,0.0,0.4402083333333333,1
2026-06-08T11:19:09.839761,41.6,93.7,7026.97,74.4,92961957,47494540,108.88,0,340,SRV001,web-server-01,ap-south-1,production,140456497.8862054,0.37045203969129,15.0,0.6000000000000085,0.3192961876832844,0
2026-06-08T11:19:03.695792,18.6,86.1,6977.82,74.4,92903185,47472636,91.91,0,340,SRV005,worker-server-01,ap-south-1,development,140375821.57311484,0.2064372918978912,-22.3,0.0,0.2695307917888563,0
2026-06-08T11:19:47.035267,39.2,88.8,7034.85,74.4,93098837,47614060,202.01,0,339,SRV002,api-server-01,ap-south-1,production,140712895.67885533,0.420704845814978,14.300000000000004,0.0999999999999943,0.5941470588235294,0
2026-06-08T11:17:37.474660,35.0,85.5,7014.91,74.4,92582628,47155186,102.45,0,337,SRV001,web-server-01,ap-south-1,production,139737814.6758267,0.3093922651933701,13.9,0.4000000000000057,0.3031065088757396,0
2026-06-08T11:13:54.662803,20.6,87.0,6971.2,74.4,91218270,46067689,202.41,0,336,SRV005,worker-server-01,ap-south-1,development,137285960.18877035,0.1511111111111111,-12.2,0.4000000000000057,0.6006231454005935,0
2026-06-08T11:16:10.460365,31.1,86.4,6769.83,74.4,92224651,46927105,138.78,0,336,SRV002,api-server-01,ap-south-1,production,139151755.4965442,0.3100686498855835,-8.600000000000001,0.3000000000000113,0.4118100890207715,0
2026-06-08T11:20:17.947455,16.6,97.1,7296.84,74.4,93232627,47692382,109.12,0,337,SRV002,api-server-01,ap-south-1,production,140925010.8383244,0.155154091392136,5.1,0.3999999999999915,0.3228402366863905,1
2026-06-08T11:15:58.145405,25.5,81.7,6790.75,74.4,92181695,46902466,182.86,0,338,SRV005,worker-server-01,ap-south-1,development,139084159.5956437,0.2223489167616875,-11.0,0.7000000000000028,0.5394100294985251,0
2026-06-08T11:31:38.415692,85.8,88.6,6629.71,74.5,123077280,62838072,60.56,0,343,SRV004,cache-server-01,eu-west-1,staging,185915351.8456897,0.897196261682243,-16.10000000000001,-10.100000000000009,0.176046511627907,0
2026-06-08T11:17:49.762560,11.9,88.9,7048.01,74.4,92623122,47183412,107.32,0,338,SRV003,database-server-01,us-east-1,production,139806534.90110624,0.1309130913091309,-4.0,0.5,0.3165781710914454,0
2026-06-08T11:19:22.263984,11.5,93.9,7041.53,74.4,93009124,47546089,220.92,0,340,SRV003,database-server-01,us-east-1,production,140555211.11253163,0.1265126512651265,-8.100000000000001,0.2000000000000028,0.6478592375366569,0
2026-06-08T11:31:21.696076,63.900000000000006,90.5,7322.62,74.5,122950936,62658302,144.48,0,343,SRV005,worker-server-01,ap-south-1,development,185609237.96961892,0.7608465608465609,4.900000000000006,0.0,0.42,1
2026-06-08T11:32:24.800675,53.4,87.3,6765.98,74.5,123324938,63583381,161.43,0,343,SRV005,worker-server-01,ap-south-1,development,186908320.8939692,0.7033218785796106,8.699999999999996,0.0,0.4692732558139535,0
2026-06-08T11:33:15.173880,46.8,81.1,6748.42,74.5,123596304,64482183,174.88,0,344,SRV002,api-server-01,ap-south-1,production,188078485.478303,0.5143513203214696,-29.8,-0.3000000000000113,0.5068985507246376,0
2026-06-08T11:31:25.907382,34.6,97.6,7332.55,74.5,122971678,62676994,180.05,0,343,SRV001,web-server-01,ap-south-1,production,185648671.67471606,0.4397463002114165,-30.300000000000004,0.0999999999999943,0.5234011627906977,1
2026-06-08T11:31:59.294847,81.0,80.7,6560.95,74.5,123197071,63063170,177.82,0,344,SRV004,cache-server-01,eu-west-1,staging,186260242.1175904,0.9090909090909092,-19.700000000000003,-4.0,0.5154202898550725,0
2026-06-08T11:33:23.564465,20.9,89.6,6783.65,74.5,123649803,64554328,153.52,0,344,SRV004,cache-server-01,eu-west-1,staging,188204129.38059202,0.341324200913242,-61.00000000000001,0.0999999999999943,0.4449855072463768,0
2026-06-08T11:18:57.564095,47.9,93.1,6979.52,74.4,92876622,47375778,108.62,0,340,SRV004,cache-server-01,eu-west-1,staging,140252401.3301764,0.4539400665926748,24.0,1.1999999999999886,0.3185337243401759,0
2026-06-08T11:13:05.314616,22.4,95.0,7129.16,74.4,91071166,45946253,136.55,0,337,SRV002,api-server-01,ap-south-1,production,137017420.83193234,0.2869565217391304,-22.200000000000003,0.4000000000000057,0.4039940828402367,1
2026-06-08T11:18:45.282146,33.1,88.7,6871.71,74.4,92822712,47332528,124.19,0,340,SRV002,api-server-01,ap-south-1,production,140155238.91555843,0.3618940248027057,-7.199999999999996,0.2000000000000028,0.3641935483870968,0
2026-06-08T11:18:20.585453,34.1,84.7,6712.98,74.4,92721960,47255427,113.42,0,337,SRV003,database-server-01,us-east-1,production,139977385.81140348,0.4048442906574394,26.3,-3.200000000000003,0.3355621301775148,0
2026-06-08T11:15:20.974637,17.2,84.2,6594.36,74.4,92011208,46820800,110.81,0,338,SRV004,cache-server-01,eu-west-1,staging,138832008.19511437,0.3192488262910798,-15.8,-4.399999999999992,0.3268731563421829,0
2026-06-08T11:32:41.567763,25.7,86.3,6684.21,74.5,123409099,63932696,143.97,0,344,SRV004,cache-server-01,eu-west-1,staging,187341795.93784338,0.2630359212050985,-67.6,0.5999999999999943,0.4173043478260869,0
2026-06-08T11:14:31.515623,35.7,95.6,7179.52,74.4,91428205,46520735,102.32,0,337,SRV001,web-server-01,ap-south-1,production,137948941.50461644,0.4719222462203024,9.200000000000005,2.299999999999997,0.3027218934911242,1
2026-06-08T11:31:17.520297,68.0,93.5,7322.6,74.5,122930747,62632755,114.68,0,343,SRV004,cache-server-01,eu-west-1,staging,185563502.8072529,0.708994708994709,-19.200000000000003,0.2000000000000028,0.3333720930232558,1
2026-06-08T11:20:17.947455,22.6,89.1,7296.84,74.4,93232627,47692382,109.12,0,337,SRV002,api-server-01,ap-south-1,production,140925008.35042024,0.155154091392136,5.1,0.3999999999999915,0.3228402366863905,1
2026-06-08T11:20:48.656903,23.2,89.8,7352.82,74.4,93357570,48102662,89.49,0,338,SRV002,api-server-01,ap-south-1,production,141460231.40857548,0.1814345991561181,-15.2,0.0,0.2639823008849557,1
2026-06-08T11:20:05.649186,27.6,93.6,7258.12,74.4,93184863,47661539,98.7,0,337,SRV005,worker-server-01,ap-south-1,development,140846400.68396416,0.2521367521367522,-19.3,0.0,0.2920118343195266,1
2026-06-08T11:33:15.173880,41.8,82.1,6748.42,74.5,123596304,64482183,174.88,0,344,SRV002,api-server-01,ap-south-1,production,188078486.5218237,0.5143513203214696,-29.8,-0.3000000000000113,0.5068985507246376,0
2026-06-08T11:13:48.422920,33.8,86.6,6944.96,74.4,91201761,46048808,106.78,0,336,SRV004,cache-server-01,eu-west-1,staging,137250568.72942552,0.2879464285714286,-2.8999999999999986,0.8999999999999915,0.3168545994065282,0
2026-06-08T11:16:16.602199,25.4,88.5,6777.17,74.4,92267654,46944309,92.35,0,336,SRV003,database-server-01,us-east-1,production,139211963.08720073,0.256,-4.700000000000003,0.0999999999999943,0.2740356083086053,0
2026-06-08T11:15:08.686774,50.8,97.0,7284.44,74.4,91819835,46729666,113.22,0,338,SRV002,api-server-01,ap-south-1,production,138549501.89800826,0.5723404255319149,-28.200000000000003,2.200000000000003,0.3339823008849557,1
2026-06-08T11:19:28.479307,37.6,88.0,7051.77,74.4,93026812,47557716,170.71,0,340,SRV004,cache-server-01,eu-west-1,staging,140584526.50334322,0.3912087912087912,24.1,0.0999999999999943,0.5006158357771261,0
2026-06-08T11:16:04.289775,40.7,82.1,6744.16,74.4,92199403,46914079,113.11,0,336,SRV001,web-server-01,ap-south-1,production,139113481.28976315,0.4098737083811711,16.200000000000003,-0.6000000000000085,0.3356379821958457,0
2026-06-08T11:19:47.035267,31.200000000000003,86.8,7034.85,74.4,93098837,47614060,202.01,0,339,SRV002,api-server-01,ap-south-1,production,140712896.4363795,0.420704845814978,14.300000000000004,0.0999999999999943,0.5941470588235294,0
2026-06-08T11:19:47.035267,30.200000000000003,92.8,7034.85,74.4,93098837,47614060,202.01,0,339,SRV002,api-server-01,ap-south-1,production,140712897.91417181,0.420704845814978,14.300000000000004,0.0999999999999943,0.5941470588235294,0
2026-06-08T11:31:25.907382,40.6,96.6,7332.55,74.5,122971678,62676994,180.05,0,343,SRV001,web-server-01,ap-south-1,production,185648671.18988678,0.4397463002114165,-30.300000000000004,0.0999999999999943,0.5234011627906977,1
2026-06-08T11:18:32.975711,11.100000000000001,89.1,6827.21,74.4,92782931,47297903,203.74,0,340,SRV005,worker-server-01,ap-south-1,development,140080835.22041115,0.1940976163450624,-0.0999999999999978,1.5,0.5974780058651027,0
2026-06-08T11:32:45.770343,68.0,88.4,6771.26,74.5,123441047,64052264,103.9,0,344,SRV005,worker-server-01,ap-south-1,development,187493310.44236374,0.8810068649885583,54.3,1.1000000000000083,0.3011594202898551,0
2026-06-08T11:32:03.675473,60.7,84.8,6726.21,74.5,123217811,63163739,130.41,0,344,SRV005,worker-server-01,ap-south-1,development,186381551.0918733,0.7684331797235023,-10.299999999999995,2.0999999999999943,0.378,0
2026-06-08T11:13:48.422920,28.8,90.6,6944.96,74.4,91201761,46048808,106.78,0,336,SRV004,cache-server-01,eu-west-1,staging,137250569.98583952,0.2879464285714286,-2.8999999999999986,0.8999999999999915,0.3168545994065282,0
2026-06-08T11:30:35.647864,47.0,95.0,7285.31,74.5,122713138,62063674,87.35,0,342,SRV004,cache-server-01,eu-west-1,staging,184776812.5029312,0.4893617021276595,21.4,-1.4000000000000057,0.2546647230320699,1
2026-06-08T11:31:17.520297,58.0,93.5,7322.6,74.5,122930747,62632755,114.68,0,343,SRV004,cache-server-01,eu-west-1,staging,185563503.13721335,0.708994708994709,-19.200000000000003,0.2000000000000028,0.3333720930232558,1
2026-06-08T11:31:05.004439,48.3,91.9,7280.51,74.5,122867986,62432082,157.84,0,343,SRV001,web-server-01,ap-south-1,production,185300067.5548738,0.4185303514376996,-40.900000000000006,-0.2999999999999971,0.4588372093023256,1
2026-06-08T11:17:49.762560,9.9,90.9,7048.01,74.4,92623122,47183412,107.32,0,338,SRV003,database-server-01,us-east-1,production,139806535.74079913,0.1309130913091309,-4.0,0.5,0.3165781710914454,0
2026-06-08T11:31:46.682829,35.5,78.0,6422.06,74.5,123134035,62924234,107.7,0,344,SRV001,web-server-01,ap-south-1,production,186058269.58425713,0.4879518072289157,-56.400000000000006,0.0,0.3121739130434782,0
2026-06-08T11:16:53.647754,16.8,88.1,6746.95,74.4,92369699,47015525,115.63,0,336,SRV004,cache-server-01,eu-west-1,staging,139385223.93812492,0.2732491389207807,11.1,-0.1000000000000085,0.3431157270029673,0
2026-06-08T11:13:23.850596,41.0,87.6,7257.01,74.4,91132833,45994622,129.45,0,338,SRV005,worker-server-01,ap-south-1,development,137127454.7427449,0.3525641025641026,23.5,0.0999999999999943,0.3818584070796459,1
2026-06-08T11:14:19.203948,35.2,83.5,6932.37,74.4,91398989,46499361,78.44,0,337,SRV004,cache-server-01,eu-west-1,staging,137898349.57581758,0.3597765363128491,-36.6,-0.7000000000000028,0.2320710059171597,0
2026-06-08T11:18:57.564095,30.9,87.1,6979.52,74.4,92876622,47375778,108.62,0,340,SRV004,cache-server-01,eu-west-1,staging,140252400.46027967,0.4539400665926748,24.0,1.1999999999999886,0.3185337243401759,0
2026-06-08T11:32:45.770343,73.0,86.4,6771.26,74.5,123441047,64052264,103.9,0,344,SRV005,worker-server-01,ap-south-1,development,187493309.19799197,0.8810068649885583,54.3,1.1000000000000083,0.3011594202898551,0
2026-06-08T11:17:24.385929,45.6,84.4,7005.46,74.4,92524129,47104396,133.09,0,336,SRV004,cache-server-01,eu-west-1,staging,139628525.35763916,0.6150442477876106,40.1,5.0,0.3949258160237389,0
2026-06-08T11:33:15.173880,42.8,90.1,6748.42,74.5,123596304,64482183,174.88,0,344,SRV002,api-server-01,ap-south-1,production,188078488.38130185,0.5143513203214696,-29.8,-0.3000000000000113,0.5068985507246376,0
2026-06-08T11:14:13.096646,75.8,85.2,6993.2,74.4,91362013,46478788,124.0,0,339,SRV003,database-server-01,us-east-1,production,137840800.7479947,0.7627494456762749,23.2,2.1000000000000085,0.3647058823529411,0
2026-06-08T11:33:15.173880,49.8,90.1,6748.42,74.5,123596304,64482183,174.88,0,344,SRV002,api-server-01,ap-south-1,production,188078488.41475827,0.5143513203214696,-29.8,-0.3000000000000113,0.5068985507246376,0
2026-06-08T11:13:11.540021,37.9,94.9,7200.05,74.4,91098973,45970633,170.59,0,337,SRV003,database-server-01,us-east-1,production,137069607.87135455,0.5156081808396125,21.5,0.9000000000000057,0.5047041420118343,1
2026-06-08T11:31:59.294847,79.0,85.7,6560.95,74.5,123197071,63063170,177.82,0,344,SRV004,cache-server-01,eu-west-1,staging,186260242.58111727,0.9090909090909092,-19.700000000000003,-4.0,0.5154202898550725,0
2026-06-08T11:13:36.117234,3.1999999999999993,91.7,6874.81,74.4,91168862,46018511,96.06,0,336,SRV002,api-server-01,ap-south-1,production,137187371.34221646,0.1488162344983088,-11.6,-0.2999999999999971,0.2850445103857567,0
2026-06-08T11:30:39.833669,95.9,93.9,7283.15,74.5,122741354,62111451,91.87,0,343,SRV005,worker-server-01,ap-south-1,development,184852806.48525465,1.053248136315229,52.900000000000006,-0.0999999999999943,0.2670639534883721,1
2026-06-08T11:18:02.152872,6.5,89.9,6966.63,74.4,92659485,47210974,205.53,0,338,SRV005,worker-server-01,ap-south-1,development,139870458.62264273,0.0723025583982202,-11.8,-1.0999999999999943,0.606283185840708,0
2026-06-08T11:32:20.576921,50.7,85.3,6765.6,74.5,123305354,63529661,153.81,0,343,SRV004,cache-server-01,eu-west-1,staging,186835013.39962354,0.6036655211912945,-35.8,0.0999999999999943,0.4471220930232558,0
2026-06-08T11:19:16.006900,25.6,86.7,7030.89,74.4,92981258,47509532,126.31,0,340,SRV002,api-server-01,ap-south-1,production,140490789.7382599,0.2160970231532525,-14.0,0.0,0.3704105571847507,0
2026-06-08T11:16:16.602199,30.4,86.5,6777.17,74.4,92267654,46944309,92.35,0,336,SRV003,database-server-01,us-east-1,production,139211963.98821223,0.256,-4.700000000000003,0.0999999999999943,0.2740356083086053,0
2026-06-08T11:17:05.935258,17.0,84.4,6771.88,74.4,92435082,47048159,97.86,0,336,SRV001,web-server-01,ap-south-1,production,139483242.7003623,0.11441647597254,-9.4,0.2000000000000028,0.2903857566765578,0
2026-06-08T11:18:26.729159,15.2,84.6,6708.41,74.4,92742447,47266662,99.99,0,337,SRV004,cache-server-01,eu-west-1,staging,140009109.19840044,0.1986143187066974,-17.900000000000002,-0.1000000000000085,0.2958284023668638,0
2026-06-08T11:19:03.695792,19.6,89.1,6977.82,74.4,92903185,47472636,91.91,0,340,SRV005,worker-server-01,ap-south-1,development,140375821.9414598,0.2064372918978912,-22.3,0.0,0.2695307917888563,0
2026-06-08T11:18:14.441285,-0.1999999999999993,85.9,6963.88,74.4,92702808,47244587,101.36,0,337,SRV002,api-server-01,ap-south-1,production,139947394.17674142,0.0978865406006674,-8.2,0.7000000000000028,0.2998816568047337,0
2026-06-08T11:20:24.098528,7.0,91.3,7312.16,74.4,93258296,47706231,127.44,0,337,SRV003,database-server-01,us-east-1,production,140964525.37427226,0.1696712619300106,1.4000000000000004,0.2000000000000028,0.3770414201183432,1
2026-06-08T11:13:48.422920,18.8,87.6,6944.96,74.4,91201761,46048808,106.78,0,336,SRV004,cache-server-01,eu-west-1,staging,137250569.53999448,0.2879464285714286,-2.8999999999999986,0.8999999999999915,0.3168545994065282,0
2026-06-08T11:18:32.975711,23.1,84.1,6827.21,74.4,92782931,47297903,203.74,0,340,SRV005,worker-server-01,ap-south-1,development,140080835.81002855,0.1940976163450624,-0.0999999999999978,1.5,0.5974780058651027,0
2026-06-08T11:33:23.564465,37.9,88.6,6783.65,74.5,123649803,64554328,153.52,0,344,SRV004,cache-server-01,eu-west-1,staging,188204132.92296892,0.341324200913242,-61.00000000000001,0.0999999999999943,0.4449855072463768,0
2026-06-08T11:17:18.223309,17.5,85.4,6615.88,74.4,92502200,47075516,116.07,0,335,SRV003,database-server-01,us-east-1,production,139577715.80983728,0.1814988290398126,-3.3999999999999986,0.3000000000000113,0.3454464285714285,0
2026-06-08T11:15:27.144054,24.1,85.5,6624.39,74.4,92050410,46835498,141.2,0,338,SRV005,worker-server-01,ap-south-1,development,138885906.09984002,0.352046783625731,2.900000000000002,0.2999999999999971,0.4165191740412979,0
2026-06-08T11:19:47.035267,44.2,90.8,7034.85,74.4,93098837,47614060,202.01,0,339,SRV002,api-server-01,ap-south-1,production,140712898.7201426,0.420704845814978,14.300000000000004,0.0999999999999943,0.5941470588235294,0
2026-06-08T11:14:56.193454,29.4,90.4,7080.66,74.4,91710325,46684108,117.15,0,336,SRV005,worker-server-01,ap-south-1,development,138394434.10111523,0.387308533916849,-26.9,-1.1999999999999886,0.3476261127596439,1
2026-06-08T11:20:36.368160,35.0,90.8,7352.41,74.4,93299560,47731010,120.52,0,337,SRV005,worker-server-01,ap-south-1,development,141030571.36506307,0.3375527426160337,-1.2999999999999972,0.3999999999999915,0.3565680473372781,1
2026-06-08T11:13:11.540021,55.9,87.9,7200.05,74.4,91098973,45970633,170.59,0,337,SRV003,database-server-01,us-east-1,production,137069607.59668052,0.5156081808396125,21.5,0.9000000000000057,0.5047041420118343,1
2026-06-08T11:15:02.542413,91.0,86.8,7115.2,74.4,91766263,46707296,100.35,0,338,SRV001,web-server-01,ap-south-1,production,138473559.91070506,0.8932461873638344,46.6,0.3999999999999915,0.2960176991150442,1
2026-06-08T11:15:45.664174,27.1,88.5,6697.25,74.4,92114735,46873976,122.21,0,338,SRV003,database-server-01,us-east-1,production,138988710.50887245,0.2439306358381503,-21.9,0.0999999999999943,0.3605014749262537,0
2026-06-08T11:14:43.803217,36.7,87.5,7166.46,74.4,91480323,46551568,122.22,0,336,SRV003,database-server-01,us-east-1,production,138031892.91197422,0.3318918918918919,13.099999999999998,0.7000000000000028,0.3626706231454006,1
2026-06-08T11:31:42.532883,92.9,86.0,6425.05,74.5,123100787,62875623,57.28,0,344,SRV005,worker-server-01,ap-south-1,development,185976411.60568136,1.1674698795180725,20.10000000000001,-2.5999999999999943,0.1660289855072463,1
2026-06-08T11:33:15.173880,47.8,88.1,6748.42,74.5,123596304,64482183,174.88,0,344,SRV002,api-server-01,ap-south-1,production,188078486.75556844,0.5143513203214696,-29.8,-0.3000000000000113,0.5068985507246376,0
2026-06-08T11:19:59.504498,44.9,87.6,7257.89,74.4,93162595,47647329,197.47,0,339,SRV004,cache-server-01,eu-west-1,staging,140809922.76318344,0.4583333333333333,1.0,2.799999999999997,0.5807941176470588,1
2026-06-08T11:32:45.770343,76.0,87.4,6771.26,74.5,123441047,64052264,103.9,0,344,SRV005,worker-server-01,ap-south-1,development,187493310.8391475,0.8810068649885583,54.3,1.1000000000000083,0.3011594202898551,0
2026-06-08T11:17:55.907061,14.3,94.0,7054.89,74.4,92640227,47199373,108.57,0,338,SRV004,cache-server-01,eu-west-1,staging,139839599.90123376,0.2010989010989011,6.4,0.0999999999999943,0.3202654867256637,0
2026-06-08T11:17:24.385929,58.6,92.4,7005.46,74.4,92524129,47104396,133.09,0,336,SRV004,cache-server-01,eu-west-1,staging,139628524.29996318,0.6150442477876106,40.1,5.0,0.3949258160237389,0
2026-06-08T11:32:12.077588,60.7,80.1,6665.66,74.5,123260520,63352172,154.57,0,344,SRV002,api-server-01,ap-south-1,production,186612690.14547676,0.6004645760743322,-2.0999999999999943,-0.9000000000000057,0.4480289855072463,0
2026-06-08T11:14:13.096646,70.8,89.2,6993.2,74.4,91362013,46478788,124.0,0,339,SRV003,database-server-01,us-east-1,production,137840800.2808694,0.7627494456762749,23.2,2.1000000000000085,0.3647058823529411,0
2026-06-08T11:31:38.415692,78.8,83.6,6629.71,74.5,123077280,62838072,60.56,0,343,SRV004,cache-server-01,eu-west-1,staging,185915352.8807144,0.897196261682243,-16.10000000000001,-10.100000000000009,0.176046511627907,0
2026-06-08T11:17:37.474660,35.0,91.5,7014.91,74.4,92582628,47155186,102.45,0,337,SRV001,web-server-01,ap-south-1,production,139737813.35717747,0.3093922651933701,13.9,0.4000000000000057,0.3031065088757396,0
2026-06-08T11:18:26.729159,20.2,88.6,6708.41,74.4,92742447,47266662,99.99,0,337,SRV004,cache-server-01,eu-west-1,staging,140009107.8846769,0.1986143187066974,-17.900000000000002,-0.1000000000000085,0.2958284023668638,0
2026-06-08T11:32:03.675473,66.7,87.8,6726.21,74.5,123217811,63163739,130.41,0,344,SRV005,worker-server-01,ap-south-1,development,186381551.811649,0.7684331797235023,-10.299999999999995,2.0999999999999943,0.378,0
2026-06-08T11:32:20.576921,45.7,86.3,6765.6,74.5,123305354,63529661,153.81,0,343,SRV004,cache-server-01,eu-west-1,staging,186835015.14279297,0.6036655211912945,-35.8,0.0999999999999943,0.4471220930232558,0
2026-06-08T11:31:59.294847,69.0,87.7,6560.95,74.5,123197071,63063170,177.82,0,344,SRV004,cache-server-01,eu-west-1,staging,186260239.0217487,0.9090909090909092,-19.700000000000003,-4.0,0.5154202898550725,0
2026-06-08T11:14:43.803217,22.7,91.5,7166.46,74.4,91480323,46551568,122.22,0,336,SRV003,database-server-01,us-east-1,production,138031889.3318825,0.3318918918918919,13.099999999999998,0.7000000000000028,0.3626706231454006,1
2026-06-08T11:17:12.079570,19.9,86.1,6592.82,74.4,92463626,47059812,120.37,0,336,SRV002,api-server-01,ap-south-1,production,139523437.93310627,0.2220916568742655,8.899999999999999,-2.300000000000012,0.3571810089020771,0
2026-06-08T11:13:11.540021,39.9,93.9,7200.05,74.4,91098973,45970633,170.59,0,337,SRV003,database-server-01,us-east-1,production,137069607.3915731,0.5156081808396125,21.5,0.9000000000000057,0.5047041420118343,1
2026-06-08T11:15:14.831093,45.0,92.6,6943.11,74.4,91855901,46754100,106.51,0,338,SRV003,database-server-01,us-east-1,production,138610001.98164588,0.4799107142857143,-10.799999999999995,-4.400000000000006,0.314188790560472,0
2026-06-08T11:15:08.686774,56.8,88.0,7284.44,74.4,91819835,46729666,113.22,0,338,SRV002,api-server-01,ap-south-1,production,138549500.29907286,0.5723404255319149,-28.200000000000003,2.200000000000003,0.3339823008849557,1
2026-06-08T11:20:36.368160,25.0,92.8,7352.41,74.4,93299560,47731010,120.52,0,337,SRV005,worker-server-01,ap-south-1,development,141030569.6883064,0.3375527426160337,-1.2999999999999972,0.3999999999999915,0.3565680473372781,1
2026-06-08T11:33:10.974811,82.6,90.4,6767.39,74.5,123576736,64454808,230.11,0,344,SRV001,web-server-01,ap-south-1,production,188031544.35401395,0.8535469107551487,-1.9000000000000057,0.1000000000000085,0.6669855072463768,0
2026-06-08T11:17:18.223309,20.5,83.4,6615.88,74.4,92502200,47075516,116.07,0,335,SRV003,database-server-01,us-east-1,production,139577717.30702925,0.1814988290398126,-3.3999999999999986,0.3000000000000113,0.3454464285714285,0
2026-06-08T11:14:50.020526,65.3,91.6,7178.71,74.4,91535975,46573727,111.33,0,336,SRV004,cache-server-01,eu-west-1,staging,138109701.91305384,0.6727861771058316,31.6,0.0999999999999943,0.3303560830860534,1
2026-06-08T11:33:10.974811,70.6,89.4,6767.39,74.5,123576736,64454808,230.11,0,344,SRV001,web-server-01,ap-south-1,production,188031543.23238564,0.8535469107551487,-1.9000000000000057,0.1000000000000085,0.6669855072463768,0
2026-06-08T11:13:17.694905,3.5,96.5,7245.87,74.4,91115694,45982198,103.63,0,337,SRV004,cache-server-01,eu-west-1,staging,137097891.84768662,0.1016042780748663,-38.4,0.5999999999999943,0.3065976331360946,1
2026-06-08T11:20:54.800941,14.600000000000001,97.4,7393.33,74.4,93381171,48119443,111.01,0,338,SRV003,database-server-01,us-east-1,production,141500614.50456673,0.2578616352201258,7.400000000000002,0.6000000000000085,0.3274631268436578,1
2026-06-08T11:19:40.789986,13.899999999999999,88.7,7030.91,74.4,93076684,47597455,140.35,0,339,SRV001,web-server-01,ap-south-1,production,140674139.50029802,0.2635060639470782,-2.1000000000000014,0.2999999999999971,0.4127941176470588,0
2026-06-08T11:18:08.298829,25.0,89.2,6913.36,74.4,92686497,47231295,100.68,0,337,SRV001,web-server-01,ap-south-1,production,139917793.94099262,0.1905829596412556,10.5,-0.7000000000000028,0.2978698224852071,0
2026-06-08T11:12:59.149714,43.6,85.6,7100.05,74.4,91043804,45926142,147.91,0,335,SRV001,web-server-01,ap-south-1,production,136969946.1905222,0.5305676855895197,0.0,0.0,0.4402083333333333,1
2026-06-08T11:15:14.831093,52.0,85.6,6943.11,74.4,91855901,46754100,106.51,0,338,SRV003,database-server-01,us-east-1,production,138610002.17754346,0.4799107142857143,-10.799999999999995,-4.400000000000006,0.314188790560472,0
2026-06-08T11:17:49.762560,9.9,84.9,7048.01,74.4,92623122,47183412,107.32,0,338,SRV003,database-server-01,us-east-1,production,139806532.6970708,0.1309130913091309,-4.0,0.5,0.3165781710914454,0
2026-06-08T11:16:35.112017,26.700000000000003,84.6,6710.79,74.4,92318275,46982427,83.27,0,336,SRV001,web-server-01,ap-south-1,production,139300703.96012852,0.4237875288683603,14.400000000000002,-0.8000000000000114,0.2470919881305638,0
2026-06-08T11:33:15.173880,43.8,84.1,6748.42,74.5,123596304,64482183,174.88,0,344,SRV002,api-server-01,ap-south-1,production,188078488.63596544,0.5143513203214696,-29.8,-0.3000000000000113,0.5068985507246376,0
2026-06-08T11:15:08.686774,53.8,91.0,7284.44,74.4,91819835,46729666,113.22,0,338,SRV002,api-server-01,ap-south-1,production,138549502.5817811,0.5723404255319149,-28.200000000000003,2.200000000000003,0.3339823008849557,1
2026-06-08T11:30:39.833669,101.9,96.9,7283.15,74.5,122741354,62111451,91.87,0,343,SRV005,worker-server-01,ap-south-1,development,184852803.02732992,1.053248136315229,52.900000000000006,-0.0999999999999943,0.2670639534883721,1
2026-06-08T11:14:50.020526,70.3,88.6,7178.71,74.4,91535975,46573727,111.33,0,336,SRV004,cache-server-01,eu-west-1,staging,138109700.90128285,0.6727861771058316,31.6,0.0999999999999943,0.3303560830860534,1
2026-06-08T11:32:28.975147,36.6,83.3,6765.18,74.5,123347407,63679753,126.22,0,343,SRV001,web-server-01,ap-south-1,production,187027161.2152515,0.5223367697594502,-15.799999999999995,0.0,0.3669186046511627,0
2026-06-08T11:15:58.145405,27.5,81.7,6790.75,74.4,92181695,46902466,182.86,0,338,SRV005,worker-server-01,ap-south-1,development,139084159.94232276,0.2223489167616875,-11.0,0.7000000000000028,0.5394100294985251,0
2026-06-08T11:18:20.585453,34.1,89.7,6712.98,74.4,92721960,47255427,113.42,0,337,SRV003,database-server-01,us-east-1,production,139977385.35268897,0.4048442906574394,26.3,-3.200000000000003,0.3355621301775148,0
2026-06-08T11:19:03.695792,23.6,85.1,6977.82,74.4,92903185,47472636,91.91,0,340,SRV005,worker-server-01,ap-south-1,development,140375821.3417314,0.2064372918978912,-22.3,0.0,0.2695307917888563,0
2026-06-08T11:14:56.193454,43.4,94.4,7080.66,74.4,91710325,46684108,117.15,0,336,SRV005,worker-server-01,ap-south-1,development,138394431.51833406,0.387308533916849,-26.9,-1.1999999999999886,0.3476261127596439,1
2026-06-08T11:17:55.907061,13.3,91.0,7054.89,74.4,92640227,47199373,108.57,0,338,SRV004,cache-server-01,eu-west-1,staging,139839598.51227403,0.2010989010989011,6.4,0.0999999999999943,0.3202654867256637,0
2026-06-08T11:32:58.362077,98.0,88.6,6708.72,74.5,123512584,64323053,166.94,0,344,SRV003,database-server-01,us-east-1,production,187835638.73086834,1.0969976905311778,36.1,-0.8000000000000114,0.4838840579710144,1
2026-06-08T11:18:45.282146,22.1,86.7,6871.71,74.4,92822712,47332528,124.19,0,340,SRV002,api-server-01,ap-south-1,production,140155238.8937025,0.3618940248027057,-7.199999999999996,0.2000000000000028,0.3641935483870968,0
2026-06-08T11:14:00.795334,56.3,85.6,7101.47,74.4,91239788,46199425,90.98,0,338,SRV001,web-server-01,ap-south-1,production,137439214.57631353,0.5709606986899564,38.7,1.5999999999999943,0.2683775811209439,1
2026-06-08T11:17:12.079570,24.9,81.1,6592.82,74.4,92463626,47059812,120.37,0,336,SRV002,api-server-01,ap-south-1,production,139523438.58481377,0.2220916568742655,8.899999999999999,-2.300000000000012,0.3571810089020771,0
2026-06-08T11:32:54.164046,48.9,88.4,6766.25,74.5,123480415,64243303,158.18,0,345,SRV002,api-server-01,ap-south-1,production,187723718.686898,0.6739130434782609,11.6,0.0,0.4571676300578035,0
2026-06-08T11:32:41.567763,13.7,87.3,6684.21,74.5,123409099,63932696,143.97,0,344,SRV004,cache-server-01,eu-west-1,staging,187341795.28912425,0.2630359212050985,-67.6,0.5999999999999943,0.4173043478260869,0
2026-06-08T11:33:19.371107,89.9,81.5,6774.47,74.5,123623178,64522985,137.16,0,344,SRV003,database-server-01,us-east-1,production,188146163.27138796,1.038857142857143,46.10000000000001,0.4000000000000057,0.3975652173913043,1
2026-06-08T11:30:35.647864,46.0,89.0,7285.31,74.5,122713138,62063674,87.35,0,342,SRV004,cache-server-01,eu-west-1,staging,184776810.10728836,0.4893617021276595,21.4,-1.4000000000000057,0.2546647230320699,1
2026-06-08T11:14:56.193454,37.4,85.4,7080.66,74.4,91710325,46684108,117.15,0,336,SRV005,worker-server-01,ap-south-1,development,138394432.46248078,0.387308533916849,-26.9,-1.1999999999999886,0.3476261127596439,1
2026-06-08T11:32:07.899937,52.8,89.0,6741.8,74.5,123243255,63241537,189.29,0,344,SRV001,web-server-01,ap-south-1,production,186484793.69625497,0.6183908045977011,-12.900000000000006,0.2000000000000028,0.5486666666666666,0
2026-06-08T11:31:38.415692,71.8,84.6,6629.71,74.5,123077280,62838072,60.56,0,343,SRV004,cache-server-01,eu-west-1,staging,185915351.18957934,0.897196261682243,-16.10000000000001,-10.100000000000009,0.176046511627907,0
2026-06-08T11:20:24.098528,7.0,90.3,7312.16,74.4,93258296,47706231,127.44,0,337,SRV003,database-server-01,us-east-1,production,140964525.27172083,0.1696712619300106,1.4000000000000004,0.2000000000000028,0.3770414201183432,1
2026-06-08T11:18:57.564095,48.9,93.1,6979.52,74.4,92876622,47375778,108.62,0,340,SRV004,cache-server-01,eu-west-1,staging,140252399.8306806,0.4539400665926748,24.0,1.1999999999999886,0.3185337243401759,0
2026-06-08T11:17:24.385929,56.6,86.4,7005.46,74.4,92524129,47104396,133.09,0,336,SRV004,cache-server-01,eu-west-1,staging,139628525.16974047,0.6150442477876106,40.1,5.0,0.3949258160237389,0
2026-06-08T11:15:20.974637,18.2,82.2,6594.36,74.4,92011208,46820800,110.81,0,338,SRV004,cache-server-01,eu-west-1,staging,138832006.8059612,0.3192488262910798,-15.8,-4.399999999999992,0.3268731563421829,0
2026-06-08T11:20:17.947455,16.6,95.1,7296.84,74.4,93232627,47692382,109.12,0,337,SRV002,api-server-01,ap-south-1,production,140925009.48044184,0.155154091392136,5.1,0.3999999999999915,0.3228402366863905,1
2026-06-08T11:13:36.117234,15.2,87.7,6874.81,74.4,91168862,46018511,96.06,0,336,SRV002,api-server-01,ap-south-1,production,137187372.80091414,0.1488162344983088,-11.6,-0.2999999999999971,0.2850445103857567,0
2026-06-08T11:33:10.974811,68.6,87.4,6767.39,74.5,123576736,64454808,230.11,0,344,SRV001,web-server-01,ap-south-1,production,188031545.09745952,0.8535469107551487,-1.9000000000000057,0.1000000000000085,0.6669855072463768,0
2026-06-08T11:18:14.441285,-1.1999999999999993,91.9,6963.88,74.4,92702808,47244587,101.36,0,337,SRV002,api-server-01,ap-south-1,production,139947394.81933743,0.0978865406006674,-8.2,0.7000000000000028,0.2998816568047337,0
2026-06-08T11:33:02.565085,31.0,84.0,6738.93,74.5,123530867,64397800,136.53,0,344,SRV004,cache-server-01,eu-west-1,staging,187928668.33025452,0.2988505747126437,-69.0,0.4000000000000057,0.3957391304347826,0
2026-06-08T11:18:26.729159,17.2,81.6,6708.41,74.4,92742447,47266662,99.99,0,337,SRV004,cache-server-01,eu-west-1,staging,140009107.4315568,0.1986143187066974,-17.900000000000002,-0.1000000000000085,0.2958284023668638,0
2026-06-08T11:18:57.564095,31.9,90.1,6979.52,74.4,92876622,47375778,108.62,0,340,SRV004,cache-server-01,eu-west-1,staging,140252400.5646195,0.4539400665926748,24.0,1.1999999999999886,0.3185337243401759,0
2026-06-08T11:33:06.704177,77.5,86.3,6759.52,74.5,123558923,64442561,89.35,0,344,SRV005,worker-server-01,ap-south-1,development,188001483.86277208,0.8762886597938144,50.5,0.2999999999999971,0.2589855072463768,0
2026-06-08T11:13:36.117234,13.2,82.7,6874.81,74.4,91168862,46018511,96.06,0,336,SRV002,api-server-01,ap-south-1,production,137187372.8664611,0.1488162344983088,-11.6,-0.2999999999999971,0.2850445103857567,0
2026-06-08T11:13:17.694905,2.5,89.5,7245.87,74.4,91115694,45982198,103.63,0,337,SRV004,cache-server-01,eu-west-1,staging,137097891.38060737,0.1016042780748663,-38.4,0.5999999999999943,0.3065976331360946,1
2026-06-08T11:31:25.907382,39.6,97.6,7332.55,74.5,122971678,62676994,180.05,0,343,SRV001,web-server-01,ap-south-1,production,185648671.6484674,0.4397463002114165,-30.300000000000004,0.0999999999999943,0.5234011627906977,1
2026-06-08T11:15:20.974637,26.2,79.2,6594.36,74.4,92011208,46820800,110.81,0,338,SRV004,cache-server-01,eu-west-1,staging,138832006.3630734,0.3192488262910798,-15.8,-4.399999999999992,0.3268731563421829,0
2026-06-08T11:31:13.299427,92.2,93.3,7313.95,74.5,122914542,62570882,163.12,0,343,SRV003,database-server-01,us-east-1,production,185485425.91285536,0.914103923647932,17.799999999999997,0.3999999999999915,0.4741860465116279,1
2026-06-08T11:18:20.585453,43.1,83.7,6712.98,74.4,92721960,47255427,113.42,0,337,SRV003,database-server-01,us-east-1,production,139977386.18903822,0.4048442906574394,26.3,-3.200000000000003,0.3355621301775148,0
2026-06-08T11:18:32.975711,13.100000000000001,83.1,6827.21,74.4,92782931,47297903,203.74,0,340,SRV005,worker-server-01,ap-south-1,development,140080835.8042779,0.1940976163450624,-0.0999999999999978,1.5,0.5974780058651027,0
2026-06-08T11:15:45.664174,25.1,85.5,6697.25,74.4,92114735,46873976,122.21,0,338,SRV003,database-server-01,us-east-1,production,138988710.3925208,0.2439306358381503,-21.9,0.0999999999999943,0.3605014749262537,0
2026-06-08T11:30:48.215012,58.3,93.5,7244.77,74.5,122792602,62211313,162.08,0,343,SRV002,api-server-01,ap-south-1,production,185003916.5037604,0.6877005347593582,10.5,-0.0999999999999943,0.4711627906976744,1
2026-06-08T11:18:20.585453,40.1,83.7,6712.98,74.4,92721960,47255427,113.42,0,337,SRV003,database-server-01,us-east-1,production,139977387.780416,0.4048442906574394,26.3,-3.200000000000003,0.3355621301775148,0
2026-06-08T11:31:25.907382,34.6,93.6,7332.55,74.5,122971678,62676994,180.05,0,343,SRV001,web-server-01,ap-south-1,production,185648670.70261487,0.4397463002114165,-30.300000000000004,0.0999999999999943,0.5234011627906977,1
2026-06-08T11:17:37.474660,30.0,86.5,7014.91,74.4,92582628,47155186,102.45,0,337,SRV001,web-server-01,ap-south-1,production,139737813.63187465,0.3093922651933701,13.9,0.4000000000000057,0.3031065088757396,0
2026-06-08T11:15:45.664174,20.1,89.5,6697.25,74.4,92114735,46873976,122.21,0,338,SRV003,database-server-01,us-east-1,production,138988712.72550038,0.2439306358381503,-21.9,0.0999999999999943,0.3605014749262537,0
2026-06-08T11:19:16.006900,28.6,93.7,7030.89,74.4,92981258,47509532,126.31,0,340,SRV002,api-server-01,ap-south-1,production,140490789.36262357,0.2160970231532525,-14.0,0.0,0.3704105571847507,0
2026-06-08T11:30:56.609152,50.7,88.3,7229.7,74.5,122832024,62333146,163.84,0,343,SRV004,cache-server-01,eu-west-1,staging,185165170.4930491,0.4469453376205788,-29.599999999999994,-0.2000000000000028,0.4762790697674419,1
2026-06-08T11:18:02.152872,1.5,90.9,6966.63,74.4,92659485,47210974,205.53,0,338,SRV005,worker-server-01,ap-south-1,development,139870457.1882777,0.0723025583982202,-11.8,-1.0999999999999943,0.606283185840708,0
2026-06-08T11:32:03.675473,65.7,82.8,6726.21,74.5,123217811,63163739,130.41,0,344,SRV005,worker-server-01,ap-south-1,development,186381551.85303277,0.7684331797235023,-10.299999999999995,2.0999999999999943,0.378,0
2026-06-08T11:31:55.088538,101.7,86.7,6872.24,74.5,123178364,62977072,121.51,0,344,SRV003,database-server-01,us-east-1,production,186155435.75152957,1.0901916572717023,28.700000000000003,5.6000000000000085,0.3522028985507247,1
2026-06-08T11:16:41.257898,37.6,85.5,6774.29,74.4,92336825,46994096,117.66,0,336,SRV002,api-server-01,ap-south-1,production,139330921.44484195,0.3611428571428571,-5.100000000000001,0.9000000000000057,0.3491394658753709,0
2026-06-08T11:16:28.992223,19.3,90.4,6769.2,74.4,92300417,46971160,122.62,0,336,SRV005,worker-server-01,ap-south-1,development,139271578.8431405,0.2551487414187643,6.300000000000001,0.1000000000000085,0.3638575667655786,0
2026-06-08T11:17:18.223309,8.5,81.4,6615.88,74.4,92502200,47075516,116.07,0,335,SRV003,database-server-01,us-east-1,production,139577715.11431938,0.1814988290398126,-3.3999999999999986,0.3000000000000113,0.3454464285714285,0
2026-06-08T11:13:11.540021,45.9,95.9,7200.05,74.4,91098973,45970633,170.59,0,337,SRV003,database-server-01,us-east-1,production,137069604.34707794,0.5156081808396125,21.5,0.9000000000000057,0.5047041420118343,1
2026-06-08T11:14:31.515623,33.7,89.6,7179.52,74.4,91428205,46520735,102.32,0,337,SRV001,web-server-01,ap-south-1,production,137948939.61796775,0.4719222462203024,9.200000000000005,2.299999999999997,0.3027218934911242,1
2026-06-08T11:31:00.806140,82.2,90.2,7301.48,74.5,122850757,62388746,110.34,0,345,SRV005,worker-server-01,ap-south-1,development,185239501.06338006,0.851380042462845,38.5,0.9000000000000057,0.3189017341040462,1
2026-06-08T11:13:17.694905,0.5,88.5,7245.87,74.4,91115694,45982198,103.63,0,337,SRV004,cache-server-01,eu-west-1,staging,137097893.1825881,0.1016042780748663,-38.4,0.5999999999999943,0.3065976331360946,1
2026-06-08T11:18:14.441285,10.8,87.9,6963.88,74.4,92702808,47244587,101.36,0,337,SRV002,api-server-01,ap-south-1,production,139947394.04672498,0.0978865406006674,-8.2,0.7000000000000028,0.2998816568047337,0
2026-06-08T11:13:17.694905,17.5,90.5,7245.87,74.4,91115694,45982198,103.63,0,337,SRV004,cache-server-01,eu-west-1,staging,137097891.58947828,0.1016042780748663,-38.4,0.5999999999999943,0.3065976331360946,1
2026-06-08T11:16:04.289775,32.7,86.1,6744.16,74.4,92199403,46914079,113.11,0,336,SRV001,web-server-01,ap-south-1,production,139113481.88321298,0.4098737083811711,16.200000000000003,-0.6000000000000085,0.3356379821958457,0
2026-06-08T11:16:16.602199,18.4,81.5,6777.17,74.4,92267654,46944309,92.35,0,336,SRV003,database-server-01,us-east-1,production,139211962.54609028,0.256,-4.700000000000003,0.0999999999999943,0.2740356083086053,0
2026-06-08T11:16:41.257898,37.6,85.5,6774.29,74.4,92336825,46994096,117.66,0,336,SRV002,api-server-01,ap-south-1,production,139330922.6201464,0.3611428571428571,-5.100000000000001,0.9000000000000057,0.3491394658753709,0
2026-06-08T11:13:42.280798,33.7,83.7,6872.73,74.4,91181185,46028794,119.4,0,336,SRV003,database-server-01,us-east-1,production,137209978.6342817,0.3235625704622322,15.5,0.0,0.3543026706231454,0
2026-06-08T11:16:59.791192,22.4,82.2,6751.6,74.4,92389506,47027987,119.21,0,336,SRV005,worker-server-01,ap-south-1,development,139417494.08207834,0.2224770642201834,-4.400000000000002,0.1000000000000085,0.3537388724035608,0
2026-06-08T11:20:48.656903,11.2,89.8,7352.82,74.4,93357570,48102662,89.49,0,338,SRV002,api-server-01,ap-south-1,production,141460231.48205045,0.1814345991561181,-15.2,0.0,0.2639823008849557,1
2026-06-08T11:32:54.164046,56.9,83.4,6766.25,74.5,123480415,64243303,158.18,0,345,SRV002,api-server-01,ap-south-1,production,187723716.7561782,0.6739130434782609,11.6,0.0,0.4571676300578035,0
2026-06-08T11:15:39.510036,43.0,85.4,6691.67,74.4,92096755,46861913,87.54,0,338,SRV002,api-server-01,ap-south-1,production,138958667.05731684,0.4976851851851852,18.9,0.6000000000000085,0.2582300884955752,0
2026-06-08T11:20:30.224148,33.3,95.4,7315.95,74.4,93277671,47718867,96.2,0,338,SRV004,cache-server-01,eu-west-1,staging,140996538.21061584,0.3527542372881355,17.299999999999997,0.1000000000000085,0.2837758112094395,1
2026-06-08T11:15:51.919492,22.5,82.0,6734.82,74.4,92138355,46886226,217.94,0,338,SRV004,cache-server-01,eu-west-1,staging,139024581.6104988,0.3505747126436782,9.4,0.5,0.6428908554572271,0
2026-06-08T11:20:54.800941,14.600000000000001,98.4,7393.33,74.4,93381171,48119443,111.01,0,338,SRV003,database-server-01,us-east-1,production,141500612.37286404,0.2578616352201258,7.400000000000002,0.6000000000000085,0.3274631268436578,1
2026-06-08T11:17:31.333238,21.1,91.1,6980.7,74.4,92548569,47123637,914.95,0,337,SRV005,worker-server-01,ap-south-1,development,139672204.39134336,0.1564927857935627,-41.5,-0.3000000000000113,2.7069526627218936,0
2026-06-08T11:19:22.263984,15.5,92.9,7041.53,74.4,93009124,47546089,220.92,0,340,SRV003,database-server-01,us-east-1,production,140555213.61651507,0.1265126512651265,-8.100000000000001,0.2000000000000028,0.6478592375366569,0
2026-06-08T11:16:10.460365,33.1,83.4,6769.83,74.4,92224651,46927105,138.78,0,336,SRV002,api-server-01,ap-south-1,production,139151756.43808523,0.3100686498855835,-8.600000000000001,0.3000000000000113,0.4118100890207715,0
2026-06-08T11:20:36.368160,24.0,88.8,7352.41,74.4,93299560,47731010,120.52,0,337,SRV005,worker-server-01,ap-south-1,development,141030571.4884948,0.3375527426160337,-1.2999999999999972,0.3999999999999915,0.3565680473372781,1
2026-06-08T11:14:43.803217,36.7,93.5,7166.46,74.4,91480323,46551568,122.22,0,336,SRV003,database-server-01,us-east-1,production,138031890.52428225,0.3318918918918919,13.099999999999998,0.7000000000000028,0.3626706231454006,1
2026-06-08T11:17:31.333238,9.1,84.1,6980.7,74.4,92548569,47123637,914.95,0,337,SRV005,worker-server-01,ap-south-1,development,139672204.81472805,0.1564927857935627,-41.5,-0.3000000000000113,2.7069526627218936,0
2026-06-08T11:13:23.850596,23.0,94.6,7257.01,74.4,91132833,45994622,129.45,0,338,SRV005,worker-server-01,ap-south-1,development,137127453.0306701,0.3525641025641026,23.5,0.0999999999999943,0.3818584070796459,1
2026-06-08T11:13:05.314616,19.4,94.0,7129.16,74.4,91071166,45946253,136.55,0,337,SRV002,api-server-01,ap-south-1,production,137017418.25591376,0.2869565217391304,-22.200000000000003,0.4000000000000057,0.4039940828402367,1
2026-06-08T11:18:51.408384,24.9,91.9,6889.67,74.4,92847790,47350793,97.71,0,340,SRV003,database-server-01,us-east-1,production,140198581.43745816,0.1901012373453318,-15.200000000000005,0.2000000000000028,0.2865395894428152,0
2026-06-08T11:18:45.282146,37.1,82.7,6871.71,74.4,92822712,47332528,124.19,0,340,SRV002,api-server-01,ap-south-1,production,140155240.02133128,0.3618940248027057,-7.199999999999996,0.2000000000000028,0.3641935483870968,0
2026-06-08T11:31:38.415692,80.8,88.6,6629.71,74.5,123077280,62838072,60.56,0,343,SRV004,cache-server-01,eu-west-1,staging,185915353.1513023,0.897196261682243,-16.10000000000001,-10.100000000000009,0.176046511627907,0
2026-06-08T11:14:06.934830,52.6,91.1,6823.69,74.4,91310075,46325200,124.7,0,337,SRV002,api-server-01,ap-south-1,production,137635276.34732902,0.5175936435868332,-6.699999999999996,-3.5,0.3689349112426036,0
2026-06-08T11:33:23.564465,29.9,90.6,6783.65,74.5,123649803,64554328,153.52,0,344,SRV004,cache-server-01,eu-west-1,staging,188204130.02744454,0.341324200913242,-61.00000000000001,0.0999999999999943,0.4449855072463768,0
2026-06-08T11:16:04.289775,30.700000000000003,82.1,6744.16,74.4,92199403,46914079,113.11,0,336,SRV001,web-server-01,ap-south-1,production,139113483.83094862,0.4098737083811711,16.200000000000003,-0.6000000000000085,0.3356379821958457,0
2026-06-08T11:18:32.975711,19.1,89.1,6827.21,74.4,92782931,47297903,203.74,0,340,SRV005,worker-server-01,ap-south-1,development,140080833.317499,0.1940976163450624,-0.0999999999999978,1.5,0.5974780058651027,0
2026-06-08T11:13:36.117234,21.2,90.7,6874.81,74.4,91168862,46018511,96.06,0,336,SRV002,api-server-01,ap-south-1,production,137187374.12093365,0.1488162344983088,-11.6,-0.2999999999999971,0.2850445103857567,0
2026-06-08T11:18:14.441285,15.8,85.9,6963.88,74.4,92702808,47244587,101.36,0,337,SRV002,api-server-01,ap-south-1,production,139947396.5070527,0.0978865406006674,-8.2,0.7000000000000028,0.2998816568047337,0
2026-06-08T11:32:16.388014,90.5,83.2,6757.16,74.5,123285575,63494984,162.12,0,343,SRV003,database-server-01,us-east-1,production,186780557.88527966,1.014908256880734,36.8,1.1000000000000083,0.4712790697674419,0
2026-06-08T11:19:16.006900,11.600000000000001,88.7,7030.89,74.4,92981258,47509532,126.31,0,340,SRV002,api-server-01,ap-south-1,production,140490788.30142027,0.2160970231532525,-14.0,0.0,0.3704105571847507,0
2026-06-08T11:32:16.388014,95.5,90.2,6757.16,74.5,123285575,63494984,162.12,0,343,SRV003,database-server-01,us-east-1,production,186780558.8031206,1.014908256880734,36.8,1.1000000000000083,0.4712790697674419,0
2026-06-08T11:17:55.907061,24.3,91.0,7054.89,74.4,92640227,47199373,108.57,0,338,SRV004,cache-server-01,eu-west-1,staging,139839599.23992383,0.2010989010989011,6.4,0.0999999999999943,0.3202654867256637,0
2026-06-08T11:30:48.215012,73.3,89.5,7244.77,74.5,122792602,62211313,162.08,0,343,SRV002,api-server-01,ap-south-1,production,185003914.92316762,0.6877005347593582,10.5,-0.0999999999999943,0.4711627906976744,1
2026-06-08T11:32:33.174907,63.5,84.3,6605.03,74.5,123365416,63773682,163.49,0,343,SRV002,api-server-01,ap-south-1,production,187139097.32390463,0.6506447831184057,9.9,-2.0,0.4752616279069768,0
2026-06-08T11:32:37.370048,80.3,87.7,6637.72,74.5,123391873,63894318,96.56,0,343,SRV003,database-server-01,us-east-1,production,187286192.92802513,1.0536756126021003,34.8,0.4000000000000057,0.2806976744186046,1
2026-06-08T11:20:11.792144,16.5,89.7,7266.76,74.4,93214699,47681568,111.08,0,337,SRV001,web-server-01,ap-south-1,production,140896268.2134376,0.1013874066168623,-14.1,0.1000000000000085,0.3286390532544379,1
2026-06-08T11:32:16.388014,94.5,90.2,6757.16,74.5,123285575,63494984,162.12,0,343,SRV003,database-server-01,us-east-1,production,186780558.73874623,1.014908256880734,36.8,1.1000000000000083,0.4712790697674419,0
2026-06-08T11:16:10.460365,22.1,85.4,6769.83,74.4,92224651,46927105,138.78,0,336,SRV002,api-server-01,ap-south-1,production,139151757.59317157,0.3100686498855835,-8.600000000000001,0.3000000000000113,0.4118100890207715,0
2026-06-08T11:18:26.729159,25.2,86.6,6708.41,74.4,92742447,47266662,99.99,0,337,SRV004,cache-server-01,eu-west-1,staging,140009107.5948731,0.1986143187066974,-17.900000000000002,-0.1000000000000085,0.2958284023668638,0
2026-06-08T11:31:59.294847,86.0,83.7,6560.95,74.5,123197071,63063170,177.82,0,344,SRV004,cache-server-01,eu-west-1,staging,186260242.99989474,0.9090909090909092,-19.700000000000003,-4.0,0.5154202898550725,0
2026-06-08T11:12:59.149714,54.6,85.6,7100.05,74.4,91043804,45926142,147.91,0,335,SRV001,web-server-01,ap-south-1,production,136969947.28188255,0.5305676855895197,0.0,0.0,0.4402083333333333,1
2026-06-08T11:14:56.193454,36.4,91.4,7080.66,74.4,91710325,46684108,117.15,0,336,SRV005,worker-server-01,ap-south-1,development,138394432.37647462,0.387308533916849,-26.9,-1.1999999999999886,0.3476261127596439,1
2026-06-08T11:18:14.441285,15.8,86.9,6963.88,74.4,92702808,47244587,101.36,0,337,SRV002,api-server-01,ap-south-1,production,139947396.038237,0.0978865406006674,-8.2,0.7000000000000028,0.2998816568047337,0
2026-06-08T11:32:07.899937,56.8,90.0,6741.8,74.5,123243255,63241537,189.29,0,344,SRV001,web-server-01,ap-south-1,production,186484790.2712076,0.6183908045977011,-12.900000000000006,0.2000000000000028,0.5486666666666666,0
2026-06-08T11:19:53.257765,35.9,90.8,7038.45,74.4,93136085,47629083,149.86,0,339,SRV003,database-server-01,us-east-1,production,140765168.32364106,0.461453744493392,3.699999999999996,0.0,0.440764705882353,0
2026-06-08T11:18:26.729159,21.2,86.6,6708.41,74.4,92742447,47266662,99.99,0,337,SRV004,cache-server-01,eu-west-1,staging,140009108.92061102,0.1986143187066974,-17.900000000000002,-0.1000000000000085,0.2958284023668638,0
2026-06-08T11:14:31.515623,36.7,90.6,7179.52,74.4,91428205,46520735,102.32,0,337,SRV001,web-server-01,ap-south-1,production,137948941.66923547,0.4719222462203024,9.200000000000005,2.299999999999997,0.3027218934911242,1
2026-06-08T11:30:52.409914,61.3,90.5,7246.98,74.5,122810789,62233168,158.48,0,343,SRV003,database-server-01,us-east-1,production,185043956.17141625,0.7625668449197861,7.0,0.0,0.4606976744186046,1
2026-06-08T11:17:31.333238,10.1,84.1,6980.7,74.4,92548569,47123637,914.95,0,337,SRV005,worker-server-01,ap-south-1,development,139672206.09562737,0.1564927857935627,-41.5,-0.3000000000000113,2.7069526627218936,0
2026-06-08T11:16:16.602199,16.4,84.5,6777.17,74.4,92267654,46944309,92.35,0,336,SRV003,database-server-01,us-east-1,production,139211962.58274308,0.256,-4.700000000000003,0.0999999999999943,0.2740356083086053,0
2026-06-08T11:31:13.299427,82.2,88.3,7313.95,74.5,122914542,62570882,163.12,0,343,SRV003,database-server-01,us-east-1,production,185485424.60920838,0.914103923647932,17.799999999999997,0.3999999999999915,0.4741860465116279,1
2026-06-08T11:20:36.368160,24.0,97.8,7352.41,74.4,93299560,47731010,120.52,0,337,SRV005,worker-server-01,ap-south-1,development,141030569.8594388,0.3375527426160337,-1.2999999999999972,0.3999999999999915,0.3565680473372781,1
2026-06-08T11:13:29.993599,30.8,91.0,6898.87,74.4,91152075,46006314,108.48,0,337,SRV001,web-server-01,ap-south-1,production,137158387.10573778,0.2786516853932584,-8.2,-4.599999999999994,0.3209467455621302,0
2026-06-08T11:32:24.800675,68.4,90.3,6765.98,74.5,123324938,63583381,161.43,0,343,SRV005,worker-server-01,ap-south-1,development,186908318.3150089,0.7033218785796106,8.699999999999996,0.0,0.4692732558139535,0
2026-06-08T11:31:38.415692,79.8,84.6,6629.71,74.5,123077280,62838072,60.56,0,343,SRV004,cache-server-01,eu-west-1,staging,185915352.04516527,0.897196261682243,-16.10000000000001,-10.100000000000009,0.176046511627907,0
2026-06-08T11:15:20.974637,33.2,87.2,6594.36,74.4,92011208,46820800,110.81,0,338,SRV004,cache-server-01,eu-west-1,staging,138832008.33291253,0.3192488262910798,-15.8,-4.399999999999992,0.3268731563421829,0
2026-06-08T11:19:09.839761,34.6,90.7,7026.97,74.4,92961957,47494540,108.88,0,340,SRV001,web-server-01,ap-south-1,production,140456497.88734758,0.37045203969129,15.0,0.6000000000000085,0.3192961876832844,0
2026-06-08T11:13:11.540021,43.9,93.9,7200.05,74.4,91098973,45970633,170.59,0,337,SRV003,database-server-01,us-east-1,production,137069607.54548675,0.5156081808396125,21.5,0.9000000000000057,0.5047041420118343,1
2026-06-08T11:19:03.695792,12.600000000000001,91.1,6977.82,74.4,92903185,47472636,91.91,0,340,SRV005,worker-server-01,ap-south-1,development,140375820.33884835,0.2064372918978912,-22.3,0.0,0.2695307917888563,0
2026-06-08T11:16:28.992223,14.3,90.4,6769.2,74.4,92300417,46971160,122.62,0,336,SRV005,worker-server-01,ap-south-1,development,139271575.42519376,0.2551487414187643,6.300000000000001,0.1000000000000085,0.3638575667655786,0
2026-06-08T11:30:44.012491,43.8,91.6,7252.98,74.5,122762316,62172183,158.09,0,342,SRV001,web-server-01,ap-south-1,production,184934498.20159042,0.5747863247863247,-45.10000000000001,-0.3000000000000113,0.4609037900874635,1
2026-06-08T11:20:11.792144,17.5,87.7,7266.76,74.4,93214699,47681568,111.08,0,337,SRV001,web-server-01,ap-south-1,production,140896268.41436604,0.1013874066168623,-14.1,0.1000000000000085,0.3286390532544379,1
2026-06-08T11:13:48.422920,32.8,87.6,6944.96,74.4,91201761,46048808,106.78,0,336,SRV004,cache-server-01,eu-west-1,staging,137250569.13925135,0.2879464285714286,-2.8999999999999986,0.8999999999999915,0.3168545994065282,0
2026-06-08T11:14:50.020526,71.3,86.6,7178.71,74.4,91535975,46573727,111.33,0,336,SRV004,cache-server-01,eu-west-1,staging,138109700.5742423,0.6727861771058316,31.6,0.0999999999999943,0.3303560830860534,1
2026-06-08T11:20:24.098528,18.0,88.3,7312.16,74.4,93258296,47706231,127.44,0,337,SRV003,database-server-01,us-east-1,production,140964527.69708362,0.1696712619300106,1.4000000000000004,0.2000000000000028,0.3770414201183432,1
2026-06-08T11:13:54.662803,6.6,91.0,6971.2,74.4,91218270,46067689,202.41,0,336,SRV005,worker-server-01,ap-south-1,development,137285957.0045688,0.1511111111111111,-12.2,0.4000000000000057,0.6006231454005935,0
2026-06-08T11:17:24.385929,63.6,93.4,7005.46,74.4,92524129,47104396,133.09,0,336,SRV004,cache-server-01,eu-west-1,staging,139628526.69409466,0.6150442477876106,40.1,5.0,0.3949258160237389,0
2026-06-08T11:32:12.077588,44.7,87.1,6665.66,74.5,123260520,63352172,154.57,0,344,SRV002,api-server-01,ap-south-1,production,186612690.71549267,0.6004645760743322,-2.0999999999999943,-0.9000000000000057,0.4480289855072463,0
2026-06-08T11:13:17.694905,3.5,89.5,7245.87,74.4,91115694,45982198,103.63,0,337,SRV004,cache-server-01,eu-west-1,staging,137097891.58555108,0.1016042780748663,-38.4,0.5999999999999943,0.3065976331360946,1
2026-06-08T11:17:37.474660,26.0,90.5,7014.91,74.4,92582628,47155186,102.45,0,337,SRV001,web-server-01,ap-south-1,production,139737813.24131635,0.3093922651933701,13.9,0.4000000000000057,0.3031065088757396,0
2026-06-08T11:13:42.280798,20.7,89.7,6872.73,74.4,91181185,46028794,119.4,0,336,SRV003,database-server-01,us-east-1,production,137209978.1149537,0.3235625704622322,15.5,0.0,0.3543026706231454,0
2026-06-08T11:16:47.504036,21.7,89.2,6752.13,74.4,92354975,47005463,199.93,0,336,SRV003,database-server-01,us-east-1,production,139360439.25204188,0.1456422018348623,-18.9,-0.2999999999999971,0.5932640949554896,0
2026-06-08T11:32:12.077588,47.7,89.1,6665.66,74.5,123260520,63352172,154.57,0,344,SRV002,api-server-01,ap-south-1,production,186612691.7341583,0.6004645760743322,-2.0999999999999943,-0.9000000000000057,0.4480289855072463,0
2026-06-08T11:20:30.224148,23.299999999999997,90.4,7315.95,74.4,93277671,47718867,96.2,0,338,SRV004,cache-server-01,eu-west-1,staging,140996536.31391856,0.3527542372881355,17.299999999999997,0.1000000000000085,0.2837758112094395,1
2026-06-08T11:31:17.520297,74.0,96.5,7322.6,74.5,122930747,62632755,114.68,0,343,SRV004,cache-server-01,eu-west-1,staging,185563500.541785,0.708994708994709,-19.200000000000003,0.2000000000000028,0.3333720930232558,1
2026-06-08T11:14:00.795334,47.3,89.6,7101.47,74.4,91239788,46199425,90.98,0,338,SRV001,web-server-01,ap-south-1,production,137439211.93526542,0.5709606986899564,38.7,1.5999999999999943,0.2683775811209439,1
2026-06-08T11:16:35.112017,40.7,80.6,6710.79,74.4,92318275,46982427,83.27,0,336,SRV001,web-server-01,ap-south-1,production,139300701.35496587,0.4237875288683603,14.400000000000002,-0.8000000000000114,0.2470919881305638,0
2026-06-08T11:20:05.649186,16.6,94.6,7258.12,74.4,93184863,47661539,98.7,0,337,SRV005,worker-server-01,ap-south-1,development,140846403.32623142,0.2521367521367522,-19.3,0.0,0.2920118343195266,1
2026-06-08T11:17:18.223309,23.5,84.4,6615.88,74.4,92502200,47075516,116.07,0,335,SRV003,database-server-01,us-east-1,production,139577717.47912335,0.1814988290398126,-3.3999999999999986,0.3000000000000113,0.3454464285714285,0
2026-06-08T11:31:42.532883,105.9,80.0,6425.05,74.5,123100787,62875623,57.28,0,344,SRV005,worker-server-01,ap-south-1,development,185976409.16505766,1.1674698795180725,20.10000000000001,-2.5999999999999943,0.1660289855072463,1
2026-06-08T11:20:17.947455,10.6,93.1,7296.84,74.4,93232627,47692382,109.12,0,337,SRV002,api-server-01,ap-south-1,production,140925009.0479233,0.155154091392136,5.1,0.3999999999999915,0.3228402366863905,1
2026-06-08T11:33:23.564465,38.9,88.6,6783.65,74.5,123649803,64554328,153.52,0,344,SRV004,cache-server-01,eu-west-1,staging,188204129.2056822,0.341324200913242,-61.00000000000001,0.0999999999999943,0.4449855072463768,0
2026-06-08T11:31:50.902397,61.0,79.1,6436.1,74.5,123154879,62951134,189.56,0,344,SRV002,api-server-01,ap-south-1,production,186106011.13538998,0.8182912154031288,27.5,0.0999999999999943,0.5494492753623188,0
2026-06-08T11:32:37.370048,94.3,88.7,6637.72,74.5,123391873,63894318,96.56,0,343,SRV003,database-server-01,us-east-1,production,187286189.88457525,1.0536756126021003,34.8,0.4000000000000057,0.2806976744186046,1
2026-06-08T11:32:37.370048,98.3,82.7,6637.72,74.5,123391873,63894318,96.56,0,343,SRV003,database-server-01,us-east-1,production,187286191.93485788,1.0536756126021003,34.8,0.4000000000000057,0.2806976744186046,1
2026-06-08T11:18:02.152872,10.5,91.9,6966.63,74.4,92659485,47210974,205.53,0,338,SRV005,worker-server-01,ap-south-1,development,139870460.0775634,0.0723025583982202,-11.8,-1.0999999999999943,0.606283185840708,0
2026-06-08T11:32:12.077588,45.7,85.1,6665.66,74.5,123260520,63352172,154.57,0,344,SRV002,api-server-01,ap-south-1,production,186612690.13330123,0.6004645760743322,-2.0999999999999943,-0.9000000000000057,0.4480289855072463,0
2026-06-08T11:18:45.282146,25.1,87.7,6871.71,74.4,92822712,47332528,124.19,0,340,SRV002,api-server-01,ap-south-1,production,140155240.6769438,0.3618940248027057,-7.199999999999996,0.2000000000000028,0.3641935483870968,0
2026-06-08T11:19:16.006900,9.600000000000001,93.7,7030.89,74.4,92981258,47509532,126.31,0,340,SRV002,api-server-01,ap-south-1,production,140490789.21925426,0.2160970231532525,-14.0,0.0,0.3704105571847507,0
2026-06-08T11:19:53.257765,46.9,86.8,7038.45,74.4,93136085,47629083,149.86,0,339,SRV003,database-server-01,us-east-1,production,140765169.93574765,0.461453744493392,3.699999999999996,0.0,0.440764705882353,0
2026-06-08T11:31:30.217958,45.2,96.6,7332.95,74.5,122987424,62700565,172.29,0,343,SRV002,api-server-01,ap-south-1,production,185687989.6650222,0.5306553911205074,8.600000000000001,0.0,0.500843023255814,1
2026-06-08T11:19:16.006900,23.6,85.7,7030.89,74.4,92981258,47509532,126.31,0,340,SRV002,api-server-01,ap-south-1,production,140490789.0861972,0.2160970231532525,-14.0,0.0,0.3704105571847507,0
2026-06-08T11:32:37.370048,83.3,88.7,6637.72,74.5,123391873,63894318,96.56,0,343,SRV003,database-server-01,us-east-1,production,187286189.72998655,1.0536756126021003,34.8,0.4000000000000057,0.2806976744186046,1
2026-06-08T11:14:06.934830,42.6,83.1,6823.69,74.4,91310075,46325200,124.7,0,337,SRV002,api-server-01,ap-south-1,production,137635274.55774197,0.5175936435868332,-6.699999999999996,-3.5,0.3689349112426036,0
2026-06-08T11:20:30.224148,28.299999999999997,95.4,7315.95,74.4,93277671,47718867,96.2,0,338,SRV004,cache-server-01,eu-west-1,staging,140996539.12732524,0.3527542372881355,17.299999999999997,0.1000000000000085,0.2837758112094395,1
2026-06-08T11:13:48.422920,29.8,91.6,6944.96,74.4,91201761,46048808,106.78,0,336,SRV004,cache-server-01,eu-west-1,staging,137250570.54433155,0.2879464285714286,-2.8999999999999986,0.8999999999999915,0.3168545994065282,0
2026-06-08T11:17:43.618923,19.9,86.4,7005.16,74.4,92603901,47171633,109.59,0,338,SRV002,api-server-01,ap-south-1,production,139775533.2381696,0.1758849557522123,-12.1,-0.0999999999999943,0.3232743362831858,0
2026-06-08T11:13:17.694905,14.5,93.5,7245.87,74.4,91115694,45982198,103.63,0,337,SRV004,cache-server-01,eu-west-1,staging,137097893.53152993,0.1016042780748663,-38.4,0.5999999999999943,0.3065976331360946,1
2026-06-08T11:17:49.762560,2.9000000000000004,84.9,7048.01,74.4,92623122,47183412,107.32,0,338,SRV003,database-server-01,us-east-1,production,139806533.48071444,0.1309130913091309,-4.0,0.5,0.3165781710914454,0
2026-06-08T11:19:16.006900,17.6,92.7,7030.89,74.4,92981258,47509532,126.31,0,340,SRV002,api-server-01,ap-south-1,production,140490791.74647173,0.2160970231532525,-14.0,0.0,0.3704105571847507,0
2026-06-08T11:19:22.263984,14.5,87.9,7041.53,74.4,93009124,47546089,220.92,0,340,SRV003,database-server-01,us-east-1,production,140555214.5396716,0.1265126512651265,-8.100000000000001,0.2000000000000028,0.6478592375366569,0
2026-06-08T11:30:52.409914,75.3,93.5,7246.98,74.5,122810789,62233168,158.48,0,343,SRV003,database-server-01,us-east-1,production,185043958.15922627,0.7625668449197861,7.0,0.0,0.4606976744186046,1
2026-06-08T11:18:08.298829,11.0,85.2,6913.36,74.4,92686497,47231295,100.68,0,337,SRV001,web-server-01,ap-south-1,production,139917791.47753567,0.1905829596412556,10.5,-0.7000000000000028,0.2978698224852071,0
2026-06-08T11:30:35.647864,54.0,92.0,7285.31,74.5,122713138,62063674,87.35,0,342,SRV004,cache-server-01,eu-west-1,staging,184776810.8884296,0.4893617021276595,21.4,-1.4000000000000057,0.2546647230320699,1
2026-06-08T11:32:20.576921,53.7,84.3,6765.6,74.5,123305354,63529661,153.81,0,343,SRV004,cache-server-01,eu-west-1,staging,186835016.58626458,0.6036655211912945,-35.8,0.0999999999999943,0.4471220930232558,0
2026-06-08T11:14:56.193454,35.4,94.4,7080.66,74.4,91710325,46684108,117.15,0,336,SRV005,worker-server-01,ap-south-1,development,138394431.76301956,0.387308533916849,-26.9,-1.1999999999999886,0.3476261127596439,1
2026-06-08T11:13:17.694905,2.5,92.5,7245.87,74.4,91115694,45982198,103.63,0,337,SRV004,cache-server-01,eu-west-1,staging,137097890.23006213,0.1016042780748663,-38.4,0.5999999999999943,0.3065976331360946,1
2026-06-08T11:16:47.504036,11.7,90.2,6752.13,74.4,92354975,47005463,199.93,0,336,SRV003,database-server-01,us-east-1,production,139360438.44337198,0.1456422018348623,-18.9,-0.2999999999999971,0.5932640949554896,0
2026-06-08T11:14:06.934830,43.6,88.1,6823.69,74.4,91310075,46325200,124.7,0,337,SRV002,api-server-01,ap-south-1,production,137635273.44640204,0.5175936435868332,-6.699999999999996,-3.5,0.3689349112426036,0
2026-06-08T11:19:59.504498,41.9,91.6,7257.89,74.4,93162595,47647329,197.47,0,339,SRV004,cache-server-01,eu-west-1,staging,140809925.5059386,0.4583333333333333,1.0,2.799999999999997,0.5807941176470588,1
2026-06-08T11:13:17.694905,7.5,88.5,7245.87,74.4,91115694,45982198,103.63,0,337,SRV004,cache-server-01,eu-west-1,staging,137097892.9327822,0.1016042780748663,-38.4,0.5999999999999943,0.3065976331360946,1
2026-06-08T11:20:30.224148,29.299999999999997,93.4,7315.95,74.4,93277671,47718867,96.2,0,338,SRV004,cache-server-01,eu-west-1,staging,140996536.87746575,0.3527542372881355,17.299999999999997,0.1000000000000085,0.2837758112094395,1
2026-06-08T11:15:33.388006,14.100000000000001,85.8,6648.07,74.4,92069122,46847578,197.4,0,338,SRV001,web-server-01,ap-south-1,production,138916701.24104625,0.2808857808857809,-6.0,0.2999999999999971,0.5823008849557523,0
2026-06-08T11:14:31.515623,35.7,90.6,7179.52,74.4,91428205,46520735,102.32,0,337,SRV001,web-server-01,ap-south-1,production,137948938.2196597,0.4719222462203024,9.200000000000005,2.299999999999997,0.3027218934911242,1
2026-06-08T11:33:10.974811,70.6,90.4,6767.39,74.5,123576736,64454808,230.11,0,344,SRV001,web-server-01,ap-south-1,production,188031544.4502664,0.8535469107551487,-1.9000000000000057,0.1000000000000085,0.6669855072463768,0
2026-06-08T11:18:14.441285,-0.1999999999999993,86.9,6963.88,74.4,92702808,47244587,101.36,0,337,SRV002,api-server-01,ap-south-1,production,139947396.75081837,0.0978865406006674,-8.2,0.7000000000000028,0.2998816568047337,0
2026-06-08T11:32:41.567763,16.7,89.3,6684.21,74.5,123409099,63932696,143.97,0,344,SRV004,cache-server-01,eu-west-1,staging,187341794.75262555,0.2630359212050985,-67.6,0.5999999999999943,0.4173043478260869,0
2026-06-08T11:20:48.656903,11.2,94.8,7352.82,74.4,93357570,48102662,89.49,0,338,SRV002,api-server-01,ap-south-1,production,141460230.86511442,0.1814345991561181,-15.2,0.0,0.2639823008849557,1
2026-06-08T11:14:06.934830,42.6,83.1,6823.69,74.4,91310075,46325200,124.7,0,337,SRV002,api-server-01,ap-south-1,production,137635276.80602857,0.5175936435868332,-6.699999999999996,-3.5,0.3689349112426036,0
2026-06-08T11:33:10.974811,82.6,90.4,6767.39,74.5,123576736,64454808,230.11,0,344,SRV001,web-server-01,ap-south-1,production,188031544.75977752,0.8535469107551487,-1.9000000000000057,0.1000000000000085,0.6669855072463768,0
2026-06-08T11:20:05.649186,26.6,90.6,7258.12,74.4,93184863,47661539,98.7,0,337,SRV005,worker-server-01,ap-south-1,development,140846401.4601231,0.2521367521367522,-19.3,0.0,0.2920118343195266,1
2026-06-08T11:32:16.388014,93.5,86.2,6757.16,74.5,123285575,63494984,162.12,0,343,SRV003,database-server-01,us-east-1,production,186780559.16327167,1.014908256880734,36.8,1.1000000000000083,0.4712790697674419,0
2026-06-08T11:33:06.704177,74.5,89.3,6759.52,74.5,123558923,64442561,89.35,0,344,SRV005,worker-server-01,ap-south-1,development,188001484.1529465,0.8762886597938144,50.5,0.2999999999999971,0.2589855072463768,0
2026-06-08T11:31:50.902397,77.0,77.1,6436.1,74.5,123154879,62951134,189.56,0,344,SRV002,api-server-01,ap-south-1,production,186106014.20742884,0.8182912154031288,27.5,0.0999999999999943,0.5494492753623188,0
2026-06-08T11:31:30.217958,41.2,92.6,7332.95,74.5,122987424,62700565,172.29,0,343,SRV002,api-server-01,ap-south-1,production,185687987.62479588,0.5306553911205074,8.600000000000001,0.0,0.500843023255814,1
2026-06-08T11:30:44.012491,51.8,90.6,7252.98,74.5,122762316,62172183,158.09,0,342,SRV001,web-server-01,ap-south-1,production,184934497.6497491,0.5747863247863247,-45.10000000000001,-0.3000000000000113,0.4609037900874635,1
2026-06-08T11:31:46.682829,44.5,85.0,6422.06,74.5,123134035,62924234,107.7,0,344,SRV001,web-server-01,ap-south-1,production,186058268.781379,0.4879518072289157,-56.400000000000006,0.0,0.3121739130434782,0
2026-06-08T11:33:06.704177,85.5,89.3,6759.52,74.5,123558923,64442561,89.35,0,344,SRV005,worker-server-01,ap-south-1,development,188001484.10691133,0.8762886597938144,50.5,0.2999999999999971,0.2589855072463768,0
2026-06-08T11:16:22.837154,25.0,86.3,6762.44,74.4,92282454,46959767,200.64,0,336,SRV004,cache-server-01,eu-west-1,staging,139242221.43502012,0.1832760595647193,-6.399999999999999,-0.2000000000000028,0.5953709198813056,0
2026-06-08T11:19:16.006900,19.6,92.7,7030.89,74.4,92981258,47509532,126.31,0,340,SRV002,api-server-01,ap-south-1,production,140490790.24052995,0.2160970231532525,-14.0,0.0,0.3704105571847507,0
2026-06-08T11:20:24.098528,12.0,90.3,7312.16,74.4,93258296,47706231,127.44,0,337,SRV003,database-server-01,us-east-1,production,140964528.3646615,0.1696712619300106,1.4000000000000004,0.2000000000000028,0.3770414201183432,1
2026-06-08T11:31:38.415692,73.8,80.6,6629.71,74.5,123077280,62838072,60.56,0,343,SRV004,cache-server-01,eu-west-1,staging,185915352.47488514,0.897196261682243,-16.10000000000001,-10.100000000000009,0.176046511627907,0
2026-06-08T11:14:19.203948,26.200000000000003,85.5,6932.37,74.4,91398989,46499361,78.44,0,337,SRV004,cache-server-01,eu-west-1,staging,137898348.64765233,0.3597765363128491,-36.6,-0.7000000000000028,0.2320710059171597,0
2026-06-08T11:32:03.675473,60.7,89.8,6726.21,74.5,123217811,63163739,130.41,0,344,SRV005,worker-server-01,ap-south-1,development,186381551.137689,0.7684331797235023,-10.299999999999995,2.0999999999999943,0.378,0
2026-06-08T11:18:26.729159,25.2,85.6,6708.41,74.4,92742447,47266662,99.99,0,337,SRV004,cache-server-01,eu-west-1,staging,140009108.87589285,0.1986143187066974,-17.900000000000002,-0.1000000000000085,0.2958284023668638,0
2026-06-08T11:16:22.837154,19.0,87.3,6762.44,74.4,92282454,46959767,200.64,0,336,SRV004,cache-server-01,eu-west-1,staging,139242220.28713104,0.1832760595647193,-6.399999999999999,-0.2000000000000028,0.5953709198813056,0
2026-06-08T11:33:23.564465,31.9,83.6,6783.65,74.5,123649803,64554328,153.52,0,344,SRV004,cache-server-01,eu-west-1,staging,188204130.90429652,0.341324200913242,-61.00000000000001,0.0999999999999943,0.4449855072463768,0
2026-06-08T11:15:58.145405,11.5,86.7,6790.75,74.4,92181695,46902466,182.86,0,338,SRV005,worker-server-01,ap-south-1,development,139084159.16558927,0.2223489167616875,-11.0,0.7000000000000028,0.5394100294985251,0
2026-06-08T11:32:49.966233,54.3,85.4,6767.8,74.5,123461918,64134536,157.49,0,344,SRV001,web-server-01,ap-south-1,production,187596454.66438138,0.5411899313501144,-29.700000000000003,0.0,0.4564927536231884,0
2026-06-08T11:15:39.510036,37.0,84.4,6691.67,74.4,92096755,46861913,87.54,0,338,SRV002,api-server-01,ap-south-1,production,138958668.4552538,0.4976851851851852,18.9,0.6000000000000085,0.2582300884955752,0
2026-06-08T11:16:35.112017,36.7,88.6,6710.79,74.4,92318275,46982427,83.27,0,336,SRV001,web-server-01,ap-south-1,production,139300702.9059172,0.4237875288683603,14.400000000000002,-0.8000000000000114,0.2470919881305638,0
2026-06-08T11:15:58.145405,14.5,83.7,6790.75,74.4,92181695,46902466,182.86,0,338,SRV005,worker-server-01,ap-south-1,development,139084162.64765978,0.2223489167616875,-11.0,0.7000000000000028,0.5394100294985251,0
2026-06-08T11:18:08.298829,24.0,92.2,6913.36,74.4,92686497,47231295,100.68,0,337,SRV001,web-server-01,ap-south-1,production,139917792.18580714,0.1905829596412556,10.5,-0.7000000000000028,0.2978698224852071,0
2026-06-08T11:32:45.770343,73.0,84.4,6771.26,74.5,123441047,64052264,103.9,0,344,SRV005,worker-server-01,ap-south-1,development,187493309.92277908,0.8810068649885583,54.3,1.1000000000000083,0.3011594202898551,0
2026-06-08T11:16:22.837154,8.0,87.3,6762.44,74.4,92282454,46959767,200.64,0,336,SRV004,cache-server-01,eu-west-1,staging,139242222.0727824,0.1832760595647193,-6.399999999999999,-0.2000000000000028,0.5953709198813056,0
2026-06-08T11:32:20.576921,47.7,83.3,6765.6,74.5,123305354,63529661,153.81,0,343,SRV004,cache-server-01,eu-west-1,staging,186835013.3960234,0.6036655211912945,-35.8,0.0999999999999943,0.4471220930232558,0
2026-06-08T11:31:30.217958,56.2,95.6,7332.95,74.5,122987424,62700565,172.29,0,343,SRV002,api-server-01,ap-south-1,production,185687989.86866516,0.5306553911205074,8.600000000000001,0.0,0.500843023255814,1
2026-06-08T11:19:34.620600,16.0,91.4,7003.91,74.4,93056139,47585621,100.31,0,339,SRV005,worker-server-01,ap-south-1,development,140641760.92260283,0.2876106194690265,-9.6,-0.5999999999999943,0.2950294117647059,0
2026-06-08T11:18:57.564095,33.9,88.1,6979.52,74.4,92876622,47375778,108.62,0,340,SRV004,cache-server-01,eu-west-1,staging,140252400.16257977,0.4539400665926748,24.0,1.1999999999999886,0.3185337243401759,0
2026-06-08T11:32:45.770343,81.0,88.4,6771.26,74.5,123441047,64052264,103.9,0,344,SRV005,worker-server-01,ap-south-1,development,187493312.41231775,0.8810068649885583,54.3,1.1000000000000083,0.3011594202898551,0
2026-06-08T11:20:54.800941,24.6,92.4,7393.33,74.4,93381171,48119443,111.01,0,338,SRV003,database-server-01,us-east-1,production,141500615.99588314,0.2578616352201258,7.400000000000002,0.6000000000000085,0.3274631268436578,1
2026-06-08T11:15:33.388006,20.1,88.8,6648.07,74.4,92069122,46847578,197.4,0,338,SRV001,web-server-01,ap-south-1,production,138916698.50657466,0.2808857808857809,-6.0,0.2999999999999971,0.5823008849557523,0
2026-06-08T11:18:14.441285,5.800000000000001,87.9,6963.88,74.4,92702808,47244587,101.36,0,337,SRV002,api-server-01,ap-south-1,production,139947396.77066812,0.0978865406006674,-8.2,0.7000000000000028,0.2998816568047337,0
2026-06-08T11:16:59.791192,18.4,85.2,6751.6,74.4,92389506,47027987,119.21,0,336,SRV005,worker-server-01,ap-south-1,development,139417494.9423663,0.2224770642201834,-4.400000000000002,0.1000000000000085,0.3537388724035608,0
2026-06-08T11:32:28.975147,50.6,81.3,6765.18,74.5,123347407,63679753,126.22,0,343,SRV001,web-server-01,ap-south-1,production,187027158.84375605,0.5223367697594502,-15.799999999999995,0.0,0.3669186046511627,0
2026-06-08T11:17:43.618923,16.9,88.4,7005.16,74.4,92603901,47171633,109.59,0,338,SRV002,api-server-01,ap-south-1,production,139775535.14499056,0.1758849557522123,-12.1,-0.0999999999999943,0.3232743362831858,0
2026-06-08T11:18:32.975711,14.100000000000001,88.1,6827.21,74.4,92782931,47297903,203.74,0,340,SRV005,worker-server-01,ap-south-1,development,140080834.08483803,0.1940976163450624,-0.0999999999999978,1.5,0.5974780058651027,0
2026-06-08T11:13:29.993599,31.8,86.0,6898.87,74.4,91152075,46006314,108.48,0,337,SRV001,web-server-01,ap-south-1,production,137158388.42669293,0.2786516853932584,-8.2,-4.599999999999994,0.3209467455621302,0
2026-06-08T11:20:24.098528,18.0,90.3,7312.16,74.4,93258296,47706231,127.44,0,337,SRV003,database-server-01,us-east-1,production,140964528.2210464,0.1696712619300106,1.4000000000000004,0.2000000000000028,0.3770414201183432,1
2026-06-08T11:31:25.907382,42.6,89.6,7332.55,74.5,122971678,62676994,180.05,0,343,SRV001,web-server-01,ap-south-1,production,185648672.2779467,0.4397463002114165,-30.300000000000004,0.0999999999999943,0.5234011627906977,1
2026-06-08T11:30:35.647864,44.0,92.0,7285.31,74.5,122713138,62063674,87.35,0,342,SRV004,cache-server-01,eu-west-1,staging,184776813.53801316,0.4893617021276595,21.4,-1.4000000000000057,0.2546647230320699,1
2026-06-08T11:31:34.311471,96.9,91.7,7422.15,74.5,123034136,62791362,67.0,0,343,SRV003,database-server-01,us-east-1,production,185825498.39964962,0.9707419017763844,42.7,1.1000000000000083,0.1947674418604651,1
2026-06-08T11:31:55.088538,105.7,84.7,6872.24,74.5,123178364,62977072,121.51,0,344,SRV003,database-server-01,us-east-1,production,186155434.8229703,1.0901916572717023,28.700000000000003,5.6000000000000085,0.3522028985507247,1
2026-06-08T11:18:39.120576,47.3,87.5,6855.0,74.4,92805699,47321315,113.83,0,342,SRV001,web-server-01,ap-south-1,production,140127012.25009418,0.4440677966101695,22.2,0.4000000000000057,0.331865889212828,0
2026-06-08T11:12:59.149714,47.6,89.6,7100.05,74.4,91043804,45926142,147.91,0,335,SRV001,web-server-01,ap-south-1,production,136969944.01217645,0.5305676855895197,0.0,0.0,0.4402083333333333,1
2026-06-08T11:13:11.540021,42.9,89.9,7200.05,74.4,91098973,45970633,170.59,0,337,SRV003,database-server-01,us-east-1,production,137069606.24519384,0.5156081808396125,21.5,0.9000000000000057,0.5047041420118343,1
2026-06-08T11:31:05.004439,46.3,89.9,7280.51,74.5,122867986,62432082,157.84,0,343,SRV001,web-server-01,ap-south-1,production,185300068.22513124,0.4185303514376996,-40.900000000000006,-0.2999999999999971,0.4588372093023256,1
2026-06-08T11:15:58.145405,28.5,90.7,6790.75,74.4,92181695,46902466,182.86,0,338,SRV005,worker-server-01,ap-south-1,development,139084159.56269065,0.2223489167616875,-11.0,0.7000000000000028,0.5394100294985251,0
2026-06-08T11:14:06.934830,46.6,88.1,6823.69,74.4,91310075,46325200,124.7,0,337,SRV002,api-server-01,ap-south-1,production,137635274.3873816,0.5175936435868332,-6.699999999999996,-3.5,0.3689349112426036,0
2026-06-08T11:20:30.224148,37.3,97.4,7315.95,74.4,93277671,47718867,96.2,0,338,SRV004,cache-server-01,eu-west-1,staging,140996538.22530824,0.3527542372881355,17.299999999999997,0.1000000000000085,0.2837758112094395,1
2026-06-08T11:31:50.902397,71.0,79.1,6436.1,74.5,123154879,62951134,189.56,0,344,SRV002,api-server-01,ap-south-1,production,186106013.85719967,0.8182912154031288,27.5,0.0999999999999943,0.5494492753623188,0
2026-06-08T11:30:35.647864,42.0,93.0,7285.31,74.5,122713138,62063674,87.35,0,342,SRV004,cache-server-01,eu-west-1,staging,184776812.98370552,0.4893617021276595,21.4,-1.4000000000000057,0.2546647230320699,1
2026-06-08T11:31:30.217958,47.2,93.6,7332.95,74.5,122987424,62700565,172.29,0,343,SRV002,api-server-01,ap-south-1,production,185687990.95729962,0.5306553911205074,8.600000000000001,0.0,0.500843023255814,1
2026-06-08T11:33:19.371107,92.9,85.5,6774.47,74.5,123623178,64522985,137.16,0,344,SRV003,database-server-01,us-east-1,production,188146162.3989025,1.038857142857143,46.10000000000001,0.4000000000000057,0.3975652173913043,1
2026-06-08T11:30:48.215012,54.3,87.5,7244.77,74.5,122792602,62211313,162.08,0,343,SRV002,api-server-01,ap-south-1,production,185003916.42894346,0.6877005347593582,10.5,-0.0999999999999943,0.4711627906976744,1
2026-06-08T11:14:25.371100,24.5,89.3,6997.93,74.4,91412052,46509678,137.01,0,337,SRV005,worker-server-01,ap-south-1,development,137921728.69614986,0.3820598006644518,2.299999999999997,0.7999999999999972,0.4053550295857988,0
2026-06-08T11:16:28.992223,29.3,87.4,6769.2,74.4,92300417,46971160,122.62,0,336,SRV005,worker-server-01,ap-south-1,development,139271577.09270117,0.2551487414187643,6.300000000000001,0.1000000000000085,0.3638575667655786,0
2026-06-08T11:16:53.647754,32.8,82.1,6746.95,74.4,92369699,47015525,115.63,0,336,SRV004,cache-server-01,eu-west-1,staging,139385225.28553697,0.2732491389207807,11.1,-0.1000000000000085,0.3431157270029673,0
2026-06-08T11:14:00.795334,60.3,85.6,7101.47,74.4,91239788,46199425,90.98,0,338,SRV001,web-server-01,ap-south-1,production,137439212.57851,0.5709606986899564,38.7,1.5999999999999943,0.2683775811209439,1
2026-06-08T11:14:37.650710,8.600000000000001,88.8,7117.37,74.4,91443684,46531894,105.38,0,336,SRV002,api-server-01,ap-south-1,production,137975578.64133182,0.1917211328976035,-26.1,-0.7999999999999972,0.312700296735905,1
2026-06-08T11:30:56.609152,40.7,92.3,7229.7,74.5,122832024,62333146,163.84,0,343,SRV004,cache-server-01,eu-west-1,staging,185165168.9006494,0.4469453376205788,-29.599999999999994,-0.2000000000000028,0.4762790697674419,1
2026-06-08T11:16:41.257898,21.6,88.5,6774.29,74.4,92336825,46994096,117.66,0,336,SRV002,api-server-01,ap-south-1,production,139330919.1666952,0.3611428571428571,-5.100000000000001,0.9000000000000057,0.3491394658753709,0
2026-06-08T11:30:44.012491,57.8,94.6,7252.98,74.5,122762316,62172183,158.09,0,342,SRV001,web-server-01,ap-south-1,production,184934497.44214988,0.5747863247863247,-45.10000000000001,-0.3000000000000113,0.4609037900874635,1
2026-06-08T11:13:48.422920,28.8,83.6,6944.96,74.4,91201761,46048808,106.78,0,336,SRV004,cache-server-01,eu-west-1,staging,137250570.448299,0.2879464285714286,-2.8999999999999986,0.8999999999999915,0.3168545994065282,0
2026-06-08T11:19:53.257765,40.9,88.8,7038.45,74.4,93136085,47629083,149.86,0,339,SRV003,database-server-01,us-east-1,production,140765166.22509578,0.461453744493392,3.699999999999996,0.0,0.440764705882353,0
2026-06-08T11:18:26.729159,26.2,89.6,6708.41,74.4,92742447,47266662,99.99,0,337,SRV004,cache-server-01,eu-west-1,staging,140009110.3435879,0.1986143187066974,-17.900000000000002,-0.1000000000000085,0.2958284023668638,0
2026-06-08T11:16:04.289775,36.7,82.1,6744.16,74.4,92199403,46914079,113.11,0,336,SRV001,web-server-01,ap-south-1,production,139113481.83478585,0.4098737083811711,16.200000000000003,-0.6000000000000085,0.3356379821958457,0
2026-06-08T11:19:47.035267,36.2,84.8,7034.85,74.4,93098837,47614060,202.01,0,339,SRV002,api-server-01,ap-south-1,production,140712898.75530505,0.420704845814978,14.300000000000004,0.0999999999999943,0.5941470588235294,0
2026-06-08T11:33:19.371107,98.9,90.5,6774.47,74.5,123623178,64522985,137.16,0,344,SRV003,database-server-01,us-east-1,production,188146163.7093427,1.038857142857143,46.10000000000001,0.4000000000000057,0.3975652173913043,1
2026-06-08T11:15:02.542413,91.0,85.8,7115.2,74.4,91766263,46707296,100.35,0,338,SRV001,web-server-01,ap-south-1,production,138473559.67962986,0.8932461873638344,46.6,0.3999999999999915,0.2960176991150442,1
2026-06-08T11:18:08.298829,20.0,83.2,6913.36,74.4,92686497,47231295,100.68,0,337,SRV001,web-server-01,ap-south-1,production,139917790.713365,0.1905829596412556,10.5,-0.7000000000000028,0.2978698224852071,0
2026-06-08T11:32:07.899937,58.8,90.0,6741.8,74.5,123243255,63241537,189.29,0,344,SRV001,web-server-01,ap-south-1,production,186484792.0985995,0.6183908045977011,-12.900000000000006,0.2000000000000028,0.5486666666666666,0
2026-06-08T11:16:22.837154,14.0,81.3,6762.44,74.4,92282454,46959767,200.64,0,336,SRV004,cache-server-01,eu-west-1,staging,139242221.4243765,0.1832760595647193,-6.399999999999999,-0.2000000000000028,0.5953709198813056,0
2026-06-08T11:32:16.388014,93.5,90.2,6757.16,74.5,123285575,63494984,162.12,0,343,SRV003,database-server-01,us-east-1,production,186780559.79678214,1.014908256880734,36.8,1.1000000000000083,0.4712790697674419,0
2026-06-08T11:31:46.682829,38.5,82.0,6422.06,74.5,123134035,62924234,107.7,0,344,SRV001,web-server-01,ap-south-1,production,186058268.0893427,0.4879518072289157,-56.400000000000006,0.0,0.3121739130434782,0
2026-06-08T11:31:30.217958,56.2,91.6,7332.95,74.5,122987424,62700565,172.29,0,343,SRV002,api-server-01,ap-south-1,production,185687987.93534285,0.5306553911205074,8.600000000000001,0.0,0.500843023255814,1
2026-06-08T11:20:54.800941,20.6,90.4,7393.33,74.4,93381171,48119443,111.01,0,338,SRV003,database-server-01,us-east-1,production,141500614.8531251,0.2578616352201258,7.400000000000002,0.6000000000000085,0.3274631268436578,1
2026-06-08T11:13:23.850596,29.0,94.6,7257.01,74.4,91132833,45994622,129.45,0,338,SRV005,worker-server-01,ap-south-1,development,137127455.05750313,0.3525641025641026,23.5,0.0999999999999943,0.3818584070796459,1
2026-06-08T11:19:47.035267,34.2,85.8,7034.85,74.4,93098837,47614060,202.01,0,339,SRV002,api-server-01,ap-south-1,production,140712897.0267347,0.420704845814978,14.300000000000004,0.0999999999999943,0.5941470588235294,0
2026-06-08T11:33:06.704177,70.5,81.3,6759.52,74.5,123558923,64442561,89.35,0,344,SRV005,worker-server-01,ap-south-1,development,188001485.8150799,0.8762886597938144,50.5,0.2999999999999971,0.2589855072463768,0
2026-06-08T11:19:03.695792,26.6,88.1,6977.82,74.4,92903185,47472636,91.91,0,340,SRV005,worker-server-01,ap-south-1,development,140375819.27763584,0.2064372918978912,-22.3,0.0,0.2695307917888563,0
2026-06-08T11:32:54.164046,65.9,84.4,6766.25,74.5,123480415,64243303,158.18,0,345,SRV002,api-server-01,ap-south-1,production,187723719.76214927,0.6739130434782609,11.6,0.0,0.4571676300578035,0
2026-06-08T11:20:42.524038,37.4,96.8,7345.92,74.4,93331911,48084154,134.46,0,337,SRV001,web-server-01,ap-south-1,production,141416065.42373803,0.3417721518987341,0.3999999999999986,0.0,0.397810650887574,1
2026-06-08T11:17:05.935258,8.0,87.4,6771.88,74.4,92435082,47048159,97.86,0,336,SRV001,web-server-01,ap-south-1,production,139483242.2047792,0.11441647597254,-9.4,0.2000000000000028,0.2903857566765578,0
2026-06-08T11:32:37.370048,97.3,82.7,6637.72,74.5,123391873,63894318,96.56,0,343,SRV003,database-server-01,us-east-1,production,187286190.01810962,1.0536756126021003,34.8,0.4000000000000057,0.2806976744186046,1
2026-06-08T11:18:08.298829,7.0,87.2,6913.36,74.4,92686497,47231295,100.68,0,337,SRV001,web-server-01,ap-south-1,production,139917792.33252072,0.1905829596412556,10.5,-0.7000000000000028,0.2978698224852071,0
2026-06-08T11:33:23.564465,38.9,88.6,6783.65,74.5,123649803,64554328,153.52,0,344,SRV004,cache-server-01,eu-west-1,staging,188204129.3021876,0.341324200913242,-61.00000000000001,0.0999999999999943,0.4449855072463768,0
2026-06-08T11:32:07.899937,46.8,86.0,6741.8,74.5,123243255,63241537,189.29,0,344,SRV001,web-server-01,ap-south-1,production,186484793.50627446,0.6183908045977011,-12.900000000000006,0.2000000000000028,0.5486666666666666,0
2026-06-08T11:18:26.729159,26.2,86.6,6708.41,74.4,92742447,47266662,99.99,0,337,SRV004,cache-server-01,eu-west-1,staging,140009107.96605578,0.1986143187066974,-17.900000000000002,-0.1000000000000085,0.2958284023668638,0
2026-06-08T11:32:41.567763,18.7,88.3,6684.21,74.5,123409099,63932696,143.97,0,344,SRV004,cache-server-01,eu-west-1,staging,187341793.6676782,0.2630359212050985,-67.6,0.5999999999999943,0.4173043478260869,0
2026-06-08T11:19:09.839761,32.6,87.7,7026.97,74.4,92961957,47494540,108.88,0,340,SRV001,web-server-01,ap-south-1,production,140456495.67648017,0.37045203969129,15.0,0.6000000000000085,0.3192961876832844,0
2026-06-08T11:14:56.193454,30.4,94.4,7080.66,74.4,91710325,46684108,117.15,0,336,SRV005,worker-server-01,ap-south-1,development,138394432.85700262,0.387308533916849,-26.9,-1.1999999999999886,0.3476261127596439,1
2026-06-08T11:15:08.686774,55.8,92.0,7284.44,74.4,91819835,46729666,113.22,0,338,SRV002,api-server-01,ap-south-1,production,138549501.73445374,0.5723404255319149,-28.200000000000003,2.200000000000003,0.3339823008849557,1
2026-06-08T11:15:45.664174,16.1,85.5,6697.25,74.4,92114735,46873976,122.21,0,338,SRV003,database-server-01,us-east-1,production,138988710.71859068,0.2439306358381503,-21.9,0.0999999999999943,0.3605014749262537,0
2026-06-08T11:32:58.362077,93.0,88.6,6708.72,74.5,123512584,64323053,166.94,0,344,SRV003,database-server-01,us-east-1,production,187835635.1055847,1.0969976905311778,36.1,-0.8000000000000114,0.4838840579710144,1
2026-06-08T11:20:11.792144,14.5,90.7,7266.76,74.4,93214699,47681568,111.08,0,337,SRV001,web-server-01,ap-south-1,production,140896267.95470518,0.1013874066168623,-14.1,0.1000000000000085,0.3286390532544379,1
2026-06-08T11:31:30.217958,56.2,88.6,7332.95,74.5,122987424,62700565,172.29,0,343,SRV002,api-server-01,ap-south-1,production,185687989.13671854,0.5306553911205074,8.600000000000001,0.0,0.500843023255814,1
2026-06-08T11:31:09.110406,77.4,90.9,7280.88,74.5,122891188,62493768,78.34,0,343,SRV002,api-server-01,ap-south-1,production,185384957.4530324,0.7284345047923323,29.10000000000001,0.0,0.2277325581395348,1
2026-06-08T11:14:25.371100,30.5,91.3,6997.93,74.4,91412052,46509678,137.01,0,337,SRV005,worker-server-01,ap-south-1,development,137921730.5426301,0.3820598006644518,2.299999999999997,0.7999999999999972,0.4053550295857988,0
2026-06-08T11:19:22.263984,17.5,85.9,7041.53,74.4,93009124,47546089,220.92,0,340,SRV003,database-server-01,us-east-1,production,140555214.06090567,0.1265126512651265,-8.100000000000001,0.2000000000000028,0.6478592375366569,0
2026-06-08T11:18:08.298829,8.0,91.2,6913.36,74.4,92686497,47231295,100.68,0,337,SRV001,web-server-01,ap-south-1,production,139917790.28179052,0.1905829596412556,10.5,-0.7000000000000028,0.2978698224852071,0
2026-06-08T11:20:17.947455,4.6,93.1,7296.84,74.4,93232627,47692382,109.12,0,337,SRV002,api-server-01,ap-south-1,production,140925009.8031022,0.155154091392136,5.1,0.3999999999999915,0.3228402366863905,1
2026-06-08T11:19:28.479307,38.6,86.0,7051.77,74.4,93026812,47557716,170.71,0,340,SRV004,cache-server-01,eu-west-1,staging,140584527.9026213,0.3912087912087912,24.1,0.0999999999999943,0.5006158357771261,0
2026-06-08T11:15:14.831093,34.0,90.6,6943.11,74.4,91855901,46754100,106.51,0,338,SRV003,database-server-01,us-east-1,production,138609999.12402132,0.4799107142857143,-10.799999999999995,-4.400000000000006,0.314188790560472,0
2026-06-08T11:13:05.314616,19.4,89.0,7129.16,74.4,91071166,45946253,136.55,0,337,SRV002,api-server-01,ap-south-1,production,137017418.50267446,0.2869565217391304,-22.200000000000003,0.4000000000000057,0.4039940828402367,1
2026-06-08T11:31:00.806140,82.2,92.2,7301.48,74.5,122850757,62388746,110.34,0,345,SRV005,worker-server-01,ap-south-1,development,185239504.09500143,0.851380042462845,38.5,0.9000000000000057,0.3189017341040462,1
2026-06-08T11:18:51.408384,11.899999999999999,89.9,6889.67,74.4,92847790,47350793,97.71,0,340,SRV003,database-server-01,us-east-1,production,140198582.42448834,0.1901012373453318,-15.200000000000005,0.2000000000000028,0.2865395894428152,0
2026-06-08T11:17:05.935258,5.0,83.4,6771.88,74.4,92435082,47048159,97.86,0,336,SRV001,web-server-01,ap-south-1,production,139483239.14390308,0.11441647597254,-9.4,0.2000000000000028,0.2903857566765578,0
2026-06-08T11:32:07.899937,56.8,89.0,6741.8,74.5,123243255,63241537,189.29,0,344,SRV001,web-server-01,ap-south-1,production,186484790.52722353,0.6183908045977011,-12.900000000000006,0.2000000000000028,0.5486666666666666,0
2026-06-08T11:33:02.565085,21.0,83.0,6738.93,74.5,123530867,64397800,136.53,0,344,SRV004,cache-server-01,eu-west-1,staging,187928668.4274255,0.2988505747126437,-69.0,0.4000000000000057,0.3957391304347826,0
2026-06-08T11:17:55.907061,23.3,89.0,7054.89,74.4,92640227,47199373,108.57,0,338,SRV004,cache-server-01,eu-west-1,staging,139839601.6660573,0.2010989010989011,6.4,0.0999999999999943,0.3202654867256637,0
2026-06-08T11:15:27.144054,31.1,85.5,6624.39,74.4,92050410,46835498,141.2,0,338,SRV005,worker-server-01,ap-south-1,development,138885909.51007912,0.352046783625731,2.900000000000002,0.2999999999999971,0.4165191740412979,0
2026-06-08T11:32:58.362077,85.0,84.6,6708.72,74.5,123512584,64323053,166.94,0,344,SRV003,database-server-01,us-east-1,production,187835636.64135218,1.0969976905311778,36.1,-0.8000000000000114,0.4838840579710144,1
2026-06-08T11:31:34.311471,96.9,96.7,7422.15,74.5,123034136,62791362,67.0,0,343,SRV003,database-server-01,us-east-1,production,185825498.95602465,0.9707419017763844,42.7,1.1000000000000083,0.1947674418604651,1
2026-06-08T11:19:59.504498,34.9,94.6,7257.89,74.4,93162595,47647329,197.47,0,339,SRV004,cache-server-01,eu-west-1,staging,140809922.0562236,0.4583333333333333,1.0,2.799999999999997,0.5807941176470588,1
2026-06-08T11:14:37.650710,13.600000000000001,86.8,7117.37,74.4,91443684,46531894,105.38,0,336,SRV002,api-server-01,ap-south-1,production,137975579.95552376,0.1917211328976035,-26.1,-0.7999999999999972,0.312700296735905,1
2026-06-08T11:32:28.975147,49.6,81.3,6765.18,74.5,123347407,63679753,126.22,0,343,SRV001,web-server-01,ap-south-1,production,187027160.56663153,0.5223367697594502,-15.799999999999995,0.0,0.3669186046511627,0
2026-06-08T11:32:12.077588,51.7,84.1,6665.66,74.5,123260520,63352172,154.57,0,344,SRV002,api-server-01,ap-south-1,production,186612690.4654673,0.6004645760743322,-2.0999999999999943,-0.9000000000000057,0.4480289855072463,0
2026-06-08T11:14:50.020526,58.3,90.6,7178.71,74.4,91535975,46573727,111.33,0,336,SRV004,cache-server-01,eu-west-1,staging,138109700.41487506,0.6727861771058316,31.6,0.0999999999999943,0.3303560830860534,1
2026-06-08T11:19:53.257765,39.9,92.8,7038.45,74.4,93136085,47629083,149.86,0,339,SRV003,database-server-01,us-east-1,production,140765166.62732643,0.461453744493392,3.699999999999996,0.0,0.440764705882353,0
2026-06-08T11:13:17.694905,16.5,94.5,7245.87,74.4,91115694,45982198,103.63,0,337,SRV004,cache-server-01,eu-west-1,staging,137097893.80564085,0.1016042780748663,-38.4,0.5999999999999943,0.3065976331360946,1
2026-06-08T11:19:34.620600,33.0,89.4,7003.91,74.4,93056139,47585621,100.31,0,339,SRV005,worker-server-01,ap-south-1,development,140641758.97865295,0.2876106194690265,-9.6,-0.5999999999999943,0.2950294117647059,0
2026-06-08T11:12:59.149714,38.6,94.6,7100.05,74.4,91043804,45926142,147.91,0,335,SRV001,web-server-01,ap-south-1,production,136969947.83106494,0.5305676855895197,0.0,0.0,0.4402083333333333,1
2026-06-08T11:16:04.289775,28.700000000000003,84.1,6744.16,74.4,92199403,46914079,113.11,0,336,SRV001,web-server-01,ap-south-1,production,139113480.05174878,0.4098737083811711,16.200000000000003,-0.6000000000000085,0.3356379821958457,0
2026-06-08T11:19:47.035267,41.2,93.8,7034.85,74.4,93098837,47614060,202.01,0,339,SRV002,api-server-01,ap-south-1,production,140712896.41805935,0.420704845814978,14.300000000000004,0.0999999999999943,0.5941470588235294,0
2026-06-08T11:33:15.173880,36.8,89.1,6748.42,74.5,123596304,64482183,174.88,0,344,SRV002,api-server-01,ap-south-1,production,188078485.32407767,0.5143513203214696,-29.8,-0.3000000000000113,0.5068985507246376,0
2026-06-08T11:31:09.110406,69.4,87.9,7280.88,74.5,122891188,62493768,78.34,0,343,SRV002,api-server-01,ap-south-1,production,185384955.4006814,0.7284345047923323,29.10000000000001,0.0,0.2277325581395348,1
2026-06-08T11:16:35.112017,32.7,89.6,6710.79,74.4,92318275,46982427,83.27,0,336,SRV001,web-server-01,ap-south-1,production,139300702.03454918,0.4237875288683603,14.400000000000002,-0.8000000000000114,0.2470919881305638,0
2026-06-08T11:18:02.152872,11.5,89.9,6966.63,74.4,92659485,47210974,205.53,0,338,SRV005,worker-server-01,ap-south-1,development,139870459.1663372,0.0723025583982202,-11.8,-1.0999999999999943,0.606283185840708,0
2026-06-08T11:17:24.385929,63.6,92.4,7005.46,74.4,92524129,47104396,133.09,0,336,SRV004,cache-server-01,eu-west-1,staging,139628525.21090758,0.6150442477876106,40.1,5.0,0.3949258160237389,0
2026-06-08T11:18:45.282146,23.1,88.7,6871.71,74.4,92822712,47332528,124.19,0,340,SRV002,api-server-01,ap-south-1,production,140155238.63686973,0.3618940248027057,-7.199999999999996,0.2000000000000028,0.3641935483870968,0
2026-06-08T11:17:18.223309,23.5,80.4,6615.88,74.4,92502200,47075516,116.07,0,335,SRV003,database-server-01,us-east-1,production,139577714.2586976,0.1814988290398126,-3.3999999999999986,0.3000000000000113,0.3454464285714285,0
2026-06-08T11:20:48.656903,16.2,97.8,7352.82,74.4,93357570,48102662,89.49,0,338,SRV002,api-server-01,ap-south-1,production,141460230.59895295,0.1814345991561181,-15.2,0.0,0.2639823008849557,1
2026-06-08T11:30:52.409914,80.3,88.5,7246.98,74.5,122810789,62233168,158.48,0,343,SRV003,database-server-01,us-east-1,production,185043958.8898342,0.7625668449197861,7.0,0.0,0.4606976744186046,1
2026-06-08T11:30:44.012491,45.8,94.6,7252.98,74.5,122762316,62172183,158.09,0,342,SRV001,web-server-01,ap-south-1,production,184934499.34472212,0.5747863247863247,-45.10000000000001,-0.3000000000000113,0.4609037900874635,1
2026-06-08T11:16:28.992223,15.3,85.4,6769.2,74.4,92300417,46971160,122.62,0,336,SRV005,worker-server-01,ap-south-1,development,139271577.9819292,0.2551487414187643,6.300000000000001,0.1000000000000085,0.3638575667655786,0
2026-06-08T11:20:30.224148,27.299999999999997,89.4,7315.95,74.4,93277671,47718867,96.2,0,338,SRV004,cache-server-01,eu-west-1,staging,140996539.77530235,0.3527542372881355,17.299999999999997,0.1000000000000085,0.2837758112094395,1
2026-06-08T11:14:56.193454,39.4,86.4,7080.66,74.4,91710325,46684108,117.15,0,336,SRV005,worker-server-01,ap-south-1,development,138394431.00834042,0.387308533916849,-26.9,-1.1999999999999886,0.3476261127596439,1
2026-06-08T11:32:07.899937,55.8,85.0,6741.8,74.5,123243255,63241537,189.29,0,344,SRV001,web-server-01,ap-south-1,production,186484790.7202379,0.6183908045977011,-12.900000000000006,0.2000000000000028,0.5486666666666666,0
2026-06-08T11:14:43.803217,24.7,87.5,7166.46,74.4,91480323,46551568,122.22,0,336,SRV003,database-server-01,us-east-1,production,138031890.25128162,0.3318918918918919,13.099999999999998,0.7000000000000028,0.3626706231454006,1
2026-06-08T11:15:20.974637,28.2,84.2,6594.36,74.4,92011208,46820800,110.81,0,338,SRV004,cache-server-01,eu-west-1,staging,138832008.55783048,0.3192488262910798,-15.8,-4.399999999999992,0.3268731563421829,0
2026-06-08T11:32:03.675473,60.7,88.8,6726.21,74.5,123217811,63163739,130.41,0,344,SRV005,worker-server-01,ap-south-1,development,186381551.63936585,0.7684331797235023,-10.299999999999995,2.0999999999999943,0.378,0
2026-06-08T11:32:58.362077,93.0,85.6,6708.72,74.5,123512584,64323053,166.94,0,344,SRV003,database-server-01,us-east-1,production,187835636.59148547,1.0969976905311778,36.1,-0.8000000000000114,0.4838840579710144,1
2026-06-08T11:19:53.257765,32.9,89.8,7038.45,74.4,93136085,47629083,149.86,0,339,SRV003,database-server-01,us-east-1,production,140765169.1748655,0.461453744493392,3.699999999999996,0.0,0.440764705882353,0
2026-06-08T11:31:46.682829,39.5,84.0,6422.06,74.5,123134035,62924234,107.7,0,344,SRV001,web-server-01,ap-south-1,production,186058267.5336174,0.4879518072289157,-56.400000000000006,0.0,0.3121739130434782,0
2026-06-08T11:30:48.215012,59.3,94.5,7244.77,74.5,122792602,62211313,162.08,0,343,SRV002,api-server-01,ap-south-1,production,185003916.20331544,0.6877005347593582,10.5,-0.0999999999999943,0.4711627906976744,1
2026-06-08T11:17:37.474660,26.0,92.5,7014.91,74.4,92582628,47155186,102.45,0,337,SRV001,web-server-01,ap-south-1,production,139737812.7227816,0.3093922651933701,13.9,0.4000000000000057,0.3031065088757396,0
2026-06-08T11:18:45.282146,29.1,85.7,6871.71,74.4,92822712,47332528,124.19,0,340,SRV002,api-server-01,ap-south-1,production,140155240.98283437,0.3618940248027057,-7.199999999999996,0.2000000000000028,0.3641935483870968,0
2026-06-08T11:31:59.294847,70.0,84.7,6560.95,74.5,123197071,63063170,177.82,0,344,SRV004,cache-server-01,eu-west-1,staging,186260242.03317416,0.9090909090909092,-19.700000000000003,-4.0,0.5154202898550725,0
2026-06-08T11:31:38.415692,74.8,79.6,6629.71,74.5,123077280,62838072,60.56,0,343,SRV004,cache-server-01,eu-west-1,staging,185915353.44214445,0.897196261682243,-16.10000000000001,-10.100000000000009,0.176046511627907,0
2026-06-08T11:32:16.388014,91.5,89.2,6757.16,74.5,123285575,63494984,162.12,0,343,SRV003,database-server-01,us-east-1,production,186780560.75967172,1.014908256880734,36.8,1.1000000000000083,0.4712790697674419,0
2026-06-08T11:15:39.510036,48.0,89.4,6691.67,74.4,92096755,46861913,87.54,0,338,SRV002,api-server-01,ap-south-1,production,138958668.34816685,0.4976851851851852,18.9,0.6000000000000085,0.2582300884955752,0
2026-06-08T11:20:36.368160,29.0,92.8,7352.41,74.4,93299560,47731010,120.52,0,337,SRV005,worker-server-01,ap-south-1,development,141030570.01767534,0.3375527426160337,-1.2999999999999972,0.3999999999999915,0.3565680473372781,1
2026-06-08T11:31:25.907382,44.6,95.6,7332.55,74.5,122971678,62676994,180.05,0,343,SRV001,web-server-01,ap-south-1,production,185648673.8182562,0.4397463002114165,-30.300000000000004,0.0999999999999943,0.5234011627906977,1
2026-06-08T11:14:56.193454,29.4,90.4,7080.66,74.4,91710325,46684108,117.15,0,336,SRV005,worker-server-01,ap-south-1,development,138394431.64732513,0.387308533916849,-26.9,-1.1999999999999886,0.3476261127596439,1
2026-06-08T11:32:49.966233,42.3,82.4,6767.8,74.5,123461918,64134536,157.49,0,344,SRV001,web-server-01,ap-south-1,production,187596453.48687026,0.5411899313501144,-29.700000000000003,0.0,0.4564927536231884,0
2026-06-08T11:18:51.408384,13.899999999999999,89.9,6889.67,74.4,92847790,47350793,97.71,0,340,SRV003,database-server-01,us-east-1,production,140198584.48206908,0.1901012373453318,-15.200000000000005,0.2000000000000028,0.2865395894428152,0
2026-06-08T11:31:34.311471,92.9,94.7,7422.15,74.5,123034136,62791362,67.0,0,343,SRV003,database-server-01,us-east-1,production,185825497.19326314,0.9707419017763844,42.7,1.1000000000000083,0.1947674418604651,1
2026-06-08T11:18:39.120576,41.3,90.5,6855.0,74.4,92805699,47321315,113.83,0,342,SRV001,web-server-01,ap-south-1,production,140127012.78552544,0.4440677966101695,22.2,0.4000000000000057,0.331865889212828,0
2026-06-08T11:13:54.662803,19.6,90.0,6971.2,74.4,91218270,46067689,202.41,0,336,SRV005,worker-server-01,ap-south-1,development,137285960.46506807,0.1511111111111111,-12.2,0.4000000000000057,0.6006231454005935,0
2026-06-08T11:32:58.362077,85.0,81.6,6708.72,74.5,123512584,64323053,166.94,0,344,SRV003,database-server-01,us-east-1,production,187835638.72533756,1.0969976905311778,36.1,-0.8000000000000114,0.4838840579710144,1
2026-06-08T11:32:58.362077,88.0,86.6,6708.72,74.5,123512584,64323053,166.94,0,344,SRV003,database-server-01,us-east-1,production,187835637.17184028,1.0969976905311778,36.1,-0.8000000000000114,0.4838840579710144,1
2026-06-08T11:31:00.806140,84.2,97.2,7301.48,74.5,122850757,62388746,110.34,0,345,SRV005,worker-server-01,ap-south-1,development,185239503.97231007,0.851380042462845,38.5,0.9000000000000057,0.3189017341040462,1
2026-06-08T11:33:23.564465,27.9,87.6,6783.65,74.5,123649803,64554328,153.52,0,344,SRV004,cache-server-01,eu-west-1,staging,188204131.5350415,0.341324200913242,-61.00000000000001,0.0999999999999943,0.4449855072463768,0
2026-06-08T11:30:52.409914,64.3,94.5,7246.98,74.5,122810789,62233168,158.48,0,343,SRV003,database-server-01,us-east-1,production,185043957.57462078,0.7625668449197861,7.0,0.0,0.4606976744186046,1
2026-06-08T11:20:54.800941,20.6,96.4,7393.33,74.4,93381171,48119443,111.01,0,338,SRV003,database-server-01,us-east-1,production,141500613.04192063,0.2578616352201258,7.400000000000002,0.6000000000000085,0.3274631268436578,1
2026-06-08T11:31:38.415692,66.8,79.6,6629.71,74.5,123077280,62838072,60.56,0,343,SRV004,cache-server-01,eu-west-1,staging,185915350.89148277,0.897196261682243,-16.10000000000001,-10.100000000000009,0.176046511627907,0
2026-06-08T11:13:42.280798,36.7,82.7,6872.73,74.4,91181185,46028794,119.4,0,336,SRV003,database-server-01,us-east-1,production,137209978.35056278,0.3235625704622322,15.5,0.0,0.3543026706231454,0
2026-06-08T11:14:50.020526,66.3,94.6,7178.71,74.4,91535975,46573727,111.33,0,336,SRV004,cache-server-01,eu-west-1,staging,138109701.03370184,0.6727861771058316,31.6,0.0999999999999943,0.3303560830860534,1
2026-06-08T11:32:28.975147,41.6,86.3,6765.18,74.5,123347407,63679753,126.22,0,343,SRV001,web-server-01,ap-south-1,production,187027158.17964828,0.5223367697594502,-15.799999999999995,0.0,0.3669186046511627,0
2026-06-08T11:32:37.370048,94.3,84.7,6637.72,74.5,123391873,63894318,96.56,0,343,SRV003,database-server-01,us-east-1,production,187286189.94129437,1.0536756126021003,34.8,0.4000000000000057,0.2806976744186046,1
2026-06-08T11:13:17.694905,5.5,93.5,7245.87,74.4,91115694,45982198,103.63,0,337,SRV004,cache-server-01,eu-west-1,staging,137097891.99220517,0.1016042780748663,-38.4,0.5999999999999943,0.3065976331360946,1
2026-06-08T11:32:20.576921,46.7,86.3,6765.6,74.5,123305354,63529661,153.81,0,343,SRV004,cache-server-01,eu-west-1,staging,186835013.40564543,0.6036655211912945,-35.8,0.0999999999999943,0.4471220930232558,0
2026-06-08T11:13:05.314616,27.4,88.0,7129.16,74.4,91071166,45946253,136.55,0,337,SRV002,api-server-01,ap-south-1,production,137017417.25022605,0.2869565217391304,-22.200000000000003,0.4000000000000057,0.4039940828402367,1
2026-06-08T11:32:16.388014,92.5,82.2,6757.16,74.5,123285575,63494984,162.12,0,343,SRV003,database-server-01,us-east-1,production,186780559.9047985,1.014908256880734,36.8,1.1000000000000083,0.4712790697674419,0
2026-06-08T11:18:32.975711,8.100000000000001,88.1,6827.21,74.4,92782931,47297903,203.74,0,340,SRV005,worker-server-01,ap-south-1,development,140080834.80917785,0.1940976163450624,-0.0999999999999978,1.5,0.5974780058651027,0
2026-06-08T11:32:33.174907,53.5,79.3,6605.03,74.5,123365416,63773682,163.49,0,343,SRV002,api-server-01,ap-south-1,production,187139098.8367084,0.6506447831184057,9.9,-2.0,0.4752616279069768,0
2026-06-08T11:15:14.831093,42.0,92.6,6943.11,74.4,91855901,46754100,106.51,0,338,SRV003,database-server-01,us-east-1,production,138609999.80766714,0.4799107142857143,-10.799999999999995,-4.400000000000006,0.314188790560472,0
2026-06-08T11:31:38.415692,77.8,85.6,6629.71,74.5,123077280,62838072,60.56,0,343,SRV004,cache-server-01,eu-west-1,staging,185915351.0320788,0.897196261682243,-16.10000000000001,-10.100000000000009,0.176046511627907,0
2026-06-08T11:17:49.762560,2.9000000000000004,88.9,7048.01,74.4,92623122,47183412,107.32,0,338,SRV003,database-server-01,us-east-1,production,139806532.95336896,0.1309130913091309,-4.0,0.5,0.3165781710914454,0
2026-06-08T11:17:18.223309,12.5,79.4,6615.88,74.4,92502200,47075516,116.07,0,335,SRV003,database-server-01,us-east-1,production,139577717.04903257,0.1814988290398126,-3.3999999999999986,0.3000000000000113,0.3454464285714285,0
2026-06-08T11:19:28.479307,32.6,87.0,7051.77,74.4,93026812,47557716,170.71,0,340,SRV004,cache-server-01,eu-west-1,staging,140584529.2073276,0.3912087912087912,24.1,0.0999999999999943,0.5006158357771261,0
2026-06-08T11:18:14.441285,12.8,87.9,6963.88,74.4,92702808,47244587,101.36,0,337,SRV002,api-server-01,ap-south-1,production,139947393.03030926,0.0978865406006674,-8.2,0.7000000000000028,0.2998816568047337,0
2026-06-08T11:13:42.280798,32.7,91.7,6872.73,74.4,91181185,46028794,119.4,0,336,SRV003,database-server-01,us-east-1,production,137209980.21465468,0.3235625704622322,15.5,0.0,0.3543026706231454,0
2026-06-08T11:16:28.992223,17.3,89.4,6769.2,74.4,92300417,46971160,122.62,0,336,SRV005,worker-server-01,ap-south-1,development,139271575.18050846,0.2551487414187643,6.300000000000001,0.1000000000000085,0.3638575667655786,0
2026-06-08T11:13:48.422920,23.8,86.6,6944.96,74.4,91201761,46048808,106.78,0,336,SRV004,cache-server-01,eu-west-1,staging,137250570.24545053,0.2879464285714286,-2.8999999999999986,0.8999999999999915,0.3168545994065282,0
2026-06-08T11:17:05.935258,10.0,87.4,6771.88,74.4,92435082,47048159,97.86,0,336,SRV001,web-server-01,ap-south-1,production,139483241.94742727,0.11441647597254,-9.4,0.2000000000000028,0.2903857566765578,0
2026-06-08T11:20:36.368160,31.0,95.8,7352.41,74.4,93299560,47731010,120.52,0,337,SRV005,worker-server-01,ap-south-1,development,141030569.52869546,0.3375527426160337,-1.2999999999999972,0.3999999999999915,0.3565680473372781,1
2026-06-08T11:18:20.585453,27.1,83.7,6712.98,74.4,92721960,47255427,113.42,0,337,SRV003,database-server-01,us-east-1,production,139977386.8743772,0.4048442906574394,26.3,-3.200000000000003,0.3355621301775148,0
2026-06-08T11:31:25.907382,33.6,97.6,7332.55,74.5,122971678,62676994,180.05,0,343,SRV001,web-server-01,ap-south-1,production,185648671.5297882,0.4397463002114165,-30.300000000000004,0.0999999999999943,0.5234011627906977,1
2026-06-08T11:17:37.474660,23.0,89.5,7014.91,74.4,92582628,47155186,102.45,0,337,SRV001,web-server-01,ap-south-1,production,139737815.97950616,0.3093922651933701,13.9,0.4000000000000057,0.3031065088757396,0
2026-06-08T11:13:29.993599,18.8,89.0,6898.87,74.4,91152075,46006314,108.48,0,337,SRV001,web-server-01,ap-south-1,production,137158388.85140204,0.2786516853932584,-8.2,-4.599999999999994,0.3209467455621302,0
2026-06-08T11:30:44.012491,48.8,93.6,7252.98,74.5,122762316,62172183,158.09,0,342,SRV001,web-server-01,ap-south-1,production,184934498.42652288,0.5747863247863247,-45.10000000000001,-0.3000000000000113,0.4609037900874635,1
2026-06-08T11:14:19.203948,31.200000000000003,90.5,6932.37,74.4,91398989,46499361,78.44,0,337,SRV004,cache-server-01,eu-west-1,staging,137898350.65943953,0.3597765363128491,-36.6,-0.7000000000000028,0.2320710059171597,0
2026-06-08T11:16:28.992223,21.3,85.4,6769.2,74.4,92300417,46971160,122.62,0,336,SRV005,worker-server-01,ap-south-1,development,139271578.1507321,0.2551487414187643,6.300000000000001,0.1000000000000085,0.3638575667655786,0
2026-06-08T11:17:12.079570,15.899999999999999,82.1,6592.82,74.4,92463626,47059812,120.37,0,336,SRV002,api-server-01,ap-south-1,production,139523438.6728145,0.2220916568742655,8.899999999999999,-2.300000000000012,0.3571810089020771,0
2026-06-08T11:18:26.729159,17.2,81.6,6708.41,74.4,92742447,47266662,99.99,0,337,SRV004,cache-server-01,eu-west-1,staging,140009110.63277245,0.1986143187066974,-17.900000000000002,-0.1000000000000085,0.2958284023668638,0
2026-06-08T11:15:39.510036,52.0,80.4,6691.67,74.4,92096755,46861913,87.54,0,338,SRV002,api-server-01,ap-south-1,production,138958669.9595264,0.4976851851851852,18.9,0.6000000000000085,0.2582300884955752,0
2026-06-08T11:31:42.532883,100.9,85.0,6425.05,74.5,123100787,62875623,57.28,0,344,SRV005,worker-server-01,ap-south-1,development,185976410.85485253,1.1674698795180725,20.10000000000001,-2.5999999999999943,0.1660289855072463,1
2026-06-08T11:32:37.370048,85.3,87.7,6637.72,74.5,123391873,63894318,96.56,0,343,SRV003,database-server-01,us-east-1,production,187286192.05547088,1.0536756126021003,34.8,0.4000000000000057,0.2806976744186046,1
2026-06-08T11:15:45.664174,18.1,84.5,6697.25,74.4,92114735,46873976,122.21,0,338,SRV003,database-server-01,us-east-1,production,138988709.73379874,0.2439306358381503,-21.9,0.0999999999999943,0.3605014749262537,0
2026-06-08T11:18:14.441285,1.8000000000000007,83.9,6963.88,74.4,92702808,47244587,101.36,0,337,SRV002,api-server-01,ap-south-1,production,139947394.35373852,0.0978865406006674,-8.2,0.7000000000000028,0.2998816568047337,0
2026-06-08T11:19:28.479307,25.6,94.0,7051.77,74.4,93026812,47557716,170.71,0,340,SRV004,cache-server-01,eu-west-1,staging,140584528.18835348,0.3912087912087912,24.1,0.0999999999999943,0.5006158357771261,0
2026-06-08T11:13:54.662803,22.6,86.0,6971.2,74.4,91218270,46067689,202.41,0,336,SRV005,worker-server-01,ap-south-1,development,137285957.2260188,0.1511111111111111,-12.2,0.4000000000000057,0.6006231454005935,0
2026-06-08T11:18:14.441285,3.8000000000000007,86.9,6963.88,74.4,92702808,47244587,101.36,0,337,SRV002,api-server-01,ap-south-1,production,139947393.61149612,0.0978865406006674,-8.2,0.7000000000000028,0.2998816568047337,0
2026-06-08T11:16:59.791192,23.4,87.2,6751.6,74.4,92389506,47027987,119.21,0,336,SRV005,worker-server-01,ap-south-1,development,139417493.88531953,0.2224770642201834,-4.400000000000002,0.1000000000000085,0.3537388724035608,0
2026-06-08T11:19:40.789986,17.9,89.7,7030.91,74.4,93076684,47597455,140.35,0,339,SRV001,web-server-01,ap-south-1,production,140674137.0855279,0.2635060639470782,-2.1000000000000014,0.2999999999999971,0.4127941176470588,0
2026-06-08T11:20:30.224148,27.299999999999997,97.4,7315.95,74.4,93277671,47718867,96.2,0,338,SRV004,cache-server-01,eu-west-1,staging,140996537.93593088,0.3527542372881355,17.299999999999997,0.1000000000000085,0.2837758112094395,1
2026-06-08T11:30:48.215012,55.3,94.5,7244.77,74.5,122792602,62211313,162.08,0,343,SRV002,api-server-01,ap-south-1,production,185003916.9477496,0.6877005347593582,10.5,-0.0999999999999943,0.4711627906976744,1
2026-06-08T11:19:34.620600,33.0,90.4,7003.91,74.4,93056139,47585621,100.31,0,339,SRV005,worker-server-01,ap-south-1,development,140641758.75107625,0.2876106194690265,-9.6,-0.5999999999999943,0.2950294117647059,0
2026-06-08T11:19:47.035267,38.2,92.8,7034.85,74.4,93098837,47614060,202.01,0,339,SRV002,api-server-01,ap-south-1,production,140712895.43486544,0.420704845814978,14.300000000000004,0.0999999999999943,0.5941470588235294,0
2026-06-08T11:32:49.966233,49.3,86.4,6767.8,74.5,123461918,64134536,157.49,0,344,SRV001,web-server-01,ap-south-1,production,187596454.08538792,0.5411899313501144,-29.700000000000003,0.0,0.4564927536231884,0
2026-06-08T11:14:43.803217,25.7,86.5,7166.46,74.4,91480323,46551568,122.22,0,336,SRV003,database-server-01,us-east-1,production,138031891.89898774,0.3318918918918919,13.099999999999998,0.7000000000000028,0.3626706231454006,1
2026-06-08T11:15:45.664174,16.1,86.5,6697.25,74.4,92114735,46873976,122.21,0,338,SRV003,database-server-01,us-east-1,production,138988709.09686863,0.2439306358381503,-21.9,0.0999999999999943,0.3605014749262537,0
2026-06-08T11:19:47.035267,31.200000000000003,91.8,7034.85,74.4,93098837,47614060,202.01,0,339,SRV002,api-server-01,ap-south-1,production,140712895.69186094,0.420704845814978,14.300000000000004,0.0999999999999943,0.5941470588235294,0
2026-06-08T11:32:45.770343,68.0,88.4,6771.26,74.5,123441047,64052264,103.9,0,344,SRV005,worker-server-01,ap-south-1,development,187493309.27265328,0.8810068649885583,54.3,1.1000000000000083,0.3011594202898551,0
2026-06-08T11:20:30.224148,41.3,95.4,7315.95,74.4,93277671,47718867,96.2,0,338,SRV004,cache-server-01,eu-west-1,staging,140996539.74248412,0.3527542372881355,17.299999999999997,0.1000000000000085,0.2837758112094395,1
2026-06-08T11:31:21.696076,77.9,94.5,7322.62,74.5,122950936,62658302,144.48,0,343,SRV005,worker-server-01,ap-south-1,development,185609236.46255073,0.7608465608465609,4.900000000000006,0.0,0.42,1
2026-06-08T11:30:39.833669,91.9,88.9,7283.15,74.5,122741354,62111451,91.87,0,343,SRV005,worker-server-01,ap-south-1,development,184852805.4044623,1.053248136315229,52.900000000000006,-0.0999999999999943,0.2670639534883721,1
2026-06-08T11:31:09.110406,72.4,90.9,7280.88,74.5,122891188,62493768,78.34,0,343,SRV002,api-server-01,ap-south-1,production,185384955.5385604,0.7284345047923323,29.10000000000001,0.0,0.2277325581395348,1
2026-06-08T11:32:12.077588,47.7,83.1,6665.66,74.5,123260520,63352172,154.57,0,344,SRV002,api-server-01,ap-south-1,production,186612692.99918008,0.6004645760743322,-2.0999999999999943,-0.9000000000000057,0.4480289855072463,0
2026-06-08T11:33:06.704177,75.5,89.3,6759.52,74.5,123558923,64442561,89.35,0,344,SRV005,worker-server-01,ap-south-1,development,188001484.09919465,0.8762886597938144,50.5,0.2999999999999971,0.2589855072463768,0
2026-06-08T11:20:05.649186,16.6,87.6,7258.12,74.4,93184863,47661539,98.7,0,337,SRV005,worker-server-01,ap-south-1,development,140846403.57593971,0.2521367521367522,-19.3,0.0,0.2920118343195266,1
2026-06-08T11:14:31.515623,43.7,87.6,7179.52,74.4,91428205,46520735,102.32,0,337,SRV001,web-server-01,ap-south-1,production,137948940.37346658,0.4719222462203024,9.200000000000005,2.299999999999997,0.3027218934911242,1
2026-06-08T11:18:51.408384,14.899999999999999,86.9,6889.67,74.4,92847790,47350793,97.71,0,340,SRV003,database-server-01,us-east-1,production,140198584.28148285,0.1901012373453318,-15.200000000000005,0.2000000000000028,0.2865395894428152,0
2026-06-08T11:32:45.770343,79.0,81.4,6771.26,74.5,123441047,64052264,103.9,0,344,SRV005,worker-server-01,ap-south-1,development,187493309.2171634,0.8810068649885583,54.3,1.1000000000000083,0.3011594202898551,0
2026-06-08T11:18:14.441285,5.800000000000001,85.9,6963.88,74.4,92702808,47244587,101.36,0,337,SRV002,api-server-01,ap-south-1,production,139947396.691938,0.0978865406006674,-8.2,0.7000000000000028,0.2998816568047337,0
2026-06-08T11:18:08.298829,24.0,85.2,6913.36,74.4,92686497,47231295,100.68,0,337,SRV001,web-server-01,ap-south-1,production,139917790.21894386,0.1905829596412556,10.5,-0.7000000000000028,0.2978698224852071,0
2026-06-08T11:16:53.647754,17.8,90.1,6746.95,74.4,92369699,47015525,115.63,0,336,SRV004,cache-server-01,eu-west-1,staging,139385222.1761457,0.2732491389207807,11.1,-0.1000000000000085,0.3431157270029673,0
2026-06-08T11:14:06.934830,54.6,82.1,6823.69,74.4,91310075,46325200,124.7,0,337,SRV002,api-server-01,ap-south-1,production,137635274.53921503,0.5175936435868332,-6.699999999999996,-3.5,0.3689349112426036,0
2026-06-08T11:19:22.263984,20.5,86.9,7041.53,74.4,93009124,47546089,220.92,0,340,SRV003,database-server-01,us-east-1,production,140555213.56570727,0.1265126512651265,-8.100000000000001,0.2000000000000028,0.6478592375366569,0
2026-06-08T11:17:31.333238,15.1,90.1,6980.7,74.4,92548569,47123637,914.95,0,337,SRV005,worker-server-01,ap-south-1,development,139672204.4667608,0.1564927857935627,-41.5,-0.3000000000000113,2.7069526627218936,0
2026-06-08T11:13:36.117234,3.1999999999999993,87.7,6874.81,74.4,91168862,46018511,96.06,0,336,SRV002,api-server-01,ap-south-1,production,137187371.6794597,0.1488162344983088,-11.6,-0.2999999999999971,0.2850445103857567,0
2026-06-08T11:33:02.565085,32.0,89.0,6738.93,74.5,123530867,64397800,136.53,0,344,SRV004,cache-server-01,eu-west-1,staging,187928667.97042397,0.2988505747126437,-69.0,0.4000000000000057,0.3957391304347826,0
2026-06-08T11:32:16.388014,88.5,84.2,6757.16,74.5,123285575,63494984,162.12,0,343,SRV003,database-server-01,us-east-1,production,186780559.83504674,1.014908256880734,36.8,1.1000000000000083,0.4712790697674419,0
2026-06-08T11:18:14.441285,12.8,87.9,6963.88,74.4,92702808,47244587,101.36,0,337,SRV002,api-server-01,ap-south-1,production,139947394.58685017,0.0978865406006674,-8.2,0.7000000000000028,0.2998816568047337,0
2026-06-08T11:33:06.704177,68.5,87.3,6759.52,74.5,123558923,64442561,89.35,0,344,SRV005,worker-server-01,ap-south-1,development,188001483.18626246,0.8762886597938144,50.5,0.2999999999999971,0.2589855072463768,0
2026-06-08T11:18:51.408384,24.9,88.9,6889.67,74.4,92847790,47350793,97.71,0,340,SRV003,database-server-01,us-east-1,production,140198581.2343332,0.1901012373453318,-15.200000000000005,0.2000000000000028,0.2865395894428152,0
2026-06-08T11:14:19.203948,40.2,91.5,6932.37,74.4,91398989,46499361,78.44,0,337,SRV004,cache-server-01,eu-west-1,staging,137898351.30930758,0.3597765363128491,-36.6,-0.7000000000000028,0.2320710059171597,0
2026-06-08T11:32:07.899937,48.8,90.0,6741.8,74.5,123243255,63241537,189.29,0,344,SRV001,web-server-01,ap-south-1,production,186484790.10792693,0.6183908045977011,-12.900000000000006,0.2000000000000028,0.5486666666666666,0
2026-06-08T11:32:03.675473,62.7,84.8,6726.21,74.5,123217811,63163739,130.41,0,344,SRV005,worker-server-01,ap-south-1,development,186381549.50504425,0.7684331797235023,-10.299999999999995,2.0999999999999943,0.378,0
2026-06-08T11:31:17.520297,58.0,96.5,7322.6,74.5,122930747,62632755,114.68,0,343,SRV004,cache-server-01,eu-west-1,staging,185563500.25850135,0.708994708994709,-19.200000000000003,0.2000000000000028,0.3333720930232558,1
2026-06-08T11:30:35.647864,53.0,92.0,7285.31,74.5,122713138,62063674,87.35,0,342,SRV004,cache-server-01,eu-west-1,staging,184776810.0830553,0.4893617021276595,21.4,-1.4000000000000057,0.2546647230320699,1
2026-06-08T11:32:33.174907,50.5,81.3,6605.03,74.5,123365416,63773682,163.49,0,343,SRV002,api-server-01,ap-south-1,production,187139096.57875234,0.6506447831184057,9.9,-2.0,0.4752616279069768,0
2026-06-08T11:15:39.510036,52.0,80.4,6691.67,74.4,92096755,46861913,87.54,0,338,SRV002,api-server-01,ap-south-1,production,138958668.12846893,0.4976851851851852,18.9,0.6000000000000085,0.2582300884955752,0
2026-06-08T11:14:56.193454,38.4,85.4,7080.66,74.4,91710325,46684108,117.15,0,336,SRV005,worker-server-01,ap-south-1,development,138394432.5166757,0.387308533916849,-26.9,-1.1999999999999886,0.3476261127596439,1
2026-06-08T11:20:54.800941,25.6,98.4,7393.33,74.4,93381171,48119443,111.01,0,338,SRV003,database-server-01,us-east-1,production,141500612.38796332,0.2578616352201258,7.400000000000002,0.6000000000000085,0.3274631268436578,1
2026-06-08T11:31:50.902397,59.0,86.1,6436.1,74.5,123154879,62951134,189.56,0,344,SRV002,api-server-01,ap-south-1,production,186106011.255463,0.8182912154031288,27.5,0.0999999999999943,0.5494492753623188,0
2026-06-08T11:13:17.694905,15.5,87.5,7245.87,74.4,91115694,45982198,103.63,0,337,SRV004,cache-server-01,eu-west-1,staging,137097892.80484915,0.1016042780748663,-38.4,0.5999999999999943,0.3065976331360946,1
2026-06-08T11:32:07.899937,47.8,83.0,6741.8,74.5,123243255,63241537,189.29,0,344,SRV001,web-server-01,ap-south-1,production,186484791.71382657,0.6183908045977011,-12.900000000000006,0.2000000000000028,0.5486666666666666,0
2026-06-08T11:33:10.974811,64.6,85.4,6767.39,74.5,123576736,64454808,230.11,0,344,SRV001,web-server-01,ap-south-1,production,188031543.61930054,0.8535469107551487,-1.9000000000000057,0.1000000000000085,0.6669855072463768,0
2026-06-08T11:32:33.174907,46.5,85.3,6605.03,74.5,123365416,63773682,163.49,0,343,SRV002,api-server-01,ap-south-1,production,187139099.14962667,0.6506447831184057,9.9,-2.0,0.4752616279069768,0
2026-06-08T11:31:05.004439,35.3,95.9,7280.51,74.5,122867986,62432082,157.84,0,343,SRV001,web-server-01,ap-south-1,production,185300067.15090305,0.4185303514376996,-40.900000000000006,-0.2999999999999971,0.4588372093023256,1
2026-06-08T11:15:20.974637,35.2,87.2,6594.36,74.4,92011208,46820800,110.81,0,338,SRV004,cache-server-01,eu-west-1,staging,138832006.79549012,0.3192488262910798,-15.8,-4.399999999999992,0.3268731563421829,0
2026-06-08T11:32:24.800675,63.4,81.3,6765.98,74.5,123324938,63583381,161.43,0,343,SRV005,worker-server-01,ap-south-1,development,186908318.9550393,0.7033218785796106,8.699999999999996,0.0,0.4692732558139535,0
2026-06-08T11:20:05.649186,19.6,92.6,7258.12,74.4,93184863,47661539,98.7,0,337,SRV005,worker-server-01,ap-south-1,development,140846400.4070279,0.2521367521367522,-19.3,0.0,0.2920118343195266,1
2026-06-08T11:18:32.975711,22.1,83.1,6827.21,74.4,92782931,47297903,203.74,0,340,SRV005,worker-server-01,ap-south-1,development,140080832.74938127,0.1940976163450624,-0.0999999999999978,1.5,0.5974780058651027,0
2026-06-08T11:32:03.675473,56.7,82.8,6726.21,74.5,123217811,63163739,130.41,0,344,SRV005,worker-server-01,ap-south-1,development,186381549.25091955,0.7684331797235023,-10.299999999999995,2.0999999999999943,0.378,0
2026-06-08T11:30:35.647864,49.0,89.0,7285.31,74.5,122713138,62063674,87.35,0,342,SRV004,cache-server-01,eu-west-1,staging,184776813.6373307,0.4893617021276595,21.4,-1.4000000000000057,0.2546647230320699,1
2026-06-08T11:16:35.112017,32.7,80.6,6710.79,74.4,92318275,46982427,83.27,0,336,SRV001,web-server-01,ap-south-1,production,139300700.62367043,0.4237875288683603,14.400000000000002,-0.8000000000000114,0.2470919881305638,0
2026-06-08T11:20:11.792144,1.5,87.7,7266.76,74.4,93214699,47681568,111.08,0,337,SRV001,web-server-01,ap-south-1,production,140896266.09037203,0.1013874066168623,-14.1,0.1000000000000085,0.3286390532544379,1
2026-06-08T11:32:45.770343,69.0,87.4,6771.26,74.5,123441047,64052264,103.9,0,344,SRV005,worker-server-01,ap-south-1,development,187493310.069299,0.8810068649885583,54.3,1.1000000000000083,0.3011594202898551,0
2026-06-08T11:30:56.609152,50.7,88.3,7229.7,74.5,122832024,62333146,163.84,0,343,SRV004,cache-server-01,eu-west-1,staging,185165168.14894903,0.4469453376205788,-29.599999999999994,-0.2000000000000028,0.4762790697674419,1
2026-06-08T11:33:15.173880,44.8,87.1,6748.42,74.5,123596304,64482183,174.88,0,344,SRV002,api-server-01,ap-south-1,production,188078487.10639307,0.5143513203214696,-29.8,-0.3000000000000113,0.5068985507246376,0
2026-06-08T11:15:58.145405,28.5,85.7,6790.75,74.4,92181695,46902466,182.86,0,338,SRV005,worker-server-01,ap-south-1,development,139084160.65291718,0.2223489167616875,-11.0,0.7000000000000028,0.5394100294985251,0
2026-06-08T11:31:38.415692,78.8,88.6,6629.71,74.5,123077280,62838072,60.56,0,343,SRV004,cache-server-01,eu-west-1,staging,185915353.34210598,0.897196261682243,-16.10000000000001,-10.100000000000009,0.176046511627907,0
2026-06-08T11:32:37.370048,80.3,84.7,6637.72,74.5,123391873,63894318,96.56,0,343,SRV003,database-server-01,us-east-1,production,187286192.43714675,1.0536756126021003,34.8,0.4000000000000057,0.2806976744186046,1
2026-06-08T11:31:42.532883,88.9,81.0,6425.05,74.5,123100787,62875623,57.28,0,344,SRV005,worker-server-01,ap-south-1,development,185976408.03590733,1.1674698795180725,20.10000000000001,-2.5999999999999943,0.1660289855072463,1
2026-06-08T11:31:50.902397,62.0,81.1,6436.1,74.5,123154879,62951134,189.56,0,344,SRV002,api-server-01,ap-south-1,production,186106014.1738192,0.8182912154031288,27.5,0.0999999999999943,0.5494492753623188,0
2026-06-08T11:16:59.791192,10.399999999999999,82.2,6751.6,74.4,92389506,47027987,119.21,0,336,SRV005,worker-server-01,ap-south-1,development,139417494.84739295,0.2224770642201834,-4.400000000000002,0.1000000000000085,0.3537388724035608,0
2026-06-08T11:31:55.088538,89.7,89.7,6872.24,74.5,123178364,62977072,121.51,0,344,SRV003,database-server-01,us-east-1,production,186155437.2438715,1.0901916572717023,28.700000000000003,5.6000000000000085,0.3522028985507247,1
2026-06-08T11:13:42.280798,29.7,86.7,6872.73,74.4,91181185,46028794,119.4,0,336,SRV003,database-server-01,us-east-1,production,137209980.5012669,0.3235625704622322,15.5,0.0,0.3543026706231454,0
2026-06-08T11:14:43.803217,39.7,92.5,7166.46,74.4,91480323,46551568,122.22,0,336,SRV003,database-server-01,us-east-1,production,138031889.2834278,0.3318918918918919,13.099999999999998,0.7000000000000028,0.3626706231454006,1
2026-06-08T11:20:11.792144,8.5,92.7,7266.76,74.4,93214699,47681568,111.08,0,337,SRV001,web-server-01,ap-south-1,production,140896265.60521913,0.1013874066168623,-14.1,0.1000000000000085,0.3286390532544379,1
2026-06-08T11:14:37.650710,17.6,85.8,7117.37,74.4,91443684,46531894,105.38,0,336,SRV002,api-server-01,ap-south-1,production,137975579.1947984,0.1917211328976035,-26.1,-0.7999999999999972,0.312700296735905,1
2026-06-08T11:32:45.770343,77.0,89.4,6771.26,74.5,123441047,64052264,103.9,0,344,SRV005,worker-server-01,ap-south-1,development,187493309.8313436,0.8810068649885583,54.3,1.1000000000000083,0.3011594202898551,0
2026-06-08T11:15:58.145405,26.5,85.7,6790.75,74.4,92181695,46902466,182.86,0,338,SRV005,worker-server-01,ap-south-1,development,139084162.44792858,0.2223489167616875,-11.0,0.7000000000000028,0.5394100294985251,0
2026-06-08T11:16:41.257898,34.6,84.5,6774.29,74.4,92336825,46994096,117.66,0,336,SRV002,api-server-01,ap-south-1,production,139330921.4324365,0.3611428571428571,-5.100000000000001,0.9000000000000057,0.3491394658753709,0
2026-06-08T11:33:15.173880,50.8,90.1,6748.42,74.5,123596304,64482183,174.88,0,344,SRV002,api-server-01,ap-south-1,production,188078486.69532764,0.5143513203214696,-29.8,-0.3000000000000113,0.5068985507246376,0
2026-06-08T11:16:22.837154,14.0,87.3,6762.44,74.4,92282454,46959767,200.64,0,336,SRV004,cache-server-01,eu-west-1,staging,139242219.85852075,0.1832760595647193,-6.399999999999999,-0.2000000000000028,0.5953709198813056,0
2026-06-08T11:14:06.934830,45.6,88.1,6823.69,74.4,91310075,46325200,124.7,0,337,SRV002,api-server-01,ap-south-1,production,137635276.52439848,0.5175936435868332,-6.699999999999996,-3.5,0.3689349112426036,0
2026-06-08T11:13:29.993599,20.8,91.0,6898.87,74.4,91152075,46006314,108.48,0,337,SRV001,web-server-01,ap-south-1,production,137158387.54806194,0.2786516853932584,-8.2,-4.599999999999994,0.3209467455621302,0
2026-06-08T11:17:24.385929,63.6,86.4,7005.46,74.4,92524129,47104396,133.09,0,336,SRV004,cache-server-01,eu-west-1,staging,139628524.01446983,0.6150442477876106,40.1,5.0,0.3949258160237389,0
2026-06-08T11:20:30.224148,28.299999999999997,96.4,7315.95,74.4,93277671,47718867,96.2,0,338,SRV004,cache-server-01,eu-west-1,staging,140996537.20509234,0.3527542372881355,17.299999999999997,0.1000000000000085,0.2837758112094395,1
2026-06-08T11:18:57.564095,35.9,93.1,6979.52,74.4,92876622,47375778,108.62,0,340,SRV004,cache-server-01,eu-west-1,staging,140252399.57148272,0.4539400665926748,24.0,1.1999999999999886,0.3185337243401759,0
2026-06-08T11:19:03.695792,11.600000000000001,86.1,6977.82,74.4,92903185,47472636,91.91,0,340,SRV005,worker-server-01,ap-south-1,development,140375821.85187525,0.2064372918978912,-22.3,0.0,0.2695307917888563,0
2026-06-08T11:31:30.217958,50.2,95.6,7332.95,74.5,122987424,62700565,172.29,0,343,SRV002,api-server-01,ap-south-1,production,185687988.40455565,0.5306553911205074,8.600000000000001,0.0,0.500843023255814,1
2026-06-08T11:31:59.294847,74.0,84.7,6560.95,74.5,123197071,63063170,177.82,0,344,SRV004,cache-server-01,eu-west-1,staging,186260241.7284266,0.9090909090909092,-19.700000000000003,-4.0,0.5154202898550725,0
2026-06-08T11:17:31.333238,4.1,87.1,6980.7,74.4,92548569,47123637,914.95,0,337,SRV005,worker-server-01,ap-south-1,development,139672207.43966016,0.1564927857935627,-41.5,-0.3000000000000113,2.7069526627218936,0
2026-06-08T11:19:16.006900,25.6,89.7,7030.89,74.4,92981258,47509532,126.31,0,340,SRV002,api-server-01,ap-south-1,production,140490788.72018737,0.2160970231532525,-14.0,0.0,0.3704105571847507,0
2026-06-08T11:15:27.144054,21.1,87.5,6624.39,74.4,92050410,46835498,141.2,0,338,SRV005,worker-server-01,ap-south-1,development,138885907.84034133,0.352046783625731,2.900000000000002,0.2999999999999971,0.4165191740412979,0
2026-06-08T11:31:42.532883,102.9,77.0,6425.05,74.5,123100787,62875623,57.28,0,344,SRV005,worker-server-01,ap-south-1,development,185976410.51890323,1.1674698795180725,20.10000000000001,-2.5999999999999943,0.1660289855072463,1
2026-06-08T11:17:37.474660,31.0,92.5,7014.91,74.4,92582628,47155186,102.45,0,337,SRV001,web-server-01,ap-south-1,production,139737812.49835294,0.3093922651933701,13.9,0.4000000000000057,0.3031065088757396,0
2026-06-08T11:14:37.650710,25.6,90.8,7117.37,74.4,91443684,46531894,105.38,0,336,SRV002,api-server-01,ap-south-1,production,137975577.08290076,0.1917211328976035,-26.1,-0.7999999999999972,0.312700296735905,1
2026-06-08T11:20:42.524038,36.4,97.8,7345.92,74.4,93331911,48084154,134.46,0,337,SRV001,web-server-01,ap-south-1,production,141416064.88416985,0.3417721518987341,0.3999999999999986,0.0,0.397810650887574,1
2026-06-08T11:20:30.224148,30.299999999999997,89.4,7315.95,74.4,93277671,47718867,96.2,0,338,SRV004,cache-server-01,eu-west-1,staging,140996536.2249394,0.3527542372881355,17.299999999999997,0.1000000000000085,0.2837758112094395,1
2026-06-08T11:15:02.542413,77.0,88.8,7115.2,74.4,91766263,46707296,100.35,0,338,SRV001,web-server-01,ap-south-1,production,138473558.98868886,0.8932461873638344,46.6,0.3999999999999915,0.2960176991150442,1
2026-06-08T11:30:39.833669,89.9,88.9,7283.15,74.5,122741354,62111451,91.87,0,343,SRV005,worker-server-01,ap-south-1,development,184852804.16231826,1.053248136315229,52.900000000000006,-0.0999999999999943,0.2670639534883721,1
2026-06-08T11:15:58.145405,24.5,82.7,6790.75,74.4,92181695,46902466,182.86,0,338,SRV005,worker-server-01,ap-south-1,development,139084162.6433469,0.2223489167616875,-11.0,0.7000000000000028,0.5394100294985251,0
2026-06-08T11:16:35.112017,44.7,87.6,6710.79,74.4,92318275,46982427,83.27,0,336,SRV001,web-server-01,ap-south-1,production,139300702.48442686,0.4237875288683603,14.400000000000002,-0.8000000000000114,0.2470919881305638,0
2026-06-08T11:15:02.542413,76.0,86.8,7115.2,74.4,91766263,46707296,100.35,0,338,SRV001,web-server-01,ap-south-1,production,138473560.75115034,0.8932461873638344,46.6,0.3999999999999915,0.2960176991150442,1
2026-06-08T11:30:44.012491,52.8,93.6,7252.98,74.5,122762316,62172183,158.09,0,342,SRV001,web-server-01,ap-south-1,production,184934500.03339678,0.5747863247863247,-45.10000000000001,-0.3000000000000113,0.4609037900874635,1
2026-06-08T11:33:06.704177,75.5,88.3,6759.52,74.5,123558923,64442561,89.35,0,344,SRV005,worker-server-01,ap-south-1,development,188001482.24286425,0.8762886597938144,50.5,0.2999999999999971,0.2589855072463768,0
2026-06-08T11:31:09.110406,61.400000000000006,95.9,7280.88,74.5,122891188,62493768,78.34,0,343,SRV002,api-server-01,ap-south-1,production,185384955.41326675,0.7284345047923323,29.10000000000001,0.0,0.2277325581395348,1
2026-06-08T11:16:35.112017,43.7,81.6,6710.79,74.4,92318275,46982427,83.27,0,336,SRV001,web-server-01,ap-south-1,production,139300702.53392667,0.4237875288683603,14.400000000000002,-0.8000000000000114,0.2470919881305638,0
2026-06-08T11:18:45.282146,24.1,86.7,6871.71,74.4,92822712,47332528,124.19,0,340,SRV002,api-server-01,ap-south-1,production,140155238.72286096,0.3618940248027057,-7.199999999999996,0.2000000000000028,0.3641935483870968,0
2026-06-08T11:18:32.975711,9.100000000000001,82.1,6827.21,74.4,92782931,47297903,203.74,0,340,SRV005,worker-server-01,ap-south-1,development,140080834.37984025,0.1940976163450624,-0.0999999999999978,1.5,0.5974780058651027,0
2026-06-08T11:17:05.935258,3.0,86.4,6771.88,74.4,92435082,47048159,97.86,0,336,SRV001,web-server-01,ap-south-1,production,139483240.03843862,0.11441647597254,-9.4,0.2000000000000028,0.2903857566765578,0
2026-06-08T11:18:51.408384,15.899999999999999,86.9,6889.67,74.4,92847790,47350793,97.71,0,340,SRV003,database-server-01,us-east-1,production,140198583.3056438,0.1901012373453318,-15.200000000000005,0.2000000000000028,0.2865395894428152,0
2026-06-08T11:15:39.510036,39.0,83.4,6691.67,74.4,92096755,46861913,87.54,0,338,SRV002,api-server-01,ap-south-1,production,138958668.72862396,0.4976851851851852,18.9,0.6000000000000085,0.2582300884955752,0
2026-06-08T11:30:52.409914,64.3,93.5,7246.98,74.5,122810789,62233168,158.48,0,343,SRV003,database-server-01,us-east-1,production,185043955.1279827,0.7625668449197861,7.0,0.0,0.4606976744186046,1
2026-06-08T11:19:16.006900,27.6,91.7,7030.89,74.4,92981258,47509532,126.31,0,340,SRV002,api-server-01,ap-south-1,production,140490789.9332233,0.2160970231532525,-14.0,0.0,0.3704105571847507,0
2026-06-08T11:33:06.704177,76.5,90.3,6759.52,74.5,123558923,64442561,89.35,0,344,SRV005,worker-server-01,ap-south-1,development,188001485.3800164,0.8762886597938144,50.5,0.2999999999999971,0.2589855072463768,0
2026-06-08T11:12:59.149714,39.6,85.6,7100.05,74.4,91043804,45926142,147.91,0,335,SRV001,web-server-01,ap-south-1,production,136969944.5171614,0.5305676855895197,0.0,0.0,0.4402083333333333,1
2026-06-08T11:14:19.203948,27.200000000000003,92.5,6932.37,74.4,91398989,46499361,78.44,0,337,SRV004,cache-server-01,eu-west-1,staging,137898349.67915946,0.3597765363128491,-36.6,-0.7000000000000028,0.2320710059171597,0
2026-06-08T11:18:39.120576,47.3,84.5,6855.0,74.4,92805699,47321315,113.83,0,342,SRV001,web-server-01,ap-south-1,production,140127014.1890915,0.4440677966101695,22.2,0.4000000000000057,0.331865889212828,0
2026-06-08T11:33:23.564465,34.9,90.6,6783.65,74.5,123649803,64554328,153.52,0,344,SRV004,cache-server-01,eu-west-1,staging,188204129.6680504,0.341324200913242,-61.00000000000001,0.0999999999999943,0.4449855072463768,0
2026-06-08T11:31:42.532883,99.9,84.0,6425.05,74.5,123100787,62875623,57.28,0,344,SRV005,worker-server-01,ap-south-1,development,185976410.91169155,1.1674698795180725,20.10000000000001,-2.5999999999999943,0.1660289855072463,1
2026-06-08T11:14:13.096646,62.8,91.2,6993.2,74.4,91362013,46478788,124.0,0,339,SRV003,database-server-01,us-east-1,production,137840800.71036312,0.7627494456762749,23.2,2.1000000000000085,0.3647058823529411,0
2026-06-08T11:14:13.096646,77.8,87.2,6993.2,74.4,91362013,46478788,124.0,0,339,SRV003,database-server-01,us-east-1,production,137840801.81732333,0.7627494456762749,23.2,2.1000000000000085,0.3647058823529411,0
2026-06-08T11:20:11.792144,12.5,93.7,7266.76,74.4,93214699,47681568,111.08,0,337,SRV001,web-server-01,ap-south-1,production,140896265.7765705,0.1013874066168623,-14.1,0.1000000000000085,0.3286390532544379,1
2026-06-08T11:20:11.792144,-0.5,87.7,7266.76,74.4,93214699,47681568,111.08,0,337,SRV001,web-server-01,ap-south-1,production,140896266.69794673,0.1013874066168623,-14.1,0.1000000000000085,0.3286390532544379,1
2026-06-08T11:31:00.806140,87.2,89.2,7301.48,74.5,122850757,62388746,110.34,0,345,SRV005,worker-server-01,ap-south-1,development,185239504.28954518,0.851380042462845,38.5,0.9000000000000057,0.3189017341040462,1
2026-06-08T11:18:14.441285,9.8,84.9,6963.88,74.4,92702808,47244587,101.36,0,337,SRV002,api-server-01,ap-south-1,production,139947396.91013023,0.0978865406006674,-8.2,0.7000000000000028,0.2998816568047337,0
2026-06-08T11:15:14.831093,41.0,90.6,6943.11,74.4,91855901,46754100,106.51,0,338,SRV003,database-server-01,us-east-1,production,138609999.67737576,0.4799107142857143,-10.799999999999995,-4.400000000000006,0.314188790560472,0
2026-06-08T11:32:33.174907,45.5,79.3,6605.03,74.5,123365416,63773682,163.49,0,343,SRV002,api-server-01,ap-south-1,production,187139096.38709912,0.6506447831184057,9.9,-2.0,0.4752616279069768,0
2026-06-08T11:14:43.803217,25.7,94.5,7166.46,74.4,91480323,46551568,122.22,0,336,SRV003,database-server-01,us-east-1,production,138031891.9959552,0.3318918918918919,13.099999999999998,0.7000000000000028,0.3626706231454006,1
2026-06-08T11:17:18.223309,5.5,88.4,6615.88,74.4,92502200,47075516,116.07,0,335,SRV003,database-server-01,us-east-1,production,139577715.7879796,0.1814988290398126,-3.3999999999999986,0.3000000000000113,0.3454464285714285,0
2026-06-08T11:32:58.362077,100.0,88.6,6708.72,74.5,123512584,64323053,166.94,0,344,SRV003,database-server-01,us-east-1,production,187835636.922677,1.0969976905311778,36.1,-0.8000000000000114,0.4838840579710144,1
2026-06-08T11:14:00.795334,55.3,85.6,7101.47,74.4,91239788,46199425,90.98,0,338,SRV001,web-server-01,ap-south-1,production,137439214.6834021,0.5709606986899564,38.7,1.5999999999999943,0.2683775811209439,1
2026-06-08T11:19:47.035267,28.200000000000003,91.8,7034.85,74.4,93098837,47614060,202.01,0,339,SRV002,api-server-01,ap-south-1,production,140712896.5290184,0.420704845814978,14.300000000000004,0.0999999999999943,0.5941470588235294,0
2026-06-08T11:19:53.257765,37.9,86.8,7038.45,74.4,93136085,47629083,149.86,0,339,SRV003,database-server-01,us-east-1,production,140765169.21418855,0.461453744493392,3.699999999999996,0.0,0.440764705882353,0
2026-06-08T11:18:08.298829,8.0,86.2,6913.36,74.4,92686497,47231295,100.68,0,337,SRV001,web-server-01,ap-south-1,production,139917790.309478,0.1905829596412556,10.5,-0.7000000000000028,0.2978698224852071,0
2026-06-08T11:30:39.833669,97.9,92.9,7283.15,74.5,122741354,62111451,91.87,0,343,SRV005,worker-server-01,ap-south-1,development,184852806.4398764,1.053248136315229,52.900000000000006,-0.0999999999999943,0.2670639534883721,1
2026-06-08T11:32:45.770343,80.0,89.4,6771.26,74.5,123441047,64052264,103.9,0,344,SRV005,worker-server-01,ap-south-1,development,187493310.02318174,0.8810068649885583,54.3,1.1000000000000083,0.3011594202898551,0
2026-06-08T11:31:50.902397,70.0,83.1,6436.1,74.5,123154879,62951134,189.56,0,344,SRV002,api-server-01,ap-south-1,production,186106013.26542166,0.8182912154031288,27.5,0.0999999999999943,0.5494492753623188,0
2026-06-08T11:31:42.532883,88.9,84.0,6425.05,74.5,123100787,62875623,57.28,0,344,SRV005,worker-server-01,ap-south-1,development,185976408.16009432,1.1674698795180725,20.10000000000001,-2.5999999999999943,0.1660289855072463,1
2026-06-08T11:30:44.012491,53.8,94.6,7252.98,74.5,122762316,62172183,158.09,0,342,SRV001,web-server-01,ap-south-1,production,184934499.52266315,0.5747863247863247,-45.10000000000001,-0.3000000000000113,0.4609037900874635,1
2026-06-08T11:17:37.474660,27.0,92.5,7014.91,74.4,92582628,47155186,102.45,0,337,SRV001,web-server-01,ap-south-1,production,139737815.1244495,0.3093922651933701,13.9,0.4000000000000057,0.3031065088757396,0
2026-06-08T11:19:28.479307,31.6,86.0,7051.77,74.4,93026812,47557716,170.71,0,340,SRV004,cache-server-01,eu-west-1,staging,140584526.603986,0.3912087912087912,24.1,0.0999999999999943,0.5006158357771261,0
2026-06-08T11:16:53.647754,29.8,84.1,6746.95,74.4,92369699,47015525,115.63,0,336,SRV004,cache-server-01,eu-west-1,staging,139385224.84604883,0.2732491389207807,11.1,-0.1000000000000085,0.3431157270029673,0
2026-06-08T11:33:23.564465,30.9,88.6,6783.65,74.5,123649803,64554328,153.52,0,344,SRV004,cache-server-01,eu-west-1,staging,188204131.5624489,0.341324200913242,-61.00000000000001,0.0999999999999943,0.4449855072463768,0
2026-06-08T11:17:18.223309,5.5,82.4,6615.88,74.4,92502200,47075516,116.07,0,335,SRV003,database-server-01,us-east-1,production,139577714.29945925,0.1814988290398126,-3.3999999999999986,0.3000000000000113,0.3454464285714285,0
2026-06-08T11:19:40.789986,25.9,88.7,7030.91,74.4,93076684,47597455,140.35,0,339,SRV001,web-server-01,ap-south-1,production,140674140.861326,0.2635060639470782,-2.1000000000000014,0.2999999999999971,0.4127941176470588,0
2026-06-08T11:32:58.362077,96.0,83.6,6708.72,74.5,123512584,64323053,166.94,0,344,SRV003,database-server-01,us-east-1,production,187835638.36809197,1.0969976905311778,36.1,-0.8000000000000114,0.4838840579710144,1
2026-06-08T11:32:16.388014,79.5,86.2,6757.16,74.5,123285575,63494984,162.12,0,343,SRV003,database-server-01,us-east-1,production,186780557.32062265,1.014908256880734,36.8,1.1000000000000083,0.4712790697674419,0
2026-06-08T11:13:36.117234,14.2,88.7,6874.81,74.4,91168862,46018511,96.06,0,336,SRV002,api-server-01,ap-south-1,production,137187372.29940704,0.1488162344983088,-11.6,-0.2999999999999971,0.2850445103857567,0
2026-06-08T11:32:12.077588,55.7,82.1,6665.66,74.5,123260520,63352172,154.57,0,344,SRV002,api-server-01,ap-south-1,production,186612692.51541856,0.6004645760743322,-2.0999999999999943,-0.9000000000000057,0.4480289855072463,0
2026-06-08T11:17:31.333238,23.1,86.1,6980.7,74.4,92548569,47123637,914.95,0,337,SRV005,worker-server-01,ap-south-1,development,139672206.96369547,0.1564927857935627,-41.5,-0.3000000000000113,2.7069526627218936,0
2026-06-08T11:20:36.368160,38.0,92.8,7352.41,74.4,93299560,47731010,120.52,0,337,SRV005,worker-server-01,ap-south-1,development,141030568.54301804,0.3375527426160337,-1.2999999999999972,0.3999999999999915,0.3565680473372781,1
2026-06-08T11:14:06.934830,40.6,87.1,6823.69,74.4,91310075,46325200,124.7,0,337,SRV002,api-server-01,ap-south-1,production,137635275.27721477,0.5175936435868332,-6.699999999999996,-3.5,0.3689349112426036,0
2026-06-08T11:17:05.935258,17.0,90.4,6771.88,74.4,92435082,47048159,97.86,0,336,SRV001,web-server-01,ap-south-1,production,139483240.62160936,0.11441647597254,-9.4,0.2000000000000028,0.2903857566765578,0
2026-06-08T11:14:50.020526,68.3,95.6,7178.71,74.4,91535975,46573727,111.33,0,336,SRV004,cache-server-01,eu-west-1,staging,138109703.82428312,0.6727861771058316,31.6,0.0999999999999943,0.3303560830860534,1
2026-06-08T11:18:20.585453,27.1,89.7,6712.98,74.4,92721960,47255427,113.42,0,337,SRV003,database-server-01,us-east-1,production,139977387.22494626,0.4048442906574394,26.3,-3.200000000000003,0.3355621301775148,0
2026-06-08T11:19:40.789986,32.9,89.7,7030.91,74.4,93076684,47597455,140.35,0,339,SRV001,web-server-01,ap-south-1,production,140674140.4287108,0.2635060639470782,-2.1000000000000014,0.2999999999999971,0.4127941176470588,0
2026-06-08T11:19:34.620600,30.0,92.4,7003.91,74.4,93056139,47585621,100.31,0,339,SRV005,worker-server-01,ap-south-1,development,140641758.27575886,0.2876106194690265,-9.6,-0.5999999999999943,0.2950294117647059,0
2026-06-08T11:16:16.602199,15.399999999999999,84.5,6777.17,74.4,92267654,46944309,92.35,0,336,SRV003,database-server-01,us-east-1,production,139211963.80645564,0.256,-4.700000000000003,0.0999999999999943,0.2740356083086053,0
2026-06-08T11:14:56.193454,29.4,90.4,7080.66,74.4,91710325,46684108,117.15,0,336,SRV005,worker-server-01,ap-south-1,development,138394431.04388753,0.387308533916849,-26.9,-1.1999999999999886,0.3476261127596439,1
2026-06-08T11:31:17.520297,64.0,91.5,7322.6,74.5,122930747,62632755,114.68,0,343,SRV004,cache-server-01,eu-west-1,staging,185563502.46657047,0.708994708994709,-19.200000000000003,0.2000000000000028,0.3333720930232558,1
2026-06-08T11:31:38.415692,74.8,87.6,6629.71,74.5,123077280,62838072,60.56,0,343,SRV004,cache-server-01,eu-west-1,staging,185915352.15706494,0.897196261682243,-16.10000000000001,-10.100000000000009,0.176046511627907,0
2026-06-08T11:31:50.902397,62.0,77.1,6436.1,74.5,123154879,62951134,189.56,0,344,SRV002,api-server-01,ap-south-1,production,186106014.0897774,0.8182912154031288,27.5,0.0999999999999943,0.5494492753623188,0
2026-06-08T11:17:37.474660,27.0,91.5,7014.91,74.4,92582628,47155186,102.45,0,337,SRV001,web-server-01,ap-south-1,production,139737813.08007818,0.3093922651933701,13.9,0.4000000000000057,0.3031065088757396,0
2026-06-08T11:31:09.110406,70.4,87.9,7280.88,74.5,122891188,62493768,78.34,0,343,SRV002,api-server-01,ap-south-1,production,185384955.25357997,0.7284345047923323,29.10000000000001,0.0,0.2277325581395348,1
2026-06-08T11:20:54.800941,31.6,97.4,7393.33,74.4,93381171,48119443,111.01,0,338,SRV003,database-server-01,us-east-1,production,141500612.90981576,0.2578616352201258,7.400000000000002,0.6000000000000085,0.3274631268436578,1
2026-06-08T11:20:36.368160,41.0,97.8,7352.41,74.4,93299560,47731010,120.52,0,337,SRV005,worker-server-01,ap-south-1,development,141030570.80886176,0.3375527426160337,-1.2999999999999972,0.3999999999999915,0.3565680473372781,1
2026-06-08T11:18:39.120576,47.3,91.5,6855.0,74.4,92805699,47321315,113.83,0,342,SRV001,web-server-01,ap-south-1,production,140127013.28274688,0.4440677966101695,22.2,0.4000000000000057,0.331865889212828,0
2026-06-08T11:13:11.540021,43.9,86.9,7200.05,74.4,91098973,45970633,170.59,0,337,SRV003,database-server-01,us-east-1,production,137069604.46732476,0.5156081808396125,21.5,0.9000000000000057,0.5047041420118343,1
2026-06-08T11:13:48.422920,24.8,89.6,6944.96,74.4,91201761,46048808,106.78,0,336,SRV004,cache-server-01,eu-west-1,staging,137250567.7600918,0.2879464285714286,-2.8999999999999986,0.8999999999999915,0.3168545994065282,0
2026-06-08T11:13:42.280798,18.7,89.7,6872.73,74.4,91181185,46028794,119.4,0,336,SRV003,database-server-01,us-east-1,production,137209979.82691595,0.3235625704622322,15.5,0.0,0.3543026706231454,0
2026-06-08T11:33:23.564465,21.9,87.6,6783.65,74.5,123649803,64554328,153.52,0,344,SRV004,cache-server-01,eu-west-1,staging,188204131.01145247,0.341324200913242,-61.00000000000001,0.0999999999999943,0.4449855072463768,0
2026-06-08T11:19:53.257765,31.9,89.8,7038.45,74.4,93136085,47629083,149.86,0,339,SRV003,database-server-01,us-east-1,production,140765167.40474603,0.461453744493392,3.699999999999996,0.0,0.440764705882353,0
2026-06-08T11:32:41.567763,27.7,88.3,6684.21,74.5,123409099,63932696,143.97,0,344,SRV004,cache-server-01,eu-west-1,staging,187341793.89437556,0.2630359212050985,-67.6,0.5999999999999943,0.4173043478260869,0
2026-06-08T11:20:36.368160,27.0,93.8,7352.41,74.4,93299560,47731010,120.52,0,337,SRV005,worker-server-01,ap-south-1,development,141030568.66167396,0.3375527426160337,-1.2999999999999972,0.3999999999999915,0.3565680473372781,1
2026-06-08T11:18:45.282146,26.1,86.7,6871.71,74.4,92822712,47332528,124.19,0,340,SRV002,api-server-01,ap-south-1,production,140155238.53857002,0.3618940248027057,-7.199999999999996,0.2000000000000028,0.3641935483870968,0
2026-06-08T11:15:27.144054,21.1,84.5,6624.39,74.4,92050410,46835498,141.2,0,338,SRV005,worker-server-01,ap-south-1,development,138885907.97247604,0.352046783625731,2.900000000000002,0.2999999999999971,0.4165191740412979,0
2026-06-08T11:31:25.907382,36.6,92.6,7332.55,74.5,122971678,62676994,180.05,0,343,SRV001,web-server-01,ap-south-1,production,185648673.32809106,0.4397463002114165,-30.300000000000004,0.0999999999999943,0.5234011627906977,1
2026-06-08T11:17:24.385929,48.6,85.4,7005.46,74.4,92524129,47104396,133.09,0,336,SRV004,cache-server-01,eu-west-1,staging,139628524.3183355,0.6150442477876106,40.1,5.0,0.3949258160237389,0
2026-06-08T11:31:13.299427,81.2,93.3,7313.95,74.5,122914542,62570882,163.12,0,343,SRV003,database-server-01,us-east-1,production,185485424.6855524,0.914103923647932,17.799999999999997,0.3999999999999915,0.4741860465116279,1
2026-06-08T11:13:29.993599,30.8,86.0,6898.87,74.4,91152075,46006314,108.48,0,337,SRV001,web-server-01,ap-south-1,production,137158390.68259987,0.2786516853932584,-8.2,-4.599999999999994,0.3209467455621302,0
2026-06-08T11:20:05.649186,30.6,92.6,7258.12,74.4,93184863,47661539,98.7,0,337,SRV005,worker-server-01,ap-south-1,development,140846403.5721031,0.2521367521367522,-19.3,0.0,0.2920118343195266,1
2026-06-08T11:19:16.006900,14.600000000000001,87.7,7030.89,74.4,92981258,47509532,126.31,0,340,SRV002,api-server-01,ap-south-1,production,140490789.27038878,0.2160970231532525,-14.0,0.0,0.3704105571847507,0
2026-06-08T11:31:25.907382,34.6,93.6,7332.55,74.5,122971678,62676994,180.05,0,343,SRV001,web-server-01,ap-south-1,production,185648671.78407273,0.4397463002114165,-30.300000000000004,0.0999999999999943,0.5234011627906977,1
2026-06-08T11:33:23.564465,31.9,87.6,6783.65,74.5,123649803,64554328,153.52,0,344,SRV004,cache-server-01,eu-west-1,staging,188204129.78509733,0.341324200913242,-61.00000000000001,0.0999999999999943,0.4449855072463768,0
2026-06-08T11:18:26.729159,22.2,84.6,6708.41,74.4,92742447,47266662,99.99,0,337,SRV004,cache-server-01,eu-west-1,staging,140009107.28721815,0.1986143187066974,-17.900000000000002,-0.1000000000000085,0.2958284023668638,0
2026-06-08T11:14:25.371100,25.5,84.3,6997.93,74.4,91412052,46509678,137.01,0,337,SRV005,worker-server-01,ap-south-1,development,137921728.4212835,0.3820598006644518,2.299999999999997,0.7999999999999972,0.4053550295857988,0
2026-06-08T11:13:05.314616,17.4,94.0,7129.16,74.4,91071166,45946253,136.55,0,337,SRV002,api-server-01,ap-south-1,production,137017418.26440182,0.2869565217391304,-22.200000000000003,0.4000000000000057,0.4039940828402367,1
2026-06-08T11:19:59.504498,43.9,87.6,7257.89,74.4,93162595,47647329,197.47,0,339,SRV004,cache-server-01,eu-west-1,staging,140809925.82833406,0.4583333333333333,1.0,2.799999999999997,0.5807941176470588,1
2026-06-08T11:32:20.576921,60.7,86.3,6765.6,74.5,123305354,63529661,153.81,0,343,SRV004,cache-server-01,eu-west-1,staging,186835015.72333017,0.6036655211912945,-35.8,0.0999999999999943,0.4471220930232558,0
2026-06-08T11:13:11.540021,42.9,92.9,7200.05,74.4,91098973,45970633,170.59,0,337,SRV003,database-server-01,us-east-1,production,137069605.982733,0.5156081808396125,21.5,0.9000000000000057,0.5047041420118343,1
2026-06-08T11:16:41.257898,24.6,86.5,6774.29,74.4,92336825,46994096,117.66,0,336,SRV002,api-server-01,ap-south-1,production,139330919.16485193,0.3611428571428571,-5.100000000000001,0.9000000000000057,0.3491394658753709,0
2026-06-08T11:32:12.077588,46.7,87.1,6665.66,74.5,123260520,63352172,154.57,0,344,SRV002,api-server-01,ap-south-1,production,186612691.54955292,0.6004645760743322,-2.0999999999999943,-0.9000000000000057,0.4480289855072463,0
2026-06-08T11:19:28.479307,40.6,92.0,7051.77,74.4,93026812,47557716,170.71,0,340,SRV004,cache-server-01,eu-west-1,staging,140584529.72417998,0.3912087912087912,24.1,0.0999999999999943,0.5006158357771261,0
2026-06-08T11:16:47.504036,2.6999999999999993,85.2,6752.13,74.4,92354975,47005463,199.93,0,336,SRV003,database-server-01,us-east-1,production,139360437.7802038,0.1456422018348623,-18.9,-0.2999999999999971,0.5932640949554896,0
2026-06-08T11:15:51.919492,25.5,86.0,6734.82,74.4,92138355,46886226,217.94,0,338,SRV004,cache-server-01,eu-west-1,staging,139024582.55654183,0.3505747126436782,9.4,0.5,0.6428908554572271,0
2026-06-08T11:18:08.298829,21.0,86.2,6913.36,74.4,92686497,47231295,100.68,0,337,SRV001,web-server-01,ap-south-1,production,139917792.2372847,0.1905829596412556,10.5,-0.7000000000000028,0.2978698224852071,0
2026-06-08T11:31:59.294847,78.0,84.7,6560.95,74.5,123197071,63063170,177.82,0,344,SRV004,cache-server-01,eu-west-1,staging,186260239.27773404,0.9090909090909092,-19.700000000000003,-4.0,0.5154202898550725,0
2026-06-08T11:32:16.388014,82.5,82.2,6757.16,74.5,123285575,63494984,162.12,0,343,SRV003,database-server-01,us-east-1,production,186780557.71089715,1.014908256880734,36.8,1.1000000000000083,0.4712790697674419,0
2026-06-08T11:20:30.224148,35.3,89.4,7315.95,74.4,93277671,47718867,96.2,0,338,SRV004,cache-server-01,eu-west-1,staging,140996539.09439772,0.3527542372881355,17.299999999999997,0.1000000000000085,0.2837758112094395,1
2026-06-08T11:17:43.618923,19.9,87.4,7005.16,74.4,92603901,47171633,109.59,0,338,SRV002,api-server-01,ap-south-1,production,139775535.09807447,0.1758849557522123,-12.1,-0.0999999999999943,0.3232743362831858,0
2026-06-08T11:14:43.803217,20.7,86.5,7166.46,74.4,91480323,46551568,122.22,0,336,SRV003,database-server-01,us-east-1,production,138031892.51507947,0.3318918918918919,13.099999999999998,0.7000000000000028,0.3626706231454006,1
2026-06-08T11:31:00.806140,77.2,93.2,7301.48,74.5,122850757,62388746,110.34,0,345,SRV005,worker-server-01,ap-south-1,development,185239502.3554623,0.851380042462845,38.5,0.9000000000000057,0.3189017341040462,1
2026-06-08T11:33:19.371107,93.9,89.5,6774.47,74.5,123623178,64522985,137.16,0,344,SRV003,database-server-01,us-east-1,production,188146162.14481035,1.038857142857143,46.10000000000001,0.4000000000000057,0.3975652173913043,1
2026-06-08T11:20:24.098528,18.0,88.3,7312.16,74.4,93258296,47706231,127.44,0,337,SRV003,database-server-01,us-east-1,production,140964525.50573444,0.1696712619300106,1.4000000000000004,0.2000000000000028,0.3770414201183432,1
2026-06-08T11:18:20.585453,39.1,82.7,6712.98,74.4,92721960,47255427,113.42,0,337,SRV003,database-server-01,us-east-1,production,139977388.59290317,0.4048442906574394,26.3,-3.200000000000003,0.3355621301775148,0
2026-06-08T11:15:27.144054,27.1,82.5,6624.39,74.4,92050410,46835498,141.2,0,338,SRV005,worker-server-01,ap-south-1,development,138885907.07290906,0.352046783625731,2.900000000000002,0.2999999999999971,0.4165191740412979,0
2026-06-08T11:18:20.585453,41.1,84.7,6712.98,74.4,92721960,47255427,113.42,0,337,SRV003,database-server-01,us-east-1,production,139977387.8079074,0.4048442906574394,26.3,-3.200000000000003,0.3355621301775148,0
2026-06-08T11:14:43.803217,31.7,87.5,7166.46,74.4,91480323,46551568,122.22,0,336,SRV003,database-server-01,us-east-1,production,138031889.03766933,0.3318918918918919,13.099999999999998,0.7000000000000028,0.3626706231454006,1
2026-06-08T11:18:02.152872,2.5,88.9,6966.63,74.4,92659485,47210974,205.53,0,338,SRV005,worker-server-01,ap-south-1,development,139870460.03036478,0.0723025583982202,-11.8,-1.0999999999999943,0.606283185840708,0
2026-06-08T11:13:54.662803,18.6,91.0,6971.2,74.4,91218270,46067689,202.41,0,336,SRV005,worker-server-01,ap-south-1,development,137285959.5392545,0.1511111111111111,-12.2,0.4000000000000057,0.6006231454005935,0
2026-06-08T11:31:42.532883,102.9,83.0,6425.05,74.5,123100787,62875623,57.28,0,344,SRV005,worker-server-01,ap-south-1,development,185976411.90455323,1.1674698795180725,20.10000000000001,-2.5999999999999943,0.1660289855072463,1
2026-06-08T11:30:48.215012,59.3,89.5,7244.77,74.5,122792602,62211313,162.08,0,343,SRV002,api-server-01,ap-south-1,production,185003914.14834034,0.6877005347593582,10.5,-0.0999999999999943,0.4711627906976744,1
2026-06-08T11:16:16.602199,17.4,83.5,6777.17,74.4,92267654,46944309,92.35,0,336,SRV003,database-server-01,us-east-1,production,139211964.36375058,0.256,-4.700000000000003,0.0999999999999943,0.2740356083086053,0
2026-06-08T11:33:19.371107,98.9,89.5,6774.47,74.5,123623178,64522985,137.16,0,344,SRV003,database-server-01,us-east-1,production,188146164.9870943,1.038857142857143,46.10000000000001,0.4000000000000057,0.3975652173913043,1
2026-06-08T11:13:54.662803,10.6,89.0,6971.2,74.4,91218270,46067689,202.41,0,336,SRV005,worker-server-01,ap-south-1,development,137285959.09766224,0.1511111111111111,-12.2,0.4000000000000057,0.6006231454005935,0
2026-06-08T11:14:50.020526,66.3,89.6,7178.71,74.4,91535975,46573727,111.33,0,336,SRV004,cache-server-01,eu-west-1,staging,138109701.28412148,0.6727861771058316,31.6,0.0999999999999943,0.3303560830860534,1
2026-06-08T11:31:42.532883,101.9,78.0,6425.05,74.5,123100787,62875623,57.28,0,344,SRV005,worker-server-01,ap-south-1,development,185976408.71663895,1.1674698795180725,20.10000000000001,-2.5999999999999943,0.1660289855072463,1
2026-06-08T11:16:28.992223,21.3,84.4,6769.2,74.4,92300417,46971160,122.62,0,336,SRV005,worker-server-01,ap-south-1,development,139271578.20705056,0.2551487414187643,6.300000000000001,0.1000000000000085,0.3638575667655786,0
2026-06-08T11:16:53.647754,13.8,83.1,6746.95,74.4,92369699,47015525,115.63,0,336,SRV004,cache-server-01,eu-west-1,staging,139385223.5068524,0.2732491389207807,11.1,-0.1000000000000085,0.3431157270029673,0
2026-06-08T11:19:22.263984,11.5,90.9,7041.53,74.4,93009124,47546089,220.92,0,340,SRV003,database-server-01,us-east-1,production,140555211.81183153,0.1265126512651265,-8.100000000000001,0.2000000000000028,0.6478592375366569,0
2026-06-08T11:12:59.149714,55.6,86.6,7100.05,74.4,91043804,45926142,147.91,0,335,SRV001,web-server-01,ap-south-1,production,136969947.79150245,0.5305676855895197,0.0,0.0,0.4402083333333333,1
2026-06-08T11:30:48.215012,63.3,87.5,7244.77,74.5,122792602,62211313,162.08,0,343,SRV002,api-server-01,ap-south-1,production,185003913.7122993,0.6877005347593582,10.5,-0.0999999999999943,0.4711627906976744,1
2026-06-08T11:16:59.791192,13.399999999999999,87.2,6751.6,74.4,92389506,47027987,119.21,0,336,SRV005,worker-server-01,ap-south-1,development,139417492.07123885,0.2224770642201834,-4.400000000000002,0.1000000000000085,0.3537388724035608,0
2026-06-08T11:20:11.792144,4.5,93.7,7266.76,74.4,93214699,47681568,111.08,0,337,SRV001,web-server-01,ap-south-1,production,140896266.3601534,0.1013874066168623,-14.1,0.1000000000000085,0.3286390532544379,1
2026-06-08T11:32:54.164046,51.9,89.4,6766.25,74.5,123480415,64243303,158.18,0,345,SRV002,api-server-01,ap-south-1,production,187723719.36531246,0.6739130434782609,11.6,0.0,0.4571676300578035,0
2026-06-08T11:14:25.371100,34.5,86.3,6997.93,74.4,91412052,46509678,137.01,0,337,SRV005,worker-server-01,ap-south-1,development,137921729.53670773,0.3820598006644518,2.299999999999997,0.7999999999999972,0.4053550295857988,0
2026-06-08T11:16:28.992223,25.3,85.4,6769.2,74.4,92300417,46971160,122.62,0,336,SRV005,worker-server-01,ap-south-1,development,139271576.25660953,0.2551487414187643,6.300000000000001,0.1000000000000085,0.3638575667655786,0
2026-06-08T11:31:55.088538,96.7,82.7,6872.24,74.5,123178364,62977072,121.51,0,344,SRV003,database-server-01,us-east-1,production,186155435.33083206,1.0901916572717023,28.700000000000003,5.6000000000000085,0.3522028985507247,1
2026-06-08T11:32:37.370048,86.3,85.7,6637.72,74.5,123391873,63894318,96.56,0,343,SRV003,database-server-01,us-east-1,production,187286189.91745323,1.0536756126021003,34.8,0.4000000000000057,0.2806976744186046,1
2026-06-08T11:19:09.839761,31.6,93.7,7026.97,74.4,92961957,47494540,108.88,0,340,SRV001,web-server-01,ap-south-1,production,140456495.99171898,0.37045203969129,15.0,0.6000000000000085,0.3192961876832844,0
2026-06-08T11:18:20.585453,31.1,88.7,6712.98,74.4,92721960,47255427,113.42,0,337,SRV003,database-server-01,us-east-1,production,139977387.71281627,0.4048442906574394,26.3,-3.200000000000003,0.3355621301775148,0
2026-06-08T11:33:23.564465,22.9,81.6,6783.65,74.5,123649803,64554328,153.52,0,344,SRV004,cache-server-01,eu-west-1,staging,188204129.87562382,0.341324200913242,-61.00000000000001,0.0999999999999943,0.4449855072463768,0
2026-06-08T11:32:07.899937,55.8,89.0,6741.8,74.5,123243255,63241537,189.29,0,344,SRV001,web-server-01,ap-south-1,production,186484793.57157516,0.6183908045977011,-12.900000000000006,0.2000000000000028,0.5486666666666666,0
2026-06-08T11:32:49.966233,48.3,87.4,6767.8,74.5,123461918,64134536,157.49,0,344,SRV001,web-server-01,ap-south-1,production,187596455.0475297,0.5411899313501144,-29.700000000000003,0.0,0.4564927536231884,0
2026-06-08T11:33:02.565085,33.0,82.0,6738.93,74.5,123530867,64397800,136.53,0,344,SRV004,cache-server-01,eu-west-1,staging,187928668.62495038,0.2988505747126437,-69.0,0.4000000000000057,0.3957391304347826,0
2026-06-08T11:19:22.263984,20.5,84.9,7041.53,74.4,93009124,47546089,220.92,0,340,SRV003,database-server-01,us-east-1,production,140555214.9709988,0.1265126512651265,-8.100000000000001,0.2000000000000028,0.6478592375366569,0
2026-06-08T11:16:35.112017,31.700000000000003,81.6,6710.79,74.4,92318275,46982427,83.27,0,336,SRV001,web-server-01,ap-south-1,production,139300703.23234442,0.4237875288683603,14.400000000000002,-0.8000000000000114,0.2470919881305638,0
2026-06-08T11:32:03.675473,68.7,84.8,6726.21,74.5,123217811,63163739,130.41,0,344,SRV005,worker-server-01,ap-south-1,development,186381548.81928283,0.7684331797235023,-10.299999999999995,2.0999999999999943,0.378,0
2026-06-08T11:14:50.020526,63.3,88.6,7178.71,74.4,91535975,46573727,111.33,0,336,SRV004,cache-server-01,eu-west-1,staging,138109703.53276905,0.6727861771058316,31.6,0.0999999999999943,0.3303560830860534,1
2026-06-08T11:15:58.145405,27.5,82.7,6790.75,74.4,92181695,46902466,182.86,0,338,SRV005,worker-server-01,ap-south-1,development,139084161.6278296,0.2223489167616875,-11.0,0.7000000000000028,0.5394100294985251,0
2026-06-08T11:14:43.803217,37.7,92.5,7166.46,74.4,91480323,46551568,122.22,0,336,SRV003,database-server-01,us-east-1,production,138031890.55616373,0.3318918918918919,13.099999999999998,0.7000000000000028,0.3626706231454006,1
2026-06-08T11:19:28.479307,35.6,90.0,7051.77,74.4,93026812,47557716,170.71,0,340,SRV004,cache-server-01,eu-west-1,staging,140584527.49202558,0.3912087912087912,24.1,0.0999999999999943,0.5006158357771261,0
2026-06-08T11:18:14.441285,16.8,85.9,6963.88,74.4,92702808,47244587,101.36,0,337,SRV002,api-server-01,ap-south-1,production,139947394.34212294,0.0978865406006674,-8.2,0.7000000000000028,0.2998816568047337,0
2026-06-08T11:32:45.770343,76.0,82.4,6771.26,74.5,123441047,64052264,103.9,0,344,SRV005,worker-server-01,ap-south-1,development,187493310.48943746,0.8810068649885583,54.3,1.1000000000000083,0.3011594202898551,0
2026-06-08T11:16:10.460365,27.1,88.4,6769.83,74.4,92224651,46927105,138.78,0,336,SRV002,api-server-01,ap-south-1,production,139151757.19735238,0.3100686498855835,-8.600000000000001,0.3000000000000113,0.4118100890207715,0
2026-06-08T11:18:26.729159,19.2,85.6,6708.41,74.4,92742447,47266662,99.99,0,337,SRV004,cache-server-01,eu-west-1,staging,140009109.65842733,0.1986143187066974,-17.900000000000002,-0.1000000000000085,0.2958284023668638,0
2026-06-08T11:16:28.992223,17.3,83.4,6769.2,74.4,92300417,46971160,122.62,0,336,SRV005,worker-server-01,ap-south-1,development,139271578.10901025,0.2551487414187643,6.300000000000001,0.1000000000000085,0.3638575667655786,0
2026-06-08T11:16:10.460365,29.1,86.4,6769.83,74.4,92224651,46927105,138.78,0,336,SRV002,api-server-01,ap-south-1,production,139151756.07021874,0.3100686498855835,-8.600000000000001,0.3000000000000113,0.4118100890207715,0
2026-06-08T11:16:22.837154,25.0,82.3,6762.44,74.4,92282454,46959767,200.64,0,336,SRV004,cache-server-01,eu-west-1,staging,139242222.04889834,0.1832760595647193,-6.399999999999999,-0.2000000000000028,0.5953709198813056,0
2026-06-08T11:30:39.833669,90.9,90.9,7283.15,74.5,122741354,62111451,91.87,0,343,SRV005,worker-server-01,ap-south-1,development,184852803.2103775,1.053248136315229,52.900000000000006,-0.0999999999999943,0.2670639534883721,1
2026-06-08T11:31:30.217958,40.2,95.6,7332.95,74.5,122987424,62700565,172.29,0,343,SRV002,api-server-01,ap-south-1,production,185687990.84861887,0.5306553911205074,8.600000000000001,0.0,0.500843023255814,1
2026-06-08T11:20:42.524038,29.4,90.8,7345.92,74.4,93331911,48084154,134.46,0,337,SRV001,web-server-01,ap-south-1,production,141416064.1938379,0.3417721518987341,0.3999999999999986,0.0,0.397810650887574,1
2026-06-08T11:31:25.907382,44.6,88.6,7332.55,74.5,122971678,62676994,180.05,0,343,SRV001,web-server-01,ap-south-1,production,185648673.90925378,0.4397463002114165,-30.300000000000004,0.0999999999999943,0.5234011627906977,1
2026-06-08T11:14:31.515623,52.7,91.6,7179.52,74.4,91428205,46520735,102.32,0,337,SRV001,web-server-01,ap-south-1,production,137948940.7536181,0.4719222462203024,9.200000000000005,2.299999999999997,0.3027218934911242,1
